  0
SECTION
  2
HEADER
  9
$ACADVER
  1
AC1021
  9
$ACADMAINTVER
 70
    25
  9
$DWGCODEPAGE
  3
ANSI_1252
  9
$LASTSAVEDBY
  1
kapso
  9
$INSBASE
 10
0.0
 20
0.0
 30
0.0
  9
$EXTMIN
 10
-100.299955
 20
-144.002582
 30
0.0
  9
$EXTMAX
 10
100.299955
 20
-102.997418
 30
0.0
  9
$LIMMIN
 10
0.0
 20
0.0
  9
$LIMMAX
 10
12.0
 20
9.0
  9
$ORTHOMODE
 70
     0
  9
$REGENMODE
 70
     1
  9
$FILLMODE
 70
     1
  9
$QTEXTMODE
 70
     0
  9
$MIRRTEXT
 70
     0
  9
$LTSCALE
 40
1.0
  9
$ATTMODE
 70
     1
  9
$TEXTSIZE
 40
0.2
  9
$TRACEWID
 40
0.05
  9
$TEXTSTYLE
  7
Standard
  9
$CLAYER
  8
0
  9
$CELTYPE
  6
ByLayer
  9
$CECOLOR
 62
   256
  9
$CELTSCALE
 40
1.0
  9
$DISPSILH
 70
     0
  9
$DIMSCALE
 40
1.0
  9
$DIMASZ
 40
0.18
  9
$DIMEXO
 40
0.0625
  9
$DIMDLI
 40
0.38
  9
$DIMRND
 40
0.0
  9
$DIMDLE
 40
0.0
  9
$DIMEXE
 40
0.18
  9
$DIMTP
 40
0.0
  9
$DIMTM
 40
0.0
  9
$DIMTXT
 40
0.18
  9
$DIMCEN
 40
0.09
  9
$DIMTSZ
 40
0.0
  9
$DIMTOL
 70
     0
  9
$DIMLIM
 70
     0
  9
$DIMTIH
 70
     1
  9
$DIMTOH
 70
     1
  9
$DIMSE1
 70
     0
  9
$DIMSE2
 70
     0
  9
$DIMTAD
 70
     0
  9
$DIMZIN
 70
     0
  9
$DIMBLK
  1

  9
$DIMASO
 70
     1
  9
$DIMSHO
 70
     1
  9
$DIMPOST
  1

  9
$DIMAPOST
  1

  9
$DIMALT
 70
     0
  9
$DIMALTD
 70
     2
  9
$DIMALTF
 40
25.4
  9
$DIMLFAC
 40
1.0
  9
$DIMTOFL
 70
     0
  9
$DIMTVP
 40
0.0
  9
$DIMTIX
 70
     0
  9
$DIMSOXD
 70
     0
  9
$DIMSAH
 70
     0
  9
$DIMBLK1
  1

  9
$DIMBLK2
  1

  9
$DIMSTYLE
  2
STANDARD_ACAD
  9
$DIMCLRD
 70
     0
  9
$DIMCLRE
 70
     0
  9
$DIMCLRT
 70
     0
  9
$DIMTFAC
 40
1.0
  9
$DIMGAP
 40
0.09
  9
$DIMJUST
 70
     0
  9
$DIMSD1
 70
     0
  9
$DIMSD2
 70
     0
  9
$DIMTOLJ
 70
     1
  9
$DIMTZIN
 70
     0
  9
$DIMALTZ
 70
     0
  9
$DIMALTTZ
 70
     0
  9
$DIMUPT
 70
     0
  9
$DIMDEC
 70
     4
  9
$DIMTDEC
 70
     4
  9
$DIMALTU
 70
     2
  9
$DIMALTTD
 70
     2
  9
$DIMTXSTY
  7
Standard
  9
$DIMAUNIT
 70
     0
  9
$DIMADEC
 70
     0
  9
$DIMALTRND
 40
0.0
  9
$DIMAZIN
 70
     0
  9
$DIMDSEP
 70
    46
  9
$DIMATFIT
 70
     3
  9
$DIMFRAC
 70
     0
  9
$DIMLDRBLK
  1

  9
$DIMLUNIT
 70
     2
  9
$DIMLWD
 70
    -2
  9
$DIMLWE
 70
    -2
  9
$DIMTMOVE
 70
     2
  9
$DIMFXL
 40
1.0
  9
$DIMFXLON
 70
     0
  9
$DIMJOGANG
 40
0.7853981633974483
  9
$DIMTFILL
 70
     0
  9
$DIMTFILLCLR
 70
     0
  9
$DIMARCSYM
 70
     0
  9
$DIMLTYPE
  6

  9
$DIMLTEX1
  6

  9
$DIMLTEX2
  6

  9
$LUNITS
 70
     2
  9
$LUPREC
 70
     3
  9
$SKETCHINC
 40
0.1
  9
$FILLETRAD
 40
0.0
  9
$AUNITS
 70
     0
  9
$AUPREC
 70
     0
  9
$MENU
  1
.
  9
$ELEVATION
 40
0.0
  9
$PELEVATION
 40
0.0
  9
$THICKNESS
 40
0.0
  9
$LIMCHECK
 70
     0
  9
$CHAMFERA
 40
0.0
  9
$CHAMFERB
 40
0.0
  9
$CHAMFERC
 40
0.0
  9
$CHAMFERD
 40
0.0
  9
$SKPOLY
 70
     0
  9
$TDCREATE
 40
2461155.516980915
  9
$TDUCREATE
 40
2461155.433647581
  9
$TDUPDATE
 40
2461155.516994699
  9
$TDUUPDATE
 40
2461155.433661366
  9
$TDINDWG
 40
0.0000000116
  9
$TDUSRTIMER
 40
0.0000000116
  9
$USRTIMER
 70
     1
  9
$ANGBASE
 50
0.0
  9
$ANGDIR
 70
     0
  9
$PDMODE
 70
     0
  9
$PDSIZE
 40
0.0
  9
$PLINEWID
 40
0.0
  9
$SPLFRAME
 70
     0
  9
$SPLINETYPE
 70
     6
  9
$SPLINESEGS
 70
     8
  9
$HANDSEED
  5
4E3
  9
$SURFTAB1
 70
     6
  9
$SURFTAB2
 70
     6
  9
$SURFTYPE
 70
     6
  9
$SURFU
 70
     6
  9
$SURFV
 70
     6
  9
$UCSBASE
  2

  9
$UCSNAME
  2

  9
$UCSORG
 10
0.0
 20
0.0
 30
0.0
  9
$UCSXDIR
 10
1.0
 20
0.0
 30
0.0
  9
$UCSYDIR
 10
0.0
 20
1.0
 30
0.0
  9
$UCSORTHOREF
  2

  9
$UCSORTHOVIEW
 70
     0
  9
$UCSORGTOP
 10
0.0
 20
0.0
 30
0.0
  9
$UCSORGBOTTOM
 10
0.0
 20
0.0
 30
0.0
  9
$UCSORGLEFT
 10
0.0
 20
0.0
 30
0.0
  9
$UCSORGRIGHT
 10
0.0
 20
0.0
 30
0.0
  9
$UCSORGFRONT
 10
0.0
 20
0.0
 30
0.0
  9
$UCSORGBACK
 10
0.0
 20
0.0
 30
0.0
  9
$PUCSBASE
  2

  9
$PUCSNAME
  2

  9
$PUCSORG
 10
0.0
 20
0.0
 30
0.0
  9
$PUCSXDIR
 10
1.0
 20
0.0
 30
0.0
  9
$PUCSYDIR
 10
0.0
 20
1.0
 30
0.0
  9
$PUCSORTHOREF
  2

  9
$PUCSORTHOVIEW
 70
     0
  9
$PUCSORGTOP
 10
0.0
 20
0.0
 30
0.0
  9
$PUCSORGBOTTOM
 10
0.0
 20
0.0
 30
0.0
  9
$PUCSORGLEFT
 10
0.0
 20
0.0
 30
0.0
  9
$PUCSORGRIGHT
 10
0.0
 20
0.0
 30
0.0
  9
$PUCSORGFRONT
 10
0.0
 20
0.0
 30
0.0
  9
$PUCSORGBACK
 10
0.0
 20
0.0
 30
0.0
  9
$USERI1
 70
     0
  9
$USERI2
 70
     0
  9
$USERI3
 70
     0
  9
$USERI4
 70
     0
  9
$USERI5
 70
     0
  9
$USERR1
 40
0.0
  9
$USERR2
 40
0.0
  9
$USERR3
 40
0.0
  9
$USERR4
 40
0.0
  9
$USERR5
 40
0.0
  9
$WORLDVIEW
 70
     1
  9
$SHADEDGE
 70
     3
  9
$SHADEDIF
 70
    70
  9
$TILEMODE
 70
     1
  9
$MAXACTVP
 70
    64
  9
$PINSBASE
 10
0.0
 20
0.0
 30
0.0
  9
$PLIMCHECK
 70
     0
  9
$PEXTMIN
 10
1.000000000000000E+20
 20
1.000000000000000E+20
 30
1.000000000000000E+20
  9
$PEXTMAX
 10
-1.000000000000000E+20
 20
-1.000000000000000E+20
 30
-1.000000000000000E+20
  9
$PLIMMIN
 10
0.0
 20
0.0
  9
$PLIMMAX
 10
12.0
 20
9.0
  9
$UNITMODE
 70
     0
  9
$VISRETAIN
 70
     1
  9
$PLINEGEN
 70
     0
  9
$PSLTSCALE
 70
     1
  9
$TREEDEPTH
 70
  3020
  9
$CMLSTYLE
  2
Standard
  9
$CMLJUST
 70
     0
  9
$CMLSCALE
 40
1.0
  9
$PROXYGRAPHICS
 70
     1
  9
$MEASUREMENT
 70
     1
  9
$CELWEIGHT
370
    -1
  9
$ENDCAPS
280
     0
  9
$JOINSTYLE
280
     0
  9
$LWDISPLAY
290
     0
  9
$INSUNITS
 70
     4
  9
$HYPERLINKBASE
  1

  9
$STYLESHEET
  1

  9
$XEDIT
290
     1
  9
$CEPSNTYPE
380
     0
  9
$PSTYLEMODE
290
     1
  9
$FINGERPRINTGUID
  2
{64ae85ec-bf2a-4e3d-b3ed-91243fe26277}
  9
$VERSIONGUID
  2
{FAEB1C32-E019-11D5-929B-00C0DF256EC4}
  9
$EXTNAMES
290
     1
  9
$PSVPSCALE
 40
0.0
  9
$OLESTARTUP
290
     0
  9
$SORTENTS
280
   127
  9
$INDEXCTL
280
     0
  9
$HIDETEXT
280
     1
  9
$XCLIPFRAME
290
     0
  9
$HALOGAP
280
     0
  9
$OBSCOLOR
 70
   257
  9
$OBSLTYPE
280
     0
  9
$INTERSECTIONDISPLAY
280
     0
  9
$INTERSECTIONCOLOR
 70
   257
  9
$DIMASSOC
280
     2
  9
$PROJECTNAME
  1

  9
$CAMERADISPLAY
290
     0
  9
$LENSLENGTH
 40
50.0
  9
$CAMERAHEIGHT
 40
0.0
  9
$STEPSPERSEC
 40
2.0
  9
$STEPSIZE
 40
6.0
  9
$3DDWFPREC
 40
2.0
  9
$PSOLWIDTH
 40
0.25
  9
$PSOLHEIGHT
 40
4.0
  9
$LOFTANG1
 40
1.570796326794897
  9
$LOFTANG2
 40
1.570796326794897
  9
$LOFTMAG1
 40
0.0
  9
$LOFTMAG2
 40
0.0
  9
$LOFTPARAM
 70
     7
  9
$LOFTNORMALS
280
     1
  9
$LATITUDE
 40
37.795
  9
$LONGITUDE
 40
-122.394
  9
$NORTHDIRECTION
 40
0.0
  9
$TIMEZONE
 70
 -8000
  9
$LIGHTGLYPHDISPLAY
280
     1
  9
$TILEMODELIGHTSYNCH
280
     1
  9
$CMATERIAL
347
44
  9
$SOLIDHIST
280
     0
  9
$SHOWHIST
280
     1
  9
$DWFFRAME
280
     2
  9
$DGNFRAME
280
     2
  9
$REALWORLDSCALE
290
     1
  9
$INTERFERECOLOR
 62
   256
  9
$CSHADOW
280
     0
  9
$SHADOWPLANELOCATION
 40
0.0
  0
ENDSEC
  0
SECTION
  2
CLASSES
  0
CLASS
  1
ACDBDICTIONARYWDFLT
  2
AcDbDictionaryWithDefault
  3
ObjectDBX Classes
 90
        0
 91
        3
280
     0
281
     0
  0
CLASS
  1
VISUALSTYLE
  2
AcDbVisualStyle
  3
ObjectDBX Classes
 90
     4095
 91
        3
280
     0
281
     0
  0
CLASS
  1
MATERIAL
  2
AcDbMaterial
  3
ObjectDBX Classes
 90
     1153
 91
        3
280
     0
281
     0
  0
CLASS
  1
SCALE
  2
AcDbScale
  3
ObjectDBX Classes
 90
     1153
 91
        3
280
     0
281
     0
  0
CLASS
  1
TABLESTYLE
  2
AcDbTableStyle
  3
ObjectDBX Classes
 90
     4095
 91
        3
280
     0
281
     0
  0
CLASS
  1
MLEADERSTYLE
  2
AcDbMLeaderStyle
  3
ACDB_MLEADERSTYLE_CLASS
 90
     4095
 91
        3
280
     0
281
     0
  0
CLASS
  1
SUN
  2
AcDbSun
  3
SCENEOE
 90
     1153
 91
        3
280
     0
281
     0
  0
CLASS
  1
DICTIONARYVAR
  2
AcDbDictionaryVar
  3
ObjectDBX Classes
 90
        0
 91
        3
280
     0
281
     0
  0
CLASS
  1
CELLSTYLEMAP
  2
AcDbCellStyleMap
  3
ObjectDBX Classes
 90
     1152
 91
        3
280
     0
281
     0
  0
ENDSEC
  0
SECTION
  2
TABLES
  0
TABLE
  2
VPORT
  5
8
330
0
100
AcDbSymbolTable
 70
     1
  0
VPORT
  5
29
330
8
100
AcDbSymbolTableRecord
100
AcDbViewportTableRecord
  2
*Active
 70
     0
 10
0.0
 20
0.0
 11
1.0
 21
1.0
 12
10.42990654205607
 22
4.5
 13
0.0
 23
0.0
 14
0.5
 24
0.5
 15
0.5
 25
0.5
 16
0.0
 26
0.0
 36
1.0
 17
0.0
 27
0.0
 37
0.0
 40
9.0
 41
1.972972972850329
 42
50.0
 43
0.0
 44
0.0
 50
0.0
 51
0.0
 71
     0
 72
   100
 73
     1
 74
     3
 75
     0
 76
     0
 77
     0
 78
     0
281
     0
 65
     1
110
0.0
120
0.0
130
0.0
111
1.0
121
0.0
131
0.0
112
0.0
122
1.0
132
0.0
 79
     0
146
0.0
348
2F
 60
     3
 61
     5
292
     1
282
     1
141
0.0
142
0.0
 63
   250
361
5D
  0
ENDTAB
  0
TABLE
  2
LTYPE
  5
5
330
0
100
AcDbSymbolTable
 70
     1
  0
LTYPE
  5
14
330
5
100
AcDbSymbolTableRecord
100
AcDbLinetypeTableRecord
  2
ByBlock
 70
     0
  3

 72
    65
 73
     0
 40
0.0
  0
LTYPE
  5
15
330
5
100
AcDbSymbolTableRecord
100
AcDbLinetypeTableRecord
  2
ByLayer
 70
     0
  3

 72
    65
 73
     0
 40
0.0
  0
LTYPE
  5
16
330
5
100
AcDbSymbolTableRecord
100
AcDbLinetypeTableRecord
  2
Continuous
 70
     0
  3
Solid line
 72
    65
 73
     0
 40
0.0
  0
ENDTAB
  0
TABLE
  2
LAYER
  5
2
330
0
100
AcDbSymbolTable
 70
     2
  0
LAYER
  5
10
330
2
100
AcDbSymbolTableRecord
100
AcDbLayerTableRecord
  2
0
 70
     0
 62
     7
  6
Continuous
370
    -3
390
F
347
46
  0
LAYER
  5
284
330
2
100
AcDbSymbolTableRecord
100
AcDbLayerTableRecord
  2
PROFIL
 70
     0
 62
     5
420
      255
  6
Continuous
370
    -3
390
F
347
46
  0
ENDTAB
  0
TABLE
  2
STYLE
  5
3
330
0
100
AcDbSymbolTable
 70
     1
  0
STYLE
  5
11
330
3
100
AcDbSymbolTableRecord
100
AcDbTextStyleTableRecord
  2
Standard
 70
     0
 40
0.0
 41
1.0
 50
0.0
 71
     0
 42
0.2
  3
txt
  4

  0
ENDTAB
  0
TABLE
  2
VIEW
  5
6
330
0
100
AcDbSymbolTable
 70
     0
  0
ENDTAB
  0
TABLE
  2
UCS
  5
7
330
0
100
AcDbSymbolTable
 70
     0
  0
ENDTAB
  0
TABLE
  2
APPID
  5
9
330
0
100
AcDbSymbolTable
 70
     3
  0
APPID
  5
12
330
9
100
AcDbSymbolTableRecord
100
AcDbRegAppTableRecord
  2
ACAD
 70
     0
  0
APPID
  5
5E
330
9
100
AcDbSymbolTableRecord
100
AcDbRegAppTableRecord
  2
Rhino
 70
     0
  0
APPID
  5
4DB
330
9
100
AcDbSymbolTableRecord
100
AcDbRegAppTableRecord
  2
ACAD_MLEADERVER
 70
     0
  0
ENDTAB
  0
TABLE
  2
DIMSTYLE
  5
A
330
0
100
AcDbSymbolTable
 70
     1
100
AcDbDimStyleTable
  0
DIMSTYLE
105
27
330
A
100
AcDbSymbolTableRecord
100
AcDbDimStyleTableRecord
  2
STANDARD_ACAD
 70
     0
178
     0
340
11
  0
ENDTAB
  0
TABLE
  2
BLOCK_RECORD
  5
1
330
0
100
AcDbSymbolTable
 70
     1
  0
BLOCK_RECORD
  5
1F
330
1
100
AcDbSymbolTableRecord
100
AcDbBlockTableRecord
  2
*Model_Space
340
22
 70
     0
280
     1
281
     0
  0
BLOCK_RECORD
  5
1B
330
1
100
AcDbSymbolTableRecord
100
AcDbBlockTableRecord
  2
*Paper_Space
340
1E
 70
     0
280
     1
281
     0
  0
BLOCK_RECORD
  5
23
330
1
100
AcDbSymbolTableRecord
100
AcDbBlockTableRecord
  2
*Paper_Space0
340
26
 70
     0
280
     1
281
     0
  0
ENDTAB
  0
ENDSEC
  0
SECTION
  2
BLOCKS
  0
BLOCK
  5
20
330
1F
100
AcDbEntity
  8
0
100
AcDbBlockBegin
  2
*Model_Space
 70
     0
 10
0.0
 20
0.0
 30
0.0
  3
*Model_Space
  1

  0
ENDBLK
  5
21
330
1F
100
AcDbEntity
  8
0
100
AcDbBlockEnd
  0
BLOCK
  5
1C
330
1B
100
AcDbEntity
 67
     1
  8
0
100
AcDbBlockBegin
  2
*Paper_Space
 70
     0
 10
0.0
 20
0.0
 30
0.0
  3
*Paper_Space
  1

  0
ENDBLK
  5
1D
330
1B
100
AcDbEntity
 67
     1
  8
0
100
AcDbBlockEnd
  0
BLOCK
  5
24
330
23
100
AcDbEntity
  8
0
100
AcDbBlockBegin
  2
*Paper_Space0
 70
     0
 10
0.0
 20
0.0
 30
0.0
  3
*Paper_Space0
  1

  0
ENDBLK
  5
25
330
23
100
AcDbEntity
  8
0
100
AcDbBlockEnd
  0
ENDSEC
  0
SECTION
  2
ENTITIES
  0
LINE
  5
5F
330
1F
100
AcDbEntity
  8
0
  6
Continuous
 62
    18
420
  4980736
100
AcDbLine
 10
78.900358
 20
-104.6
 30
0.0
 11
98.0
 21
-104.6
 31
0.0
  0
LINE
  5
60
330
1F
100
AcDbEntity
  8
0
  6
Continuous
 62
    18
420
  4980736
100
AcDbLine
 10
98.0
 20
-142.4
 30
0.0
 11
78.900358
 21
-142.4
 31
0.0
  0
LINE
  5
61
330
1F
100
AcDbEntity
  8
0
  6
Continuous
 62
    18
420
  4980736
100
AcDbLine
 10
-78.900358
 20
-104.6
 30
0.0
 11
-98.0
 21
-104.6
 31
0.0
  0
LINE
  5
62
330
1F
100
AcDbEntity
  8
0
  6
Continuous
 62
    18
420
  4980736
100
AcDbLine
 10
-98.0
 20
-142.4
 30
0.0
 11
-78.900358
 21
-142.4
 31
0.0
  0
LINE
  5
63
330
1F
100
AcDbEntity
  8
0
  6
Continuous
 62
    18
420
  4980736
100
AcDbLine
 10
22.5
 20
-113.0
 30
0.0
 11
12.5
 21
-113.0
 31
0.0
  0
LINE
  5
64
330
1F
100
AcDbEntity
  8
0
  6
Continuous
 62
    18
420
  4980736
100
AcDbLine
 10
12.5
 20
-134.0
 30
0.0
 11
22.5
 21
-134.0
 31
0.0
  0
LINE
  5
65
330
1F
100
AcDbEntity
  8
0
  6
Continuous
 62
    18
420
  4980736
100
AcDbLine
 10
22.5
 20
-134.0
 30
0.0
 11
24.1
 21
-132.4
 31
0.0
  0
LINE
  5
66
330
1F
100
AcDbEntity
  8
0
  6
Continuous
 62
    18
420
  4980736
100
AcDbLine
 10
24.1
 20
-132.4
 30
0.0
 11
59.179492
 21
-132.4
 31
0.0
  0
ARC
  5
67
330
1F
100
AcDbEntity
  8
0
  6
Continuous
 62
    18
420
  4980736
100
AcDbCircle
 10
59.179492
 20
-152.4
 30
0.0
 40
20.0
100
AcDbArc
 50
30.0
 51
90.0
  0
LINE
  5
68
330
1F
100
AcDbEntity
  8
0
  6
Continuous
 62
    18
420
  4980736
100
AcDbLine
 10
76.5
 20
-142.4
 30
0.0
 11
78.900358
 21
-142.4
 31
0.0
  0
LINE
  5
69
330
1F
100
AcDbEntity
  8
0
  6
Continuous
 62
    18
420
  4980736
100
AcDbLine
 10
78.900358
 20
-144.0
 30
0.0
 11
78.900358
 21
-142.4
 31
0.0
  0
LINE
  5
6A
330
1F
100
AcDbEntity
  8
0
  6
Continuous
 62
    18
420
  4980736
100
AcDbLine
 10
24.1
 20
-114.6
 30
0.0
 11
22.5
 21
-113.0
 31
0.0
  0
LINE
  5
6B
330
1F
100
AcDbEntity
  8
0
  6
Continuous
 62
    18
420
  4980736
100
AcDbLine
 10
59.179492
 20
-114.6
 30
0.0
 11
24.1
 21
-114.6
 31
0.0
  0
ARC
  5
6C
330
1F
100
AcDbEntity
  8
0
  6
Continuous
 62
    18
420
  4980736
100
AcDbCircle
 10
59.179492
 20
-94.6
 30
0.0
 40
20.0
100
AcDbArc
 50
270.0
 51
330.0
  0
LINE
  5
6D
330
1F
100
AcDbEntity
  8
0
  6
Continuous
 62
    18
420
  4980736
100
AcDbLine
 10
98.0
 20
-142.4
 30
0.0
 11
98.0
 21
-104.6
 31
0.0
  0
LINE
  5
6E
330
1F
100
AcDbEntity
  8
0
  6
Continuous
 62
    18
420
  4980736
100
AcDbLine
 10
78.900358
 20
-104.6
 30
0.0
 11
76.5
 21
-104.6
 31
0.0
  0
LINE
  5
6F
330
1F
100
AcDbEntity
  8
0
  6
Continuous
 62
    18
420
  4980736
100
AcDbLine
 10
78.900358
 20
-103.0
 30
0.0
 11
78.900358
 21
-104.6
 31
0.0
  0
POLYLINE
  5
70
330
1F
100
AcDbEntity
  8
0
  6
Continuous
 62
    18
420
  4980736
100
AcDb2dPolyline
 66
     1
 10
0.0
 20
0.0
 30
0.0
  0
VERTEX
  5
71
330
70
100
AcDbEntity
  8
0
  6
Continuous
 62
    18
420
  4980736
100
AcDbVertex
100
AcDb2dVertex
 10
100.0
 20
-144.0
 30
0.0
  0
VERTEX
  5
72
330
70
100
AcDbEntity
  8
0
  6
Continuous
 62
    18
420
  4980736
100
AcDbVertex
100
AcDb2dVertex
 10
78.900358
 20
-144.0
 30
0.0
  0
SEQEND
  5
73
330
70
100
AcDbEntity
  8
0
  6
Continuous
 62
    18
420
  4980736
  0
LINE
  5
74
330
1F
100
AcDbEntity
  8
0
  6
Continuous
 62
    18
420
  4980736
100
AcDbLine
 10
78.900358
 20
-103.0
 30
0.0
 11
100.0
 21
-103.0
 31
0.0
  0
LINE
  5
75
330
1F
100
AcDbEntity
  8
0
  6
Continuous
 62
    18
420
  4980736
100
AcDbLine
 10
100.0
 20
-103.0
 30
0.0
 11
100.0
 21
-144.0
 31
0.0
  0
CIRCLE
  5
76
330
1F
100
AcDbEntity
  8
0
  6
Continuous
 62
    18
420
  4980736
100
AcDbCircle
 10
77.737597
 20
-129.556718
 30
0.0
 40
0.947214
  0
CIRCLE
  5
77
330
1F
100
AcDbEntity
  8
0
  6
Continuous
 62
    18
420
  4980736
100
AcDbCircle
 10
77.737597
 20
-129.556718
 30
0.0
 40
1.466668
  0
ARC
  5
78
330
1F
100
AcDbEntity
  8
0
  6
Continuous
 62
    18
420
  4980736
100
AcDbCircle
 10
78.102904
 20
-130.141347
 30
0.0
 40
0.228147
100
AcDbArc
 50
77.00024400000059
 51
166.9996410000004
  0
LINE
  5
79
330
1F
100
AcDbEntity
  8
0
  6
Continuous
 62
    18
420
  4980736
100
AcDbLine
 10
78.154225
 20
-129.919047
 30
0.0
 11
78.266685
 21
-129.945009
 31
0.0
  0
ARC
  5
7A
330
1F
100
AcDbEntity
  8
0
  6
Continuous
 62
    18
420
  4980736
100
AcDbCircle
 10
78.28868
 20
-129.849738
 30
0.0
 40
0.097777
100
AcDbArc
 50
256.9998419999993
 51
47.00015800000879
  0
LINE
  5
7B
330
1F
100
AcDbEntity
  8
0
  6
Continuous
 62
    18
420
  4980736
100
AcDbLine
 10
78.355364
 20
-129.778228
 30
0.0
 11
78.270958
 21
-129.69952
 31
0.0
  0
ARC
  5
7C
330
1F
100
AcDbEntity
  8
0
  6
Continuous
 62
    18
420
  4980736
100
AcDbCircle
 10
78.426555
 20
-129.532664
 30
0.0
 40
0.228148
100
AcDbArc
 50
136.9998370000013
 51
226.9998370000037
  0
LINE
  5
7D
330
1F
100
AcDbEntity
  8
0
  6
Continuous
 62
    18
420
  4980736
100
AcDbLine
 10
78.259698
 20
-129.377067
 30
0.0
 11
78.33841
 21
-129.29266
 31
0.0
  0
ARC
  5
7E
330
1F
100
AcDbEntity
  8
0
  6
Continuous
 62
    18
420
  4980736
100
AcDbCircle
 10
78.266901
 20
-129.225977
 30
0.0
 40
0.097776
100
AcDbArc
 50
316.9998379999979
 51
107.0008989999977
  0
LINE
  5
7F
330
1F
100
AcDbEntity
  8
0
  6
Continuous
 62
    18
420
  4980736
100
AcDbLine
 10
78.238313
 20
-129.132473
 30
0.0
 11
78.127942
 21
-129.166215
 31
0.0
  0
ARC
  5
80
330
1F
100
AcDbEntity
  8
0
  6
Continuous
 62
    18
420
  4980736
100
AcDbCircle
 10
78.061243
 20
-128.948034
 30
0.0
 40
0.228148
100
AcDbArc
 50
196.9995580000004
 51
286.9986750000018
  0
LINE
  5
81
330
1F
100
AcDbEntity
  8
0
  6
Continuous
 62
    18
420
  4980736
100
AcDbLine
 10
77.843063
 20
-129.014736
 30
0.0
 11
77.809323
 21
-128.904369
 31
0.0
  0
ARC
  5
82
330
1F
100
AcDbEntity
  8
0
  6
Continuous
 62
    18
420
  4980736
100
AcDbCircle
 10
77.715818
 20
-128.932956
 30
0.0
 40
0.097777
100
AcDbArc
 50
16.9997540000035
 51
167.0008150000061
  0
LINE
  5
83
330
1F
100
AcDbEntity
  8
0
  6
Continuous
 62
    18
420
  4980736
100
AcDbLine
 10
77.620546
 20
-128.910962
 30
0.0
 11
77.594584
 21
-129.023414
 31
0.0
  0
ARC
  5
84
330
1F
100
AcDbEntity
  8
0
  6
Continuous
 62
    18
420
  4980736
100
AcDbCircle
 10
77.372284
 20
-128.972092
 30
0.0
 40
0.228148
100
AcDbArc
 50
257.0001630000003
 51
347.0001629999961
  0
LINE
  5
85
330
1F
100
AcDbEntity
  8
0
  6
Continuous
 62
    18
420
  4980736
100
AcDbLine
 10
77.320962
 20
-129.194393
 30
0.0
 11
77.208509
 21
-129.168429
 31
0.0
  0
ARC
  5
86
330
1F
100
AcDbEntity
  8
0
  6
Continuous
 62
    18
420
  4980736
100
AcDbCircle
 10
77.186513
 20
-129.2637
 30
0.0
 40
0.097777
100
AcDbArc
 50
76.99984199999935
 51
227.0001580000088
  0
LINE
  5
87
330
1F
100
AcDbEntity
  8
0
  6
Continuous
 62
    18
420
  4980736
100
AcDbLine
 10
77.11983
 20
-129.335209
 30
0.0
 11
77.20423
 21
-129.413917
 31
0.0
  0
ARC
  5
88
330
1F
100
AcDbEntity
  8
0
  6
Continuous
 62
    18
420
  4980736
100
AcDbCircle
 10
77.048633
 20
-129.580774
 30
0.0
 40
0.228148
100
AcDbArc
 50
316.9998370000013
 51
46.99983700000374
  0
LINE
  5
89
330
1F
100
AcDbEntity
  8
0
  6
Continuous
 62
    18
420
  4980736
100
AcDbLine
 10
77.21549
 20
-129.73637
 30
0.0
 11
77.136781
 21
-129.820776
 31
0.0
  0
ARC
  5
8A
330
1F
100
AcDbEntity
  8
0
  6
Continuous
 62
    18
420
  4980736
100
AcDbCircle
 10
77.20829
 20
-129.88746
 30
0.0
 40
0.097776
100
AcDbArc
 50
136.9998379999979
 51
287.0008989999976
  0
LINE
  5
8B
330
1F
100
AcDbEntity
  8
0
  6
Continuous
 62
    18
420
  4980736
100
AcDbLine
 10
77.236879
 20
-129.980963
 30
0.0
 11
77.347248
 21
-129.947224
 31
0.0
  0
ARC
  5
8C
330
1F
100
AcDbEntity
  8
0
  6
Continuous
 62
    18
420
  4980736
100
AcDbCircle
 10
77.413946
 20
-130.165404
 30
0.0
 40
0.228147
100
AcDbArc
 50
16.99977900000285
 51
106.998453999999
  0
LINE
  5
8D
330
1F
100
AcDbEntity
  8
0
  6
Continuous
 62
    18
420
  4980736
100
AcDbLine
 10
77.632125
 20
-130.098701
 30
0.0
 11
77.665869
 21
-130.209067
 31
0.0
  0
ARC
  5
8E
330
1F
100
AcDbEntity
  8
0
  6
Continuous
 62
    18
420
  4980736
100
AcDbCircle
 10
77.759374
 20
-130.18048
 30
0.0
 40
0.097777
100
AcDbArc
 50
196.9997540000035
 51
347.0008150000061
  0
LINE
  5
8F
330
1F
100
AcDbEntity
  8
0
  6
Continuous
 62
    18
420
  4980736
100
AcDbLine
 10
77.854645
 20
-130.202474
 30
0.0
 11
77.880604
 21
-130.090024
 31
0.0
  0
POLYLINE
  5
90
330
1F
100
AcDbEntity
  8
0
  6
Continuous
 62
    18
420
  4980736
100
AcDb2dPolyline
 66
     1
 10
0.0
 20
0.0
 30
0.0
  0
VERTEX
  5
91
330
90
100
AcDbEntity
  8
0
  6
Continuous
 62
    18
420
  4980736
100
AcDbVertex
100
AcDb2dVertex
 10
79.473625
 20
-133.723384
 30
0.0
  0
VERTEX
  5
92
330
90
100
AcDbEntity
  8
0
  6
Continuous
 62
    18
420
  4980736
100
AcDbVertex
100
AcDb2dVertex
 10
79.473625
 20
-131.739455
 30
0.0
  0
SEQEND
  5
93
330
90
100
AcDbEntity
  8
0
  6
Continuous
 62
    18
420
  4980736
  0
POLYLINE
  5
94
330
1F
100
AcDbEntity
  8
0
  6
Continuous
 62
    18
420
  4980736
100
AcDb2dPolyline
 66
     1
 10
0.0
 20
0.0
 30
0.0
  0
VERTEX
  5
95
330
94
100
AcDbEntity
  8
0
  6
Continuous
 62
    18
420
  4980736
100
AcDbVertex
100
AcDb2dVertex
 10
79.473625
 20
-127.373988
 30
0.0
  0
VERTEX
  5
96
330
94
100
AcDbEntity
  8
0
  6
Continuous
 62
    18
420
  4980736
100
AcDbVertex
100
AcDb2dVertex
 10
79.473625
 20
-121.886379
 30
0.0
  0
SEQEND
  5
97
330
94
100
AcDbEntity
  8
0
  6
Continuous
 62
    18
420
  4980736
  0
POLYLINE
  5
98
330
1F
100
AcDbEntity
  8
0
  6
Continuous
 62
    18
420
  4980736
100
AcDb2dPolyline
 66
     1
 10
0.0
 20
0.0
 30
0.0
  0
VERTEX
  5
99
330
98
100
AcDbEntity
  8
0
  6
Continuous
 62
    18
420
  4980736
100
AcDbVertex
100
AcDb2dVertex
 10
79.473625
 20
-117.520911
 30
0.0
  0
VERTEX
  5
9A
330
98
100
AcDbEntity
  8
0
  6
Continuous
 62
    18
420
  4980736
100
AcDbVertex
100
AcDb2dVertex
 10
79.473625
 20
-115.536974
 30
0.0
  0
SEQEND
  5
9B
330
98
100
AcDbEntity
  8
0
  6
Continuous
 62
    18
420
  4980736
  0
POLYLINE
  5
9C
330
1F
100
AcDbEntity
  8
0
  6
Continuous
 62
    18
420
  4980736
100
AcDb2dPolyline
 66
     1
 10
0.0
 20
0.0
 30
0.0
  0
VERTEX
  5
9D
330
9C
100
AcDbEntity
  8
0
  6
Continuous
 62
    18
420
  4980736
100
AcDbVertex
100
AcDb2dVertex
 10
79.473625
 20
-125.390051
 30
0.0
  0
VERTEX
  5
9E
330
9C
100
AcDbEntity
  8
0
  6
Continuous
 62
    18
420
  4980736
100
AcDbVertex
100
AcDb2dVertex
 10
77.428716
 20
-125.390051
 30
0.0
  0
VERTEX
  5
9F
330
9C
100
AcDbEntity
  8
0
  6
Continuous
 62
    18
420
  4980736
100
AcDbVertex
100
AcDb2dVertex
 10
77.003282
 20
-125.429163
 30
0.0
  0
VERTEX
  5
A0
330
9C
100
AcDbEntity
  8
0
  6
Continuous
 62
    18
420
  4980736
100
AcDbVertex
100
AcDb2dVertex
 10
76.592109
 20
-125.54519
 30
0.0
  0
VERTEX
  5
A1
330
9C
100
AcDbEntity
  8
0
  6
Continuous
 62
    18
420
  4980736
100
AcDbVertex
100
AcDb2dVertex
 10
76.208984
 20
-125.73424
 30
0.0
  0
VERTEX
  5
A2
330
9C
100
AcDbEntity
  8
0
  6
Continuous
 62
    18
420
  4980736
100
AcDbVertex
100
AcDb2dVertex
 10
75.86675
 20
-125.989975
 30
0.0
  0
VERTEX
  5
A3
330
9C
100
AcDbEntity
  8
0
  6
Continuous
 62
    18
420
  4980736
100
AcDbVertex
100
AcDb2dVertex
 10
75.576882
 20
-126.303824
 30
0.0
  0
VERTEX
  5
A4
330
9C
100
AcDbEntity
  8
0
  6
Continuous
 62
    18
420
  4980736
100
AcDbVertex
100
AcDb2dVertex
 10
75.349096
 20
-126.665263
 30
0.0
  0
VERTEX
  5
A5
330
9C
100
AcDbEntity
  8
0
  6
Continuous
 62
    18
420
  4980736
100
AcDbVertex
100
AcDb2dVertex
 10
75.191029
 20
-127.062176
 30
0.0
  0
VERTEX
  5
A6
330
9C
100
AcDbEntity
  8
0
  6
Continuous
 62
    18
420
  4980736
100
AcDbVertex
100
AcDb2dVertex
 10
75.10798
 20
-127.481255
 30
0.0
  0
VERTEX
  5
A7
330
9C
100
AcDbEntity
  8
0
  6
Continuous
 62
    18
420
  4980736
100
AcDbVertex
100
AcDb2dVertex
 10
75.027013
 20
-128.517583
 30
0.0
  0
VERTEX
  5
A8
330
9C
100
AcDbEntity
  8
0
  6
Continuous
 62
    18
420
  4980736
100
AcDbVertex
100
AcDb2dVertex
 10
75.0
 20
-129.556717
 30
0.0
  0
VERTEX
  5
A9
330
9C
100
AcDbEntity
  8
0
  6
Continuous
 62
    18
420
  4980736
100
AcDbVertex
100
AcDb2dVertex
 10
75.027013
 20
-130.595852
 30
0.0
  0
VERTEX
  5
AA
330
9C
100
AcDbEntity
  8
0
  6
Continuous
 62
    18
420
  4980736
100
AcDbVertex
100
AcDb2dVertex
 10
75.10798
 20
-131.632179
 30
0.0
  0
VERTEX
  5
AB
330
9C
100
AcDbEntity
  8
0
  6
Continuous
 62
    18
420
  4980736
100
AcDbVertex
100
AcDb2dVertex
 10
75.191029
 20
-132.05126
 30
0.0
  0
VERTEX
  5
AC
330
9C
100
AcDbEntity
  8
0
  6
Continuous
 62
    18
420
  4980736
100
AcDbVertex
100
AcDb2dVertex
 10
75.349096
 20
-132.448172
 30
0.0
  0
VERTEX
  5
AD
330
9C
100
AcDbEntity
  8
0
  6
Continuous
 62
    18
420
  4980736
100
AcDbVertex
100
AcDb2dVertex
 10
75.576882
 20
-132.809611
 30
0.0
  0
VERTEX
  5
AE
330
9C
100
AcDbEntity
  8
0
  6
Continuous
 62
    18
420
  4980736
100
AcDbVertex
100
AcDb2dVertex
 10
75.86675
 20
-133.12346
 30
0.0
  0
VERTEX
  5
AF
330
9C
100
AcDbEntity
  8
0
  6
Continuous
 62
    18
420
  4980736
100
AcDbVertex
100
AcDb2dVertex
 10
76.208984
 20
-133.379196
 30
0.0
  0
VERTEX
  5
B0
330
9C
100
AcDbEntity
  8
0
  6
Continuous
 62
    18
420
  4980736
100
AcDbVertex
100
AcDb2dVertex
 10
76.592109
 20
-133.568246
 30
0.0
  0
VERTEX
  5
B1
330
9C
100
AcDbEntity
  8
0
  6
Continuous
 62
    18
420
  4980736
100
AcDbVertex
100
AcDb2dVertex
 10
77.003282
 20
-133.684272
 30
0.0
  0
VERTEX
  5
B2
330
9C
100
AcDbEntity
  8
0
  6
Continuous
 62
    18
420
  4980736
100
AcDbVertex
100
AcDb2dVertex
 10
77.428718
 20
-133.723384
 30
0.0
  0
VERTEX
  5
B3
330
9C
100
AcDbEntity
  8
0
  6
Continuous
 62
    18
420
  4980736
100
AcDbVertex
100
AcDb2dVertex
 10
79.473625
 20
-133.723384
 30
0.0
  0
SEQEND
  5
B4
330
9C
100
AcDbEntity
  8
0
  6
Continuous
 62
    18
420
  4980736
  0
POLYLINE
  5
B5
330
1F
100
AcDbEntity
  8
0
  6
Continuous
 62
    18
420
  4980736
100
AcDb2dPolyline
 66
     1
 10
0.0
 20
0.0
 30
0.0
 70
     1
  0
VERTEX
  5
B6
330
B5
100
AcDbEntity
  8
0
  6
Continuous
 62
    18
420
  4980736
100
AcDbVertex
100
AcDb2dVertex
 10
79.879766
 20
-131.698901
 30
0.0
  0
VERTEX
  5
B7
330
B5
100
AcDbEntity
  8
0
  6
Continuous
 62
    18
420
  4980736
100
AcDbVertex
100
AcDb2dVertex
 10
78.749046
 20
-131.811807
 30
0.0
  0
VERTEX
  5
B8
330
B5
100
AcDbEntity
  8
0
  6
Continuous
 62
    18
420
  4980736
100
AcDbVertex
100
AcDb2dVertex
 10
77.737602
 20
-131.845326
 30
0.0
  0
VERTEX
  5
B9
330
B5
100
AcDbEntity
  8
0
  6
Continuous
 62
    18
420
  4980736
100
AcDbVertex
100
AcDb2dVertex
 10
76.726162
 20
-131.811809
 30
0.0
  0
VERTEX
  5
BA
330
B5
100
AcDbEntity
  8
0
  6
Continuous
 62
    18
420
  4980736
100
AcDbVertex
100
AcDb2dVertex
 10
75.595428
 20
-131.698901
 30
0.0
  0
VERTEX
  5
BB
330
B5
100
AcDbEntity
  8
0
  6
Continuous
 62
    18
420
  4980736
100
AcDbVertex
100
AcDb2dVertex
 10
75.482518
 20
-130.568166
 30
0.0
  0
VERTEX
  5
BC
330
B5
100
AcDbEntity
  8
0
  6
Continuous
 62
    18
420
  4980736
100
AcDbVertex
100
AcDb2dVertex
 10
75.448999
 20
-129.556722
 30
0.0
  0
VERTEX
  5
BD
330
B5
100
AcDbEntity
  8
0
  6
Continuous
 62
    18
420
  4980736
100
AcDbVertex
100
AcDb2dVertex
 10
75.482514
 20
-128.545282
 30
0.0
  0
VERTEX
  5
BE
330
B5
100
AcDbEntity
  8
0
  6
Continuous
 62
    18
420
  4980736
100
AcDbVertex
100
AcDb2dVertex
 10
75.595422
 20
-127.414542
 30
0.0
  0
VERTEX
  5
BF
330
B5
100
AcDbEntity
  8
0
  6
Continuous
 62
    18
420
  4980736
100
AcDbVertex
100
AcDb2dVertex
 10
76.726156
 20
-127.301634
 30
0.0
  0
VERTEX
  5
C0
330
B5
100
AcDbEntity
  8
0
  6
Continuous
 62
    18
420
  4980736
100
AcDbVertex
100
AcDb2dVertex
 10
77.737595
 20
-127.268119
 30
0.0
  0
VERTEX
  5
C1
330
B5
100
AcDbEntity
  8
0
  6
Continuous
 62
    18
420
  4980736
100
AcDbVertex
100
AcDb2dVertex
 10
78.749039
 20
-127.301639
 30
0.0
  0
VERTEX
  5
C2
330
B5
100
AcDbEntity
  8
0
  6
Continuous
 62
    18
420
  4980736
100
AcDbVertex
100
AcDb2dVertex
 10
79.879773
 20
-127.414542
 30
0.0
  0
VERTEX
  5
C3
330
B5
100
AcDbEntity
  8
0
  6
Continuous
 62
    18
420
  4980736
100
AcDbVertex
100
AcDb2dVertex
 10
79.992683
 20
-128.545276
 30
0.0
  0
VERTEX
  5
C4
330
B5
100
AcDbEntity
  8
0
  6
Continuous
 62
    18
420
  4980736
100
AcDbVertex
100
AcDb2dVertex
 10
80.026202
 20
-129.556716
 30
0.0
  0
VERTEX
  5
C5
330
B5
100
AcDbEntity
  8
0
  6
Continuous
 62
    18
420
  4980736
100
AcDbVertex
100
AcDb2dVertex
 10
79.992686
 20
-130.56816
 30
0.0
  0
SEQEND
  5
C6
330
B5
100
AcDbEntity
  8
0
  6
Continuous
 62
    18
420
  4980736
  0
CIRCLE
  5
C7
330
1F
100
AcDbEntity
  8
0
  6
Continuous
 62
    18
420
  4980736
100
AcDbCircle
 10
77.737597
 20
-119.703641
 30
0.0
 40
0.947214
  0
CIRCLE
  5
C8
330
1F
100
AcDbEntity
  8
0
  6
Continuous
 62
    18
420
  4980736
100
AcDbCircle
 10
77.737597
 20
-119.703641
 30
0.0
 40
1.466668
  0
ARC
  5
C9
330
1F
100
AcDbEntity
  8
0
  6
Continuous
 62
    18
420
  4980736
100
AcDbCircle
 10
78.102904
 20
-120.28827
 30
0.0
 40
0.228147
100
AcDbArc
 50
77.00024400000139
 51
166.9996410000004
  0
LINE
  5
CA
330
1F
100
AcDbEntity
  8
0
  6
Continuous
 62
    18
420
  4980736
100
AcDbLine
 10
78.154225
 20
-120.06597
 30
0.0
 11
78.266685
 21
-120.091932
 31
0.0
  0
ARC
  5
CB
330
1F
100
AcDbEntity
  8
0
  6
Continuous
 62
    18
420
  4980736
100
AcDbCircle
 10
78.28868
 20
-119.996661
 30
0.0
 40
0.097777
100
AcDbArc
 50
256.9998420000012
 51
47.00015800000311
  0
LINE
  5
CC
330
1F
100
AcDbEntity
  8
0
  6
Continuous
 62
    18
420
  4980736
100
AcDbLine
 10
78.355364
 20
-119.925151
 30
0.0
 11
78.270958
 21
-119.846443
 31
0.0
  0
ARC
  5
CD
330
1F
100
AcDbEntity
  8
0
  6
Continuous
 62
    18
420
  4980736
100
AcDbCircle
 10
78.426555
 20
-119.679587
 30
0.0
 40
0.228148
100
AcDbArc
 50
136.9998370000013
 51
226.9998370000013
  0
LINE
  5
CE
330
1F
100
AcDbEntity
  8
0
  6
Continuous
 62
    18
420
  4980736
100
AcDbLine
 10
78.259698
 20
-119.52399
 30
0.0
 11
78.33841
 21
-119.439583
 31
0.0
  0
ARC
  5
CF
330
1F
100
AcDbEntity
  8
0
  6
Continuous
 62
    18
420
  4980736
100
AcDbCircle
 10
78.266901
 20
-119.3729
 30
0.0
 40
0.097776
100
AcDbArc
 50
316.9998379999979
 51
107.0008990000001
  0
LINE
  5
D0
330
1F
100
AcDbEntity
  8
0
  6
Continuous
 62
    18
420
  4980736
100
AcDbLine
 10
78.238313
 20
-119.279396
 30
0.0
 11
78.127942
 21
-119.313138
 31
0.0
  0
ARC
  5
D1
330
1F
100
AcDbEntity
  8
0
  6
Continuous
 62
    18
420
  4980736
100
AcDbCircle
 10
78.061243
 20
-119.094957
 30
0.0
 40
0.228148
100
AcDbArc
 50
196.9995580000004
 51
286.9986750000029
  0
LINE
  5
D2
330
1F
100
AcDbEntity
  8
0
  6
Continuous
 62
    18
420
  4980736
100
AcDbLine
 10
77.843063
 20
-119.16166
 30
0.0
 11
77.809323
 21
-119.051292
 31
0.0
  0
ARC
  5
D3
330
1F
100
AcDbEntity
  8
0
  6
Continuous
 62
    18
420
  4980736
100
AcDbCircle
 10
77.715818
 20
-119.079879
 30
0.0
 40
0.097777
100
AcDbArc
 50
16.9997540000035
 51
167.000814999998
  0
LINE
  5
D4
330
1F
100
AcDbEntity
  8
0
  6
Continuous
 62
    18
420
  4980736
100
AcDbLine
 10
77.620546
 20
-119.057886
 30
0.0
 11
77.594584
 21
-119.170337
 31
0.0
  0
ARC
  5
D5
330
1F
100
AcDbEntity
  8
0
  6
Continuous
 62
    18
420
  4980736
100
AcDbCircle
 10
77.372284
 20
-119.119015
 30
0.0
 40
0.228148
100
AcDbArc
 50
257.0001629999995
 51
347.0001629999995
  0
LINE
  5
D6
330
1F
100
AcDbEntity
  8
0
  6
Continuous
 62
    18
420
  4980736
100
AcDbLine
 10
77.320962
 20
-119.341316
 30
0.0
 11
77.208509
 21
-119.315352
 31
0.0
  0
ARC
  5
D7
330
1F
100
AcDbEntity
  8
0
  6
Continuous
 62
    18
420
  4980736
100
AcDbCircle
 10
77.186513
 20
-119.410623
 30
0.0
 40
0.097777
100
AcDbArc
 50
76.99984200000121
 51
227.0001580000031
  0
LINE
  5
D8
330
1F
100
AcDbEntity
  8
0
  6
Continuous
 62
    18
420
  4980736
100
AcDbLine
 10
77.11983
 20
-119.482132
 30
0.0
 11
77.20423
 21
-119.560841
 31
0.0
  0
ARC
  5
D9
330
1F
100
AcDbEntity
  8
0
  6
Continuous
 62
    18
420
  4980736
100
AcDbCircle
 10
77.048633
 20
-119.727697
 30
0.0
 40
0.228148
100
AcDbArc
 50
316.9998370000013
 51
46.99983700000131
  0
LINE
  5
DA
330
1F
100
AcDbEntity
  8
0
  6
Continuous
 62
    18
420
  4980736
100
AcDbLine
 10
77.21549
 20
-119.883294
 30
0.0
 11
77.136781
 21
-119.967699
 31
0.0
  0
ARC
  5
DB
330
1F
100
AcDbEntity
  8
0
  6
Continuous
 62
    18
420
  4980736
100
AcDbCircle
 10
77.20829
 20
-120.034383
 30
0.0
 40
0.097776
100
AcDbArc
 50
136.9998379999979
 51
287.0008990000001
  0
LINE
  5
DC
330
1F
100
AcDbEntity
  8
0
  6
Continuous
 62
    18
420
  4980736
100
AcDbLine
 10
77.236879
 20
-120.127887
 30
0.0
 11
77.347248
 21
-120.094147
 31
0.0
  0
ARC
  5
DD
330
1F
100
AcDbEntity
  8
0
  6
Continuous
 62
    18
420
  4980736
100
AcDbCircle
 10
77.413946
 20
-120.312327
 30
0.0
 40
0.228147
100
AcDbArc
 50
16.99977899999943
 51
106.9984540000001
  0
LINE
  5
DE
330
1F
100
AcDbEntity
  8
0
  6
Continuous
 62
    18
420
  4980736
100
AcDbLine
 10
77.632125
 20
-120.245624
 30
0.0
 11
77.665869
 21
-120.35599
 31
0.0
  0
ARC
  5
DF
330
1F
100
AcDbEntity
  8
0
  6
Continuous
 62
    18
420
  4980736
100
AcDbCircle
 10
77.759374
 20
-120.327403
 30
0.0
 40
0.097777
100
AcDbArc
 50
196.9997540000035
 51
347.0008149999979
  0
LINE
  5
E0
330
1F
100
AcDbEntity
  8
0
  6
Continuous
 62
    18
420
  4980736
100
AcDbLine
 10
77.854645
 20
-120.349397
 30
0.0
 11
77.880604
 21
-120.236947
 31
0.0
  0
POLYLINE
  5
E1
330
1F
100
AcDbEntity
  8
0
  6
Continuous
 62
    18
420
  4980736
100
AcDb2dPolyline
 66
     1
 10
0.0
 20
0.0
 30
0.0
  0
VERTEX
  5
E2
330
E1
100
AcDbEntity
  8
0
  6
Continuous
 62
    18
420
  4980736
100
AcDbVertex
100
AcDb2dVertex
 10
79.473625
 20
-115.536974
 30
0.0
  0
VERTEX
  5
E3
330
E1
100
AcDbEntity
  8
0
  6
Continuous
 62
    18
420
  4980736
100
AcDbVertex
100
AcDb2dVertex
 10
77.428716
 20
-115.536974
 30
0.0
  0
VERTEX
  5
E4
330
E1
100
AcDbEntity
  8
0
  6
Continuous
 62
    18
420
  4980736
100
AcDbVertex
100
AcDb2dVertex
 10
77.003282
 20
-115.576087
 30
0.0
  0
VERTEX
  5
E5
330
E1
100
AcDbEntity
  8
0
  6
Continuous
 62
    18
420
  4980736
100
AcDbVertex
100
AcDb2dVertex
 10
76.592109
 20
-115.692113
 30
0.0
  0
VERTEX
  5
E6
330
E1
100
AcDbEntity
  8
0
  6
Continuous
 62
    18
420
  4980736
100
AcDbVertex
100
AcDb2dVertex
 10
76.208984
 20
-115.881163
 30
0.0
  0
VERTEX
  5
E7
330
E1
100
AcDbEntity
  8
0
  6
Continuous
 62
    18
420
  4980736
100
AcDbVertex
100
AcDb2dVertex
 10
75.86675
 20
-116.136899
 30
0.0
  0
VERTEX
  5
E8
330
E1
100
AcDbEntity
  8
0
  6
Continuous
 62
    18
420
  4980736
100
AcDbVertex
100
AcDb2dVertex
 10
75.576882
 20
-116.450747
 30
0.0
  0
VERTEX
  5
E9
330
E1
100
AcDbEntity
  8
0
  6
Continuous
 62
    18
420
  4980736
100
AcDbVertex
100
AcDb2dVertex
 10
75.349096
 20
-116.812186
 30
0.0
  0
VERTEX
  5
EA
330
E1
100
AcDbEntity
  8
0
  6
Continuous
 62
    18
420
  4980736
100
AcDbVertex
100
AcDb2dVertex
 10
75.191029
 20
-117.209099
 30
0.0
  0
VERTEX
  5
EB
330
E1
100
AcDbEntity
  8
0
  6
Continuous
 62
    18
420
  4980736
100
AcDbVertex
100
AcDb2dVertex
 10
75.10798
 20
-117.628178
 30
0.0
  0
VERTEX
  5
EC
330
E1
100
AcDbEntity
  8
0
  6
Continuous
 62
    18
420
  4980736
100
AcDbVertex
100
AcDb2dVertex
 10
75.027013
 20
-118.664506
 30
0.0
  0
VERTEX
  5
ED
330
E1
100
AcDbEntity
  8
0
  6
Continuous
 62
    18
420
  4980736
100
AcDbVertex
100
AcDb2dVertex
 10
75.0
 20
-119.70364
 30
0.0
  0
VERTEX
  5
EE
330
E1
100
AcDbEntity
  8
0
  6
Continuous
 62
    18
420
  4980736
100
AcDbVertex
100
AcDb2dVertex
 10
75.027013
 20
-120.742775
 30
0.0
  0
VERTEX
  5
EF
330
E1
100
AcDbEntity
  8
0
  6
Continuous
 62
    18
420
  4980736
100
AcDbVertex
100
AcDb2dVertex
 10
75.10798
 20
-121.779102
 30
0.0
  0
VERTEX
  5
F0
330
E1
100
AcDbEntity
  8
0
  6
Continuous
 62
    18
420
  4980736
100
AcDbVertex
100
AcDb2dVertex
 10
75.191029
 20
-122.198183
 30
0.0
  0
VERTEX
  5
F1
330
E1
100
AcDbEntity
  8
0
  6
Continuous
 62
    18
420
  4980736
100
AcDbVertex
100
AcDb2dVertex
 10
75.349096
 20
-122.595095
 30
0.0
  0
VERTEX
  5
F2
330
E1
100
AcDbEntity
  8
0
  6
Continuous
 62
    18
420
  4980736
100
AcDbVertex
100
AcDb2dVertex
 10
75.576882
 20
-122.956535
 30
0.0
  0
VERTEX
  5
F3
330
E1
100
AcDbEntity
  8
0
  6
Continuous
 62
    18
420
  4980736
100
AcDbVertex
100
AcDb2dVertex
 10
75.86675
 20
-123.270383
 30
0.0
  0
VERTEX
  5
F4
330
E1
100
AcDbEntity
  8
0
  6
Continuous
 62
    18
420
  4980736
100
AcDbVertex
100
AcDb2dVertex
 10
76.208984
 20
-123.526119
 30
0.0
  0
VERTEX
  5
F5
330
E1
100
AcDbEntity
  8
0
  6
Continuous
 62
    18
420
  4980736
100
AcDbVertex
100
AcDb2dVertex
 10
76.592109
 20
-123.715169
 30
0.0
  0
VERTEX
  5
F6
330
E1
100
AcDbEntity
  8
0
  6
Continuous
 62
    18
420
  4980736
100
AcDbVertex
100
AcDb2dVertex
 10
77.003282
 20
-123.831195
 30
0.0
  0
VERTEX
  5
F7
330
E1
100
AcDbEntity
  8
0
  6
Continuous
 62
    18
420
  4980736
100
AcDbVertex
100
AcDb2dVertex
 10
77.428718
 20
-123.870308
 30
0.0
  0
VERTEX
  5
F8
330
E1
100
AcDbEntity
  8
0
  6
Continuous
 62
    18
420
  4980736
100
AcDbVertex
100
AcDb2dVertex
 10
79.473625
 20
-123.870308
 30
0.0
  0
SEQEND
  5
F9
330
E1
100
AcDbEntity
  8
0
  6
Continuous
 62
    18
420
  4980736
  0
POLYLINE
  5
FA
330
1F
100
AcDbEntity
  8
0
  6
Continuous
 62
    18
420
  4980736
100
AcDb2dPolyline
 66
     1
 10
0.0
 20
0.0
 30
0.0
 70
     1
  0
VERTEX
  5
FB
330
FA
100
AcDbEntity
  8
0
  6
Continuous
 62
    18
420
  4980736
100
AcDbVertex
100
AcDb2dVertex
 10
79.879766
 20
-121.845824
 30
0.0
  0
VERTEX
  5
FC
330
FA
100
AcDbEntity
  8
0
  6
Continuous
 62
    18
420
  4980736
100
AcDbVertex
100
AcDb2dVertex
 10
78.749046
 20
-121.958731
 30
0.0
  0
VERTEX
  5
FD
330
FA
100
AcDbEntity
  8
0
  6
Continuous
 62
    18
420
  4980736
100
AcDbVertex
100
AcDb2dVertex
 10
77.737602
 20
-121.992249
 30
0.0
  0
VERTEX
  5
FE
330
FA
100
AcDbEntity
  8
0
  6
Continuous
 62
    18
420
  4980736
100
AcDbVertex
100
AcDb2dVertex
 10
76.726162
 20
-121.958732
 30
0.0
  0
VERTEX
  5
FF
330
FA
100
AcDbEntity
  8
0
  6
Continuous
 62
    18
420
  4980736
100
AcDbVertex
100
AcDb2dVertex
 10
75.595428
 20
-121.845824
 30
0.0
  0
VERTEX
  5
100
330
FA
100
AcDbEntity
  8
0
  6
Continuous
 62
    18
420
  4980736
100
AcDbVertex
100
AcDb2dVertex
 10
75.482518
 20
-120.715089
 30
0.0
  0
VERTEX
  5
101
330
FA
100
AcDbEntity
  8
0
  6
Continuous
 62
    18
420
  4980736
100
AcDbVertex
100
AcDb2dVertex
 10
75.448999
 20
-119.703645
 30
0.0
  0
VERTEX
  5
102
330
FA
100
AcDbEntity
  8
0
  6
Continuous
 62
    18
420
  4980736
100
AcDbVertex
100
AcDb2dVertex
 10
75.482514
 20
-118.692206
 30
0.0
  0
VERTEX
  5
103
330
FA
100
AcDbEntity
  8
0
  6
Continuous
 62
    18
420
  4980736
100
AcDbVertex
100
AcDb2dVertex
 10
75.595422
 20
-117.561465
 30
0.0
  0
VERTEX
  5
104
330
FA
100
AcDbEntity
  8
0
  6
Continuous
 62
    18
420
  4980736
100
AcDbVertex
100
AcDb2dVertex
 10
76.726156
 20
-117.448557
 30
0.0
  0
VERTEX
  5
105
330
FA
100
AcDbEntity
  8
0
  6
Continuous
 62
    18
420
  4980736
100
AcDbVertex
100
AcDb2dVertex
 10
77.737595
 20
-117.415042
 30
0.0
  0
VERTEX
  5
106
330
FA
100
AcDbEntity
  8
0
  6
Continuous
 62
    18
420
  4980736
100
AcDbVertex
100
AcDb2dVertex
 10
78.749039
 20
-117.448562
 30
0.0
  0
VERTEX
  5
107
330
FA
100
AcDbEntity
  8
0
  6
Continuous
 62
    18
420
  4980736
100
AcDbVertex
100
AcDb2dVertex
 10
79.879773
 20
-117.561465
 30
0.0
  0
VERTEX
  5
108
330
FA
100
AcDbEntity
  8
0
  6
Continuous
 62
    18
420
  4980736
100
AcDbVertex
100
AcDb2dVertex
 10
79.992683
 20
-118.692199
 30
0.0
  0
VERTEX
  5
109
330
FA
100
AcDbEntity
  8
0
  6
Continuous
 62
    18
420
  4980736
100
AcDbVertex
100
AcDb2dVertex
 10
80.026202
 20
-119.703639
 30
0.0
  0
VERTEX
  5
10A
330
FA
100
AcDbEntity
  8
0
  6
Continuous
 62
    18
420
  4980736
100
AcDbVertex
100
AcDb2dVertex
 10
79.992686
 20
-120.715083
 30
0.0
  0
SEQEND
  5
10B
330
FA
100
AcDbEntity
  8
0
  6
Continuous
 62
    18
420
  4980736
  0
CIRCLE
  5
10C
330
1F
100
AcDbEntity
  8
0
  6
Continuous
 62
    18
420
  4980736
100
AcDbCircle
 10
84.784134
 20
-126.272359
 30
0.0
 40
0.947214
  0
CIRCLE
  5
10D
330
1F
100
AcDbEntity
  8
0
  6
Continuous
 62
    18
420
  4980736
100
AcDbCircle
 10
84.784134
 20
-126.272359
 30
0.0
 40
1.466668
  0
ARC
  5
10E
330
1F
100
AcDbEntity
  8
0
  6
Continuous
 62
    18
420
  4980736
100
AcDbCircle
 10
85.149441
 20
-126.856989
 30
0.0
 40
0.228147
100
AcDbArc
 50
77.00024400000139
 51
166.9996410000004
  0
LINE
  5
10F
330
1F
100
AcDbEntity
  8
0
  6
Continuous
 62
    18
420
  4980736
100
AcDbLine
 10
85.200762
 20
-126.634688
 30
0.0
 11
85.313222
 21
-126.66065
 31
0.0
  0
ARC
  5
110
330
1F
100
AcDbEntity
  8
0
  6
Continuous
 62
    18
420
  4980736
100
AcDbCircle
 10
85.335217
 20
-126.565379
 30
0.0
 40
0.097777
100
AcDbArc
 50
256.9998420000012
 51
47.00015800000311
  0
LINE
  5
111
330
1F
100
AcDbEntity
  8
0
  6
Continuous
 62
    18
420
  4980736
100
AcDbLine
 10
85.401901
 20
-126.49387
 30
0.0
 11
85.317495
 21
-126.415161
 31
0.0
  0
ARC
  5
112
330
1F
100
AcDbEntity
  8
0
  6
Continuous
 62
    18
420
  4980736
100
AcDbCircle
 10
85.473091
 20
-126.248305
 30
0.0
 40
0.228148
100
AcDbArc
 50
136.9998370000013
 51
226.9998370000013
  0
LINE
  5
113
330
1F
100
AcDbEntity
  8
0
  6
Continuous
 62
    18
420
  4980736
100
AcDbLine
 10
85.306235
 20
-126.092709
 30
0.0
 11
85.384947
 21
-126.008302
 31
0.0
  0
ARC
  5
114
330
1F
100
AcDbEntity
  8
0
  6
Continuous
 62
    18
420
  4980736
100
AcDbCircle
 10
85.313438
 20
-125.941618
 30
0.0
 40
0.097776
100
AcDbArc
 50
316.9998379999979
 51
107.0008990000001
  0
LINE
  5
115
330
1F
100
AcDbEntity
  8
0
  6
Continuous
 62
    18
420
  4980736
100
AcDbLine
 10
85.28485
 20
-125.848114
 30
0.0
 11
85.174479
 21
-125.881856
 31
0.0
  0
ARC
  5
116
330
1F
100
AcDbEntity
  8
0
  6
Continuous
 62
    18
420
  4980736
100
AcDbCircle
 10
85.10778
 20
-125.663675
 30
0.0
 40
0.228148
100
AcDbArc
 50
196.9995580000004
 51
286.9986750000029
  0
LINE
  5
117
330
1F
100
AcDbEntity
  8
0
  6
Continuous
 62
    18
420
  4980736
100
AcDbLine
 10
84.8896
 20
-125.730378
 30
0.0
 11
84.855859
 21
-125.620011
 31
0.0
  0
ARC
  5
118
330
1F
100
AcDbEntity
  8
0
  6
Continuous
 62
    18
420
  4980736
100
AcDbCircle
 10
84.762355
 20
-125.648598
 30
0.0
 40
0.097777
100
AcDbArc
 50
16.9997540000035
 51
167.000814999998
  0
LINE
  5
119
330
1F
100
AcDbEntity
  8
0
  6
Continuous
 62
    18
420
  4980736
100
AcDbLine
 10
84.667083
 20
-125.626604
 30
0.0
 11
84.641121
 21
-125.739055
 31
0.0
  0
ARC
  5
11A
330
1F
100
AcDbEntity
  8
0
  6
Continuous
 62
    18
420
  4980736
100
AcDbCircle
 10
84.41882
 20
-125.687734
 30
0.0
 40
0.228148
100
AcDbArc
 50
257.0001629999995
 51
347.0001629999995
  0
LINE
  5
11B
330
1F
100
AcDbEntity
  8
0
  6
Continuous
 62
    18
420
  4980736
100
AcDbLine
 10
84.367499
 20
-125.910034
 30
0.0
 11
84.255046
 21
-125.88407
 31
0.0
  0
ARC
  5
11C
330
1F
100
AcDbEntity
  8
0
  6
Continuous
 62
    18
420
  4980736
100
AcDbCircle
 10
84.23305
 20
-125.979341
 30
0.0
 40
0.097777
100
AcDbArc
 50
76.99984200000121
 51
227.0001580000031
  0
LINE
  5
11D
330
1F
100
AcDbEntity
  8
0
  6
Continuous
 62
    18
420
  4980736
100
AcDbLine
 10
84.166367
 20
-126.050851
 30
0.0
 11
84.250767
 21
-126.129559
 31
0.0
  0
ARC
  5
11E
330
1F
100
AcDbEntity
  8
0
  6
Continuous
 62
    18
420
  4980736
100
AcDbCircle
 10
84.09517
 20
-126.296415
 30
0.0
 40
0.228148
100
AcDbArc
 50
316.9998370000013
 51
46.99983700000131
  0
LINE
  5
11F
330
1F
100
AcDbEntity
  8
0
  6
Continuous
 62
    18
420
  4980736
100
AcDbLine
 10
84.262026
 20
-126.452012
 30
0.0
 11
84.183318
 21
-126.536418
 31
0.0
  0
ARC
  5
120
330
1F
100
AcDbEntity
  8
0
  6
Continuous
 62
    18
420
  4980736
100
AcDbCircle
 10
84.254827
 20
-126.603101
 30
0.0
 40
0.097776
100
AcDbArc
 50
136.9998379999979
 51
287.0008990000001
  0
LINE
  5
121
330
1F
100
AcDbEntity
  8
0
  6
Continuous
 62
    18
420
  4980736
100
AcDbLine
 10
84.283416
 20
-126.696605
 30
0.0
 11
84.393785
 21
-126.662865
 31
0.0
  0
ARC
  5
122
330
1F
100
AcDbEntity
  8
0
  6
Continuous
 62
    18
420
  4980736
100
AcDbCircle
 10
84.460483
 20
-126.881045
 30
0.0
 40
0.228147
100
AcDbArc
 50
16.99977899999943
 51
106.9984540000001
  0
LINE
  5
123
330
1F
100
AcDbEntity
  8
0
  6
Continuous
 62
    18
420
  4980736
100
AcDbLine
 10
84.678662
 20
-126.814342
 30
0.0
 11
84.712406
 21
-126.924709
 31
0.0
  0
ARC
  5
124
330
1F
100
AcDbEntity
  8
0
  6
Continuous
 62
    18
420
  4980736
100
AcDbCircle
 10
84.805911
 20
-126.896122
 30
0.0
 40
0.097777
100
AcDbArc
 50
196.9997540000035
 51
347.0008149999979
  0
LINE
  5
125
330
1F
100
AcDbEntity
  8
0
  6
Continuous
 62
    18
420
  4980736
100
AcDbLine
 10
84.901182
 20
-126.918115
 30
0.0
 11
84.927141
 21
-126.805665
 31
0.0
  0
POLYLINE
  5
126
330
1F
100
AcDbEntity
  8
0
  6
Continuous
 62
    18
420
  4980736
100
AcDb2dPolyline
 66
     1
 10
0.0
 20
0.0
 30
0.0
  0
VERTEX
  5
127
330
126
100
AcDbEntity
  8
0
  6
Continuous
 62
    18
420
  4980736
100
AcDbVertex
100
AcDb2dVertex
 10
86.520162
 20
-124.08963
 30
0.0
  0
VERTEX
  5
128
330
126
100
AcDbEntity
  8
0
  6
Continuous
 62
    18
420
  4980736
100
AcDbVertex
100
AcDb2dVertex
 10
86.520162
 20
-118.60202
 30
0.0
  0
SEQEND
  5
129
330
126
100
AcDbEntity
  8
0
  6
Continuous
 62
    18
420
  4980736
  0
POLYLINE
  5
12A
330
1F
100
AcDbEntity
  8
0
  6
Continuous
 62
    18
420
  4980736
100
AcDb2dPolyline
 66
     1
 10
0.0
 20
0.0
 30
0.0
  0
VERTEX
  5
12B
330
12A
100
AcDbEntity
  8
0
  6
Continuous
 62
    18
420
  4980736
100
AcDbVertex
100
AcDb2dVertex
 10
86.520162
 20
-114.236553
 30
0.0
  0
VERTEX
  5
12C
330
12A
100
AcDbEntity
  8
0
  6
Continuous
 62
    18
420
  4980736
100
AcDbVertex
100
AcDb2dVertex
 10
86.520162
 20
-112.252616
 30
0.0
  0
SEQEND
  5
12D
330
12A
100
AcDbEntity
  8
0
  6
Continuous
 62
    18
420
  4980736
  0
POLYLINE
  5
12E
330
1F
100
AcDbEntity
  8
0
  6
Continuous
 62
    18
420
  4980736
100
AcDb2dPolyline
 66
     1
 10
0.0
 20
0.0
 30
0.0
 70
     1
  0
VERTEX
  5
12F
330
12E
100
AcDbEntity
  8
0
  6
Continuous
 62
    18
420
  4980736
100
AcDbVertex
100
AcDb2dVertex
 10
86.926303
 20
-128.414542
 30
0.0
  0
VERTEX
  5
130
330
12E
100
AcDbEntity
  8
0
  6
Continuous
 62
    18
420
  4980736
100
AcDbVertex
100
AcDb2dVertex
 10
85.795582
 20
-128.527449
 30
0.0
  0
VERTEX
  5
131
330
12E
100
AcDbEntity
  8
0
  6
Continuous
 62
    18
420
  4980736
100
AcDbVertex
100
AcDb2dVertex
 10
84.784138
 20
-128.560967
 30
0.0
  0
VERTEX
  5
132
330
12E
100
AcDbEntity
  8
0
  6
Continuous
 62
    18
420
  4980736
100
AcDbVertex
100
AcDb2dVertex
 10
83.772699
 20
-128.52745
 30
0.0
  0
VERTEX
  5
133
330
12E
100
AcDbEntity
  8
0
  6
Continuous
 62
    18
420
  4980736
100
AcDbVertex
100
AcDb2dVertex
 10
82.641965
 20
-128.414542
 30
0.0
  0
VERTEX
  5
134
330
12E
100
AcDbEntity
  8
0
  6
Continuous
 62
    18
420
  4980736
100
AcDbVertex
100
AcDb2dVertex
 10
82.529055
 20
-127.283807
 30
0.0
  0
VERTEX
  5
135
330
12E
100
AcDbEntity
  8
0
  6
Continuous
 62
    18
420
  4980736
100
AcDbVertex
100
AcDb2dVertex
 10
82.495536
 20
-126.272363
 30
0.0
  0
VERTEX
  5
136
330
12E
100
AcDbEntity
  8
0
  6
Continuous
 62
    18
420
  4980736
100
AcDbVertex
100
AcDb2dVertex
 10
82.529051
 20
-125.260924
 30
0.0
  0
VERTEX
  5
137
330
12E
100
AcDbEntity
  8
0
  6
Continuous
 62
    18
420
  4980736
100
AcDbVertex
100
AcDb2dVertex
 10
82.641959
 20
-124.130183
 30
0.0
  0
VERTEX
  5
138
330
12E
100
AcDbEntity
  8
0
  6
Continuous
 62
    18
420
  4980736
100
AcDbVertex
100
AcDb2dVertex
 10
83.772693
 20
-124.017276
 30
0.0
  0
VERTEX
  5
139
330
12E
100
AcDbEntity
  8
0
  6
Continuous
 62
    18
420
  4980736
100
AcDbVertex
100
AcDb2dVertex
 10
84.784132
 20
-123.98376
 30
0.0
  0
VERTEX
  5
13A
330
12E
100
AcDbEntity
  8
0
  6
Continuous
 62
    18
420
  4980736
100
AcDbVertex
100
AcDb2dVertex
 10
85.795576
 20
-124.01728
 30
0.0
  0
VERTEX
  5
13B
330
12E
100
AcDbEntity
  8
0
  6
Continuous
 62
    18
420
  4980736
100
AcDbVertex
100
AcDb2dVertex
 10
86.92631
 20
-124.130183
 30
0.0
  0
VERTEX
  5
13C
330
12E
100
AcDbEntity
  8
0
  6
Continuous
 62
    18
420
  4980736
100
AcDbVertex
100
AcDb2dVertex
 10
87.03922
 20
-125.260918
 30
0.0
  0
VERTEX
  5
13D
330
12E
100
AcDbEntity
  8
0
  6
Continuous
 62
    18
420
  4980736
100
AcDbVertex
100
AcDb2dVertex
 10
87.072739
 20
-126.272357
 30
0.0
  0
VERTEX
  5
13E
330
12E
100
AcDbEntity
  8
0
  6
Continuous
 62
    18
420
  4980736
100
AcDbVertex
100
AcDb2dVertex
 10
87.039223
 20
-127.283801
 30
0.0
  0
SEQEND
  5
13F
330
12E
100
AcDbEntity
  8
0
  6
Continuous
 62
    18
420
  4980736
  0
CIRCLE
  5
140
330
1F
100
AcDbEntity
  8
0
  6
Continuous
 62
    18
420
  4980736
100
AcDbCircle
 10
84.784134
 20
-116.419282
 30
0.0
 40
0.947214
  0
CIRCLE
  5
141
330
1F
100
AcDbEntity
  8
0
  6
Continuous
 62
    18
420
  4980736
100
AcDbCircle
 10
84.784134
 20
-116.419282
 30
0.0
 40
1.466668
  0
ARC
  5
142
330
1F
100
AcDbEntity
  8
0
  6
Continuous
 62
    18
420
  4980736
100
AcDbCircle
 10
85.149441
 20
-117.003912
 30
0.0
 40
0.228147
100
AcDbArc
 50
77.00024400000139
 51
166.9996410000004
  0
LINE
  5
143
330
1F
100
AcDbEntity
  8
0
  6
Continuous
 62
    18
420
  4980736
100
AcDbLine
 10
85.200762
 20
-116.781612
 30
0.0
 11
85.313222
 21
-116.807573
 31
0.0
  0
ARC
  5
144
330
1F
100
AcDbEntity
  8
0
  6
Continuous
 62
    18
420
  4980736
100
AcDbCircle
 10
85.335217
 20
-116.712303
 30
0.0
 40
0.097777
100
AcDbArc
 50
256.9998420000012
 51
47.00015800000311
  0
LINE
  5
145
330
1F
100
AcDbEntity
  8
0
  6
Continuous
 62
    18
420
  4980736
100
AcDbLine
 10
85.401901
 20
-116.640793
 30
0.0
 11
85.317495
 21
-116.562085
 31
0.0
  0
ARC
  5
146
330
1F
100
AcDbEntity
  8
0
  6
Continuous
 62
    18
420
  4980736
100
AcDbCircle
 10
85.473091
 20
-116.395228
 30
0.0
 40
0.228148
100
AcDbArc
 50
136.9998370000013
 51
226.9998370000013
  0
LINE
  5
147
330
1F
100
AcDbEntity
  8
0
  6
Continuous
 62
    18
420
  4980736
100
AcDbLine
 10
85.306235
 20
-116.239632
 30
0.0
 11
85.384947
 21
-116.155225
 31
0.0
  0
ARC
  5
148
330
1F
100
AcDbEntity
  8
0
  6
Continuous
 62
    18
420
  4980736
100
AcDbCircle
 10
85.313438
 20
-116.088541
 30
0.0
 40
0.097776
100
AcDbArc
 50
316.9998379999979
 51
107.0008990000001
  0
LINE
  5
149
330
1F
100
AcDbEntity
  8
0
  6
Continuous
 62
    18
420
  4980736
100
AcDbLine
 10
85.28485
 20
-115.995038
 30
0.0
 11
85.174479
 21
-116.028779
 31
0.0
  0
ARC
  5
14A
330
1F
100
AcDbEntity
  8
0
  6
Continuous
 62
    18
420
  4980736
100
AcDbCircle
 10
85.10778
 20
-115.810599
 30
0.0
 40
0.228148
100
AcDbArc
 50
196.9995580000004
 51
286.9986750000029
  0
LINE
  5
14B
330
1F
100
AcDbEntity
  8
0
  6
Continuous
 62
    18
420
  4980736
100
AcDbLine
 10
84.8896
 20
-115.877301
 30
0.0
 11
84.855859
 21
-115.766934
 31
0.0
  0
ARC
  5
14C
330
1F
100
AcDbEntity
  8
0
  6
Continuous
 62
    18
420
  4980736
100
AcDbCircle
 10
84.762355
 20
-115.795521
 30
0.0
 40
0.097777
100
AcDbArc
 50
16.9997540000035
 51
167.000814999998
  0
LINE
  5
14D
330
1F
100
AcDbEntity
  8
0
  6
Continuous
 62
    18
420
  4980736
100
AcDbLine
 10
84.667083
 20
-115.773527
 30
0.0
 11
84.641121
 21
-115.885978
 31
0.0
  0
ARC
  5
14E
330
1F
100
AcDbEntity
  8
0
  6
Continuous
 62
    18
420
  4980736
100
AcDbCircle
 10
84.41882
 20
-115.834657
 30
0.0
 40
0.228148
100
AcDbArc
 50
257.0001629999995
 51
347.0001629999995
  0
LINE
  5
14F
330
1F
100
AcDbEntity
  8
0
  6
Continuous
 62
    18
420
  4980736
100
AcDbLine
 10
84.367499
 20
-116.056957
 30
0.0
 11
84.255046
 21
-116.030994
 31
0.0
  0
ARC
  5
150
330
1F
100
AcDbEntity
  8
0
  6
Continuous
 62
    18
420
  4980736
100
AcDbCircle
 10
84.23305
 20
-116.126264
 30
0.0
 40
0.097777
100
AcDbArc
 50
76.99984200000121
 51
227.0001580000031
  0
LINE
  5
151
330
1F
100
AcDbEntity
  8
0
  6
Continuous
 62
    18
420
  4980736
100
AcDbLine
 10
84.166367
 20
-116.197774
 30
0.0
 11
84.250767
 21
-116.276482
 31
0.0
  0
ARC
  5
152
330
1F
100
AcDbEntity
  8
0
  6
Continuous
 62
    18
420
  4980736
100
AcDbCircle
 10
84.09517
 20
-116.443338
 30
0.0
 40
0.228148
100
AcDbArc
 50
316.9998370000013
 51
46.99983700000131
  0
LINE
  5
153
330
1F
100
AcDbEntity
  8
0
  6
Continuous
 62
    18
420
  4980736
100
AcDbLine
 10
84.262026
 20
-116.598935
 30
0.0
 11
84.183318
 21
-116.683341
 31
0.0
  0
ARC
  5
154
330
1F
100
AcDbEntity
  8
0
  6
Continuous
 62
    18
420
  4980736
100
AcDbCircle
 10
84.254827
 20
-116.750024
 30
0.0
 40
0.097776
100
AcDbArc
 50
136.9998379999979
 51
287.0008990000001
  0
LINE
  5
155
330
1F
100
AcDbEntity
  8
0
  6
Continuous
 62
    18
420
  4980736
100
AcDbLine
 10
84.283416
 20
-116.843528
 30
0.0
 11
84.393785
 21
-116.809788
 31
0.0
  0
ARC
  5
156
330
1F
100
AcDbEntity
  8
0
  6
Continuous
 62
    18
420
  4980736
100
AcDbCircle
 10
84.460483
 20
-117.027969
 30
0.0
 40
0.228147
100
AcDbArc
 50
16.99977899999943
 51
106.9984540000001
  0
LINE
  5
157
330
1F
100
AcDbEntity
  8
0
  6
Continuous
 62
    18
420
  4980736
100
AcDbLine
 10
84.678662
 20
-116.961266
 30
0.0
 11
84.712406
 21
-117.071632
 31
0.0
  0
ARC
  5
158
330
1F
100
AcDbEntity
  8
0
  6
Continuous
 62
    18
420
  4980736
100
AcDbCircle
 10
84.805911
 20
-117.043045
 30
0.0
 40
0.097777
100
AcDbArc
 50
196.9997540000035
 51
347.0008149999979
  0
LINE
  5
159
330
1F
100
AcDbEntity
  8
0
  6
Continuous
 62
    18
420
  4980736
100
AcDbLine
 10
84.901182
 20
-117.065039
 30
0.0
 11
84.927141
 21
-116.952588
 31
0.0
  0
POLYLINE
  5
15A
330
1F
100
AcDbEntity
  8
0
  6
Continuous
 62
    18
420
  4980736
100
AcDb2dPolyline
 66
     1
 10
0.0
 20
0.0
 30
0.0
  0
VERTEX
  5
15B
330
15A
100
AcDbEntity
  8
0
  6
Continuous
 62
    18
420
  4980736
100
AcDbVertex
100
AcDb2dVertex
 10
86.520162
 20
-112.252616
 30
0.0
  0
VERTEX
  5
15C
330
15A
100
AcDbEntity
  8
0
  6
Continuous
 62
    18
420
  4980736
100
AcDbVertex
100
AcDb2dVertex
 10
84.475253
 20
-112.252616
 30
0.0
  0
VERTEX
  5
15D
330
15A
100
AcDbEntity
  8
0
  6
Continuous
 62
    18
420
  4980736
100
AcDbVertex
100
AcDb2dVertex
 10
84.049818
 20
-112.291728
 30
0.0
  0
VERTEX
  5
15E
330
15A
100
AcDbEntity
  8
0
  6
Continuous
 62
    18
420
  4980736
100
AcDbVertex
100
AcDb2dVertex
 10
83.638646
 20
-112.407754
 30
0.0
  0
VERTEX
  5
15F
330
15A
100
AcDbEntity
  8
0
  6
Continuous
 62
    18
420
  4980736
100
AcDbVertex
100
AcDb2dVertex
 10
83.255521
 20
-112.596804
 30
0.0
  0
VERTEX
  5
160
330
15A
100
AcDbEntity
  8
0
  6
Continuous
 62
    18
420
  4980736
100
AcDbVertex
100
AcDb2dVertex
 10
82.913287
 20
-112.85254
 30
0.0
  0
VERTEX
  5
161
330
15A
100
AcDbEntity
  8
0
  6
Continuous
 62
    18
420
  4980736
100
AcDbVertex
100
AcDb2dVertex
 10
82.623419
 20
-113.166389
 30
0.0
  0
VERTEX
  5
162
330
15A
100
AcDbEntity
  8
0
  6
Continuous
 62
    18
420
  4980736
100
AcDbVertex
100
AcDb2dVertex
 10
82.395632
 20
-113.527828
 30
0.0
  0
VERTEX
  5
163
330
15A
100
AcDbEntity
  8
0
  6
Continuous
 62
    18
420
  4980736
100
AcDbVertex
100
AcDb2dVertex
 10
82.237566
 20
-113.92474
 30
0.0
  0
VERTEX
  5
164
330
15A
100
AcDbEntity
  8
0
  6
Continuous
 62
    18
420
  4980736
100
AcDbVertex
100
AcDb2dVertex
 10
82.154517
 20
-114.34382
 30
0.0
  0
VERTEX
  5
165
330
15A
100
AcDbEntity
  8
0
  6
Continuous
 62
    18
420
  4980736
100
AcDbVertex
100
AcDb2dVertex
 10
82.07355
 20
-115.380147
 30
0.0
  0
VERTEX
  5
166
330
15A
100
AcDbEntity
  8
0
  6
Continuous
 62
    18
420
  4980736
100
AcDbVertex
100
AcDb2dVertex
 10
82.046537
 20
-116.419282
 30
0.0
  0
VERTEX
  5
167
330
15A
100
AcDbEntity
  8
0
  6
Continuous
 62
    18
420
  4980736
100
AcDbVertex
100
AcDb2dVertex
 10
82.07355
 20
-117.458416
 30
0.0
  0
VERTEX
  5
168
330
15A
100
AcDbEntity
  8
0
  6
Continuous
 62
    18
420
  4980736
100
AcDbVertex
100
AcDb2dVertex
 10
82.154517
 20
-118.494744
 30
0.0
  0
VERTEX
  5
169
330
15A
100
AcDbEntity
  8
0
  6
Continuous
 62
    18
420
  4980736
100
AcDbVertex
100
AcDb2dVertex
 10
82.237566
 20
-118.913824
 30
0.0
  0
VERTEX
  5
16A
330
15A
100
AcDbEntity
  8
0
  6
Continuous
 62
    18
420
  4980736
100
AcDbVertex
100
AcDb2dVertex
 10
82.395632
 20
-119.310737
 30
0.0
  0
VERTEX
  5
16B
330
15A
100
AcDbEntity
  8
0
  6
Continuous
 62
    18
420
  4980736
100
AcDbVertex
100
AcDb2dVertex
 10
82.623419
 20
-119.672176
 30
0.0
  0
VERTEX
  5
16C
330
15A
100
AcDbEntity
  8
0
  6
Continuous
 62
    18
420
  4980736
100
AcDbVertex
100
AcDb2dVertex
 10
82.913287
 20
-119.986025
 30
0.0
  0
VERTEX
  5
16D
330
15A
100
AcDbEntity
  8
0
  6
Continuous
 62
    18
420
  4980736
100
AcDbVertex
100
AcDb2dVertex
 10
83.255521
 20
-120.24176
 30
0.0
  0
VERTEX
  5
16E
330
15A
100
AcDbEntity
  8
0
  6
Continuous
 62
    18
420
  4980736
100
AcDbVertex
100
AcDb2dVertex
 10
83.638646
 20
-120.43081
 30
0.0
  0
VERTEX
  5
16F
330
15A
100
AcDbEntity
  8
0
  6
Continuous
 62
    18
420
  4980736
100
AcDbVertex
100
AcDb2dVertex
 10
84.049818
 20
-120.546837
 30
0.0
  0
VERTEX
  5
170
330
15A
100
AcDbEntity
  8
0
  6
Continuous
 62
    18
420
  4980736
100
AcDbVertex
100
AcDb2dVertex
 10
84.475255
 20
-120.585949
 30
0.0
  0
VERTEX
  5
171
330
15A
100
AcDbEntity
  8
0
  6
Continuous
 62
    18
420
  4980736
100
AcDbVertex
100
AcDb2dVertex
 10
86.520162
 20
-120.585949
 30
0.0
  0
SEQEND
  5
172
330
15A
100
AcDbEntity
  8
0
  6
Continuous
 62
    18
420
  4980736
  0
POLYLINE
  5
173
330
1F
100
AcDbEntity
  8
0
  6
Continuous
 62
    18
420
  4980736
100
AcDb2dPolyline
 66
     1
 10
0.0
 20
0.0
 30
0.0
 70
     1
  0
VERTEX
  5
174
330
173
100
AcDbEntity
  8
0
  6
Continuous
 62
    18
420
  4980736
100
AcDbVertex
100
AcDb2dVertex
 10
86.926303
 20
-118.561466
 30
0.0
  0
VERTEX
  5
175
330
173
100
AcDbEntity
  8
0
  6
Continuous
 62
    18
420
  4980736
100
AcDbVertex
100
AcDb2dVertex
 10
85.795582
 20
-118.674372
 30
0.0
  0
VERTEX
  5
176
330
173
100
AcDbEntity
  8
0
  6
Continuous
 62
    18
420
  4980736
100
AcDbVertex
100
AcDb2dVertex
 10
84.784138
 20
-118.70789
 30
0.0
  0
VERTEX
  5
177
330
173
100
AcDbEntity
  8
0
  6
Continuous
 62
    18
420
  4980736
100
AcDbVertex
100
AcDb2dVertex
 10
83.772699
 20
-118.674374
 30
0.0
  0
VERTEX
  5
178
330
173
100
AcDbEntity
  8
0
  6
Continuous
 62
    18
420
  4980736
100
AcDbVertex
100
AcDb2dVertex
 10
82.641965
 20
-118.561466
 30
0.0
  0
VERTEX
  5
179
330
173
100
AcDbEntity
  8
0
  6
Continuous
 62
    18
420
  4980736
100
AcDbVertex
100
AcDb2dVertex
 10
82.529055
 20
-117.430731
 30
0.0
  0
VERTEX
  5
17A
330
173
100
AcDbEntity
  8
0
  6
Continuous
 62
    18
420
  4980736
100
AcDbVertex
100
AcDb2dVertex
 10
82.495536
 20
-116.419286
 30
0.0
  0
VERTEX
  5
17B
330
173
100
AcDbEntity
  8
0
  6
Continuous
 62
    18
420
  4980736
100
AcDbVertex
100
AcDb2dVertex
 10
82.529051
 20
-115.407847
 30
0.0
  0
VERTEX
  5
17C
330
173
100
AcDbEntity
  8
0
  6
Continuous
 62
    18
420
  4980736
100
AcDbVertex
100
AcDb2dVertex
 10
82.641959
 20
-114.277106
 30
0.0
  0
VERTEX
  5
17D
330
173
100
AcDbEntity
  8
0
  6
Continuous
 62
    18
420
  4980736
100
AcDbVertex
100
AcDb2dVertex
 10
83.772693
 20
-114.164199
 30
0.0
  0
VERTEX
  5
17E
330
173
100
AcDbEntity
  8
0
  6
Continuous
 62
    18
420
  4980736
100
AcDbVertex
100
AcDb2dVertex
 10
84.784132
 20
-114.130683
 30
0.0
  0
VERTEX
  5
17F
330
173
100
AcDbEntity
  8
0
  6
Continuous
 62
    18
420
  4980736
100
AcDbVertex
100
AcDb2dVertex
 10
85.795576
 20
-114.164204
 30
0.0
  0
VERTEX
  5
180
330
173
100
AcDbEntity
  8
0
  6
Continuous
 62
    18
420
  4980736
100
AcDbVertex
100
AcDb2dVertex
 10
86.92631
 20
-114.277106
 30
0.0
  0
VERTEX
  5
181
330
173
100
AcDbEntity
  8
0
  6
Continuous
 62
    18
420
  4980736
100
AcDbVertex
100
AcDb2dVertex
 10
87.03922
 20
-115.407841
 30
0.0
  0
VERTEX
  5
182
330
173
100
AcDbEntity
  8
0
  6
Continuous
 62
    18
420
  4980736
100
AcDbVertex
100
AcDb2dVertex
 10
87.072739
 20
-116.41928
 30
0.0
  0
VERTEX
  5
183
330
173
100
AcDbEntity
  8
0
  6
Continuous
 62
    18
420
  4980736
100
AcDbVertex
100
AcDb2dVertex
 10
87.039223
 20
-117.430724
 30
0.0
  0
SEQEND
  5
184
330
173
100
AcDbEntity
  8
0
  6
Continuous
 62
    18
420
  4980736
  0
CIRCLE
  5
185
330
1F
100
AcDbEntity
  8
0
  6
Continuous
 62
    18
420
  4980736
100
AcDbCircle
 10
91.830667
 20
-122.988
 30
0.0
 40
0.947214
  0
CIRCLE
  5
186
330
1F
100
AcDbEntity
  8
0
  6
Continuous
 62
    18
420
  4980736
100
AcDbCircle
 10
91.830667
 20
-122.988
 30
0.0
 40
1.466668
  0
ARC
  5
187
330
1F
100
AcDbEntity
  8
0
  6
Continuous
 62
    18
420
  4980736
100
AcDbCircle
 10
92.195973
 20
-123.572629
 30
0.0
 40
0.228147
100
AcDbArc
 50
77.00024400000139
 51
166.9996410000004
  0
LINE
  5
188
330
1F
100
AcDbEntity
  8
0
  6
Continuous
 62
    18
420
  4980736
100
AcDbLine
 10
92.247294
 20
-123.350329
 30
0.0
 11
92.359755
 21
-123.376291
 31
0.0
  0
ARC
  5
189
330
1F
100
AcDbEntity
  8
0
  6
Continuous
 62
    18
420
  4980736
100
AcDbCircle
 10
92.38175
 20
-123.28102
 30
0.0
 40
0.097777
100
AcDbArc
 50
256.9998420000012
 51
47.00015800000311
  0
LINE
  5
18A
330
1F
100
AcDbEntity
  8
0
  6
Continuous
 62
    18
420
  4980736
100
AcDbLine
 10
92.448433
 20
-123.209511
 30
0.0
 11
92.364027
 21
-123.130802
 31
0.0
  0
ARC
  5
18B
330
1F
100
AcDbEntity
  8
0
  6
Continuous
 62
    18
420
  4980736
100
AcDbCircle
 10
92.519624
 20
-122.963946
 30
0.0
 40
0.228148
100
AcDbArc
 50
136.9998370000013
 51
226.9998370000013
  0
LINE
  5
18C
330
1F
100
AcDbEntity
  8
0
  6
Continuous
 62
    18
420
  4980736
100
AcDbLine
 10
92.352768
 20
-122.808349
 30
0.0
 11
92.43148
 21
-122.723942
 31
0.0
  0
ARC
  5
18D
330
1F
100
AcDbEntity
  8
0
  6
Continuous
 62
    18
420
  4980736
100
AcDbCircle
 10
92.359971
 20
-122.657259
 30
0.0
 40
0.097776
100
AcDbArc
 50
316.9998379999979
 51
107.0008990000001
  0
LINE
  5
18E
330
1F
100
AcDbEntity
  8
0
  6
Continuous
 62
    18
420
  4980736
100
AcDbLine
 10
92.331382
 20
-122.563755
 30
0.0
 11
92.221012
 21
-122.597497
 31
0.0
  0
ARC
  5
18F
330
1F
100
AcDbEntity
  8
0
  6
Continuous
 62
    18
420
  4980736
100
AcDbCircle
 10
92.154313
 20
-122.379316
 30
0.0
 40
0.228148
100
AcDbArc
 50
196.9995580000004
 51
286.9986750000029
  0
LINE
  5
190
330
1F
100
AcDbEntity
  8
0
  6
Continuous
 62
    18
420
  4980736
100
AcDbLine
 10
91.936133
 20
-122.446019
 30
0.0
 11
91.902392
 21
-122.335652
 31
0.0
  0
ARC
  5
191
330
1F
100
AcDbEntity
  8
0
  6
Continuous
 62
    18
420
  4980736
100
AcDbCircle
 10
91.808887
 20
-122.364238
 30
0.0
 40
0.097777
100
AcDbArc
 50
16.9997540000035
 51
167.000814999998
  0
LINE
  5
192
330
1F
100
AcDbEntity
  8
0
  6
Continuous
 62
    18
420
  4980736
100
AcDbLine
 10
91.713616
 20
-122.342245
 30
0.0
 11
91.687653
 21
-122.454696
 31
0.0
  0
ARC
  5
193
330
1F
100
AcDbEntity
  8
0
  6
Continuous
 62
    18
420
  4980736
100
AcDbCircle
 10
91.465353
 20
-122.403375
 30
0.0
 40
0.228148
100
AcDbArc
 50
257.0001629999995
 51
347.0001629999995
  0
LINE
  5
194
330
1F
100
AcDbEntity
  8
0
  6
Continuous
 62
    18
420
  4980736
100
AcDbLine
 10
91.414032
 20
-122.625675
 30
0.0
 11
91.301578
 21
-122.599711
 31
0.0
  0
ARC
  5
195
330
1F
100
AcDbEntity
  8
0
  6
Continuous
 62
    18
420
  4980736
100
AcDbCircle
 10
91.279583
 20
-122.694982
 30
0.0
 40
0.097777
100
AcDbArc
 50
76.99984200000121
 51
227.0001580000031
  0
LINE
  5
196
330
1F
100
AcDbEntity
  8
0
  6
Continuous
 62
    18
420
  4980736
100
AcDbLine
 10
91.212899
 20
-122.766492
 30
0.0
 11
91.2973
 21
-122.8452
 31
0.0
  0
ARC
  5
197
330
1F
100
AcDbEntity
  8
0
  6
Continuous
 62
    18
420
  4980736
100
AcDbCircle
 10
91.141703
 20
-123.012056
 30
0.0
 40
0.228148
100
AcDbArc
 50
316.9998370000013
 51
46.99983700000131
  0
LINE
  5
198
330
1F
100
AcDbEntity
  8
0
  6
Continuous
 62
    18
420
  4980736
100
AcDbLine
 10
91.308559
 20
-123.167653
 30
0.0
 11
91.229851
 21
-123.252059
 31
0.0
  0
ARC
  5
199
330
1F
100
AcDbEntity
  8
0
  6
Continuous
 62
    18
420
  4980736
100
AcDbCircle
 10
91.30136
 20
-123.318742
 30
0.0
 40
0.097776
100
AcDbArc
 50
136.9998379999979
 51
287.0008990000001
  0
LINE
  5
19A
330
1F
100
AcDbEntity
  8
0
  6
Continuous
 62
    18
420
  4980736
100
AcDbLine
 10
91.329948
 20
-123.412246
 30
0.0
 11
91.440318
 21
-123.378506
 31
0.0
  0
ARC
  5
19B
330
1F
100
AcDbEntity
  8
0
  6
Continuous
 62
    18
420
  4980736
100
AcDbCircle
 10
91.507016
 20
-123.596686
 30
0.0
 40
0.228147
100
AcDbArc
 50
16.99977899999943
 51
106.9984540000001
  0
LINE
  5
19C
330
1F
100
AcDbEntity
  8
0
  6
Continuous
 62
    18
420
  4980736
100
AcDbLine
 10
91.725194
 20
-123.529983
 30
0.0
 11
91.758938
 21
-123.640349
 31
0.0
  0
ARC
  5
19D
330
1F
100
AcDbEntity
  8
0
  6
Continuous
 62
    18
420
  4980736
100
AcDbCircle
 10
91.852443
 20
-123.611763
 30
0.0
 40
0.097777
100
AcDbArc
 50
196.9997540000035
 51
347.0008149999979
  0
LINE
  5
19E
330
1F
100
AcDbEntity
  8
0
  6
Continuous
 62
    18
420
  4980736
100
AcDbLine
 10
91.947715
 20
-123.633756
 30
0.0
 11
91.973674
 21
-123.521306
 31
0.0
  0
POLYLINE
  5
19F
330
1F
100
AcDbEntity
  8
0
  6
Continuous
 62
    18
420
  4980736
100
AcDb2dPolyline
 66
     1
 10
0.0
 20
0.0
 30
0.0
  0
VERTEX
  5
1A0
330
19F
100
AcDbEntity
  8
0
  6
Continuous
 62
    18
420
  4980736
100
AcDbVertex
100
AcDb2dVertex
 10
93.566695
 20
-118.821333
 30
0.0
  0
VERTEX
  5
1A1
330
19F
100
AcDbEntity
  8
0
  6
Continuous
 62
    18
420
  4980736
100
AcDbVertex
100
AcDb2dVertex
 10
91.521786
 20
-118.821333
 30
0.0
  0
VERTEX
  5
1A2
330
19F
100
AcDbEntity
  8
0
  6
Continuous
 62
    18
420
  4980736
100
AcDbVertex
100
AcDb2dVertex
 10
91.096351
 20
-118.860446
 30
0.0
  0
VERTEX
  5
1A3
330
19F
100
AcDbEntity
  8
0
  6
Continuous
 62
    18
420
  4980736
100
AcDbVertex
100
AcDb2dVertex
 10
90.685179
 20
-118.976472
 30
0.0
  0
VERTEX
  5
1A4
330
19F
100
AcDbEntity
  8
0
  6
Continuous
 62
    18
420
  4980736
100
AcDbVertex
100
AcDb2dVertex
 10
90.302054
 20
-119.165522
 30
0.0
  0
VERTEX
  5
1A5
330
19F
100
AcDbEntity
  8
0
  6
Continuous
 62
    18
420
  4980736
100
AcDbVertex
100
AcDb2dVertex
 10
89.95982
 20
-119.421258
 30
0.0
  0
VERTEX
  5
1A6
330
19F
100
AcDbEntity
  8
0
  6
Continuous
 62
    18
420
  4980736
100
AcDbVertex
100
AcDb2dVertex
 10
89.669951
 20
-119.735106
 30
0.0
  0
VERTEX
  5
1A7
330
19F
100
AcDbEntity
  8
0
  6
Continuous
 62
    18
420
  4980736
100
AcDbVertex
100
AcDb2dVertex
 10
89.442165
 20
-120.096545
 30
0.0
  0
VERTEX
  5
1A8
330
19F
100
AcDbEntity
  8
0
  6
Continuous
 62
    18
420
  4980736
100
AcDbVertex
100
AcDb2dVertex
 10
89.284098
 20
-120.493458
 30
0.0
  0
VERTEX
  5
1A9
330
19F
100
AcDbEntity
  8
0
  6
Continuous
 62
    18
420
  4980736
100
AcDbVertex
100
AcDb2dVertex
 10
89.20105
 20
-120.912538
 30
0.0
  0
VERTEX
  5
1AA
330
19F
100
AcDbEntity
  8
0
  6
Continuous
 62
    18
420
  4980736
100
AcDbVertex
100
AcDb2dVertex
 10
89.120083
 20
-121.948865
 30
0.0
  0
VERTEX
  5
1AB
330
19F
100
AcDbEntity
  8
0
  6
Continuous
 62
    18
420
  4980736
100
AcDbVertex
100
AcDb2dVertex
 10
89.09307
 20
-122.987999
 30
0.0
  0
VERTEX
  5
1AC
330
19F
100
AcDbEntity
  8
0
  6
Continuous
 62
    18
420
  4980736
100
AcDbVertex
100
AcDb2dVertex
 10
89.120083
 20
-124.027134
 30
0.0
  0
VERTEX
  5
1AD
330
19F
100
AcDbEntity
  8
0
  6
Continuous
 62
    18
420
  4980736
100
AcDbVertex
100
AcDb2dVertex
 10
89.20105
 20
-125.063461
 30
0.0
  0
VERTEX
  5
1AE
330
19F
100
AcDbEntity
  8
0
  6
Continuous
 62
    18
420
  4980736
100
AcDbVertex
100
AcDb2dVertex
 10
89.284098
 20
-125.482542
 30
0.0
  0
VERTEX
  5
1AF
330
19F
100
AcDbEntity
  8
0
  6
Continuous
 62
    18
420
  4980736
100
AcDbVertex
100
AcDb2dVertex
 10
89.442165
 20
-125.879455
 30
0.0
  0
VERTEX
  5
1B0
330
19F
100
AcDbEntity
  8
0
  6
Continuous
 62
    18
420
  4980736
100
AcDbVertex
100
AcDb2dVertex
 10
89.669951
 20
-126.240894
 30
0.0
  0
VERTEX
  5
1B1
330
19F
100
AcDbEntity
  8
0
  6
Continuous
 62
    18
420
  4980736
100
AcDbVertex
100
AcDb2dVertex
 10
89.95982
 20
-126.554742
 30
0.0
  0
VERTEX
  5
1B2
330
19F
100
AcDbEntity
  8
0
  6
Continuous
 62
    18
420
  4980736
100
AcDbVertex
100
AcDb2dVertex
 10
90.302054
 20
-126.810478
 30
0.0
  0
VERTEX
  5
1B3
330
19F
100
AcDbEntity
  8
0
  6
Continuous
 62
    18
420
  4980736
100
AcDbVertex
100
AcDb2dVertex
 10
90.685179
 20
-126.999528
 30
0.0
  0
VERTEX
  5
1B4
330
19F
100
AcDbEntity
  8
0
  6
Continuous
 62
    18
420
  4980736
100
AcDbVertex
100
AcDb2dVertex
 10
91.096351
 20
-127.115554
 30
0.0
  0
VERTEX
  5
1B5
330
19F
100
AcDbEntity
  8
0
  6
Continuous
 62
    18
420
  4980736
100
AcDbVertex
100
AcDb2dVertex
 10
91.521788
 20
-127.154667
 30
0.0
  0
VERTEX
  5
1B6
330
19F
100
AcDbEntity
  8
0
  6
Continuous
 62
    18
420
  4980736
100
AcDbVertex
100
AcDb2dVertex
 10
93.566695
 20
-127.154667
 30
0.0
  0
SEQEND
  5
1B7
330
19F
100
AcDbEntity
  8
0
  6
Continuous
 62
    18
420
  4980736
  0
POLYLINE
  5
1B8
330
1F
100
AcDbEntity
  8
0
  6
Continuous
 62
    18
420
  4980736
100
AcDb2dPolyline
 66
     1
 10
0.0
 20
0.0
 30
0.0
  0
VERTEX
  5
1B9
330
1B8
100
AcDbEntity
  8
0
  6
Continuous
 62
    18
420
  4980736
100
AcDbVertex
100
AcDb2dVertex
 10
93.566695
 20
-127.154667
 30
0.0
  0
VERTEX
  5
1BA
330
1B8
100
AcDbEntity
  8
0
  6
Continuous
 62
    18
420
  4980736
100
AcDbVertex
100
AcDb2dVertex
 10
93.566695
 20
-125.170738
 30
0.0
  0
SEQEND
  5
1BB
330
1B8
100
AcDbEntity
  8
0
  6
Continuous
 62
    18
420
  4980736
  0
POLYLINE
  5
1BC
330
1F
100
AcDbEntity
  8
0
  6
Continuous
 62
    18
420
  4980736
100
AcDb2dPolyline
 66
     1
 10
0.0
 20
0.0
 30
0.0
  0
VERTEX
  5
1BD
330
1BC
100
AcDbEntity
  8
0
  6
Continuous
 62
    18
420
  4980736
100
AcDbVertex
100
AcDb2dVertex
 10
93.566695
 20
-120.805271
 30
0.0
  0
VERTEX
  5
1BE
330
1BC
100
AcDbEntity
  8
0
  6
Continuous
 62
    18
420
  4980736
100
AcDbVertex
100
AcDb2dVertex
 10
93.566695
 20
-118.821333
 30
0.0
  0
SEQEND
  5
1BF
330
1BC
100
AcDbEntity
  8
0
  6
Continuous
 62
    18
420
  4980736
  0
POLYLINE
  5
1C0
330
1F
100
AcDbEntity
  8
0
  6
Continuous
 62
    18
420
  4980736
100
AcDb2dPolyline
 66
     1
 10
0.0
 20
0.0
 30
0.0
 70
     1
  0
VERTEX
  5
1C1
330
1C0
100
AcDbEntity
  8
0
  6
Continuous
 62
    18
420
  4980736
100
AcDbVertex
100
AcDb2dVertex
 10
93.972836
 20
-125.130183
 30
0.0
  0
VERTEX
  5
1C2
330
1C0
100
AcDbEntity
  8
0
  6
Continuous
 62
    18
420
  4980736
100
AcDbVertex
100
AcDb2dVertex
 10
92.842115
 20
-125.24309
 30
0.0
  0
VERTEX
  5
1C3
330
1C0
100
AcDbEntity
  8
0
  6
Continuous
 62
    18
420
  4980736
100
AcDbVertex
100
AcDb2dVertex
 10
91.830671
 20
-125.276608
 30
0.0
  0
VERTEX
  5
1C4
330
1C0
100
AcDbEntity
  8
0
  6
Continuous
 62
    18
420
  4980736
100
AcDbVertex
100
AcDb2dVertex
 10
90.819232
 20
-125.243091
 30
0.0
  0
VERTEX
  5
1C5
330
1C0
100
AcDbEntity
  8
0
  6
Continuous
 62
    18
420
  4980736
100
AcDbVertex
100
AcDb2dVertex
 10
89.688498
 20
-125.130183
 30
0.0
  0
VERTEX
  5
1C6
330
1C0
100
AcDbEntity
  8
0
  6
Continuous
 62
    18
420
  4980736
100
AcDbVertex
100
AcDb2dVertex
 10
89.575587
 20
-123.999448
 30
0.0
  0
VERTEX
  5
1C7
330
1C0
100
AcDbEntity
  8
0
  6
Continuous
 62
    18
420
  4980736
100
AcDbVertex
100
AcDb2dVertex
 10
89.542068
 20
-122.988004
 30
0.0
  0
VERTEX
  5
1C8
330
1C0
100
AcDbEntity
  8
0
  6
Continuous
 62
    18
420
  4980736
100
AcDbVertex
100
AcDb2dVertex
 10
89.575584
 20
-121.976565
 30
0.0
  0
VERTEX
  5
1C9
330
1C0
100
AcDbEntity
  8
0
  6
Continuous
 62
    18
420
  4980736
100
AcDbVertex
100
AcDb2dVertex
 10
89.688492
 20
-120.845824
 30
0.0
  0
VERTEX
  5
1CA
330
1C0
100
AcDbEntity
  8
0
  6
Continuous
 62
    18
420
  4980736
100
AcDbVertex
100
AcDb2dVertex
 10
90.819225
 20
-120.732916
 30
0.0
  0
VERTEX
  5
1CB
330
1C0
100
AcDbEntity
  8
0
  6
Continuous
 62
    18
420
  4980736
100
AcDbVertex
100
AcDb2dVertex
 10
91.830665
 20
-120.699401
 30
0.0
  0
VERTEX
  5
1CC
330
1C0
100
AcDbEntity
  8
0
  6
Continuous
 62
    18
420
  4980736
100
AcDbVertex
100
AcDb2dVertex
 10
92.842109
 20
-120.732921
 30
0.0
  0
VERTEX
  5
1CD
330
1C0
100
AcDbEntity
  8
0
  6
Continuous
 62
    18
420
  4980736
100
AcDbVertex
100
AcDb2dVertex
 10
93.972842
 20
-120.845824
 30
0.0
  0
VERTEX
  5
1CE
330
1C0
100
AcDbEntity
  8
0
  6
Continuous
 62
    18
420
  4980736
100
AcDbVertex
100
AcDb2dVertex
 10
94.085753
 20
-121.976559
 30
0.0
  0
VERTEX
  5
1CF
330
1C0
100
AcDbEntity
  8
0
  6
Continuous
 62
    18
420
  4980736
100
AcDbVertex
100
AcDb2dVertex
 10
94.119271
 20
-122.987998
 30
0.0
  0
VERTEX
  5
1D0
330
1C0
100
AcDbEntity
  8
0
  6
Continuous
 62
    18
420
  4980736
100
AcDbVertex
100
AcDb2dVertex
 10
94.085755
 20
-123.999442
 30
0.0
  0
SEQEND
  5
1D1
330
1C0
100
AcDbEntity
  8
0
  6
Continuous
 62
    18
420
  4980736
  0
POLYLINE
  5
1D2
330
1F
100
AcDbEntity
  8
0
  6
Continuous
 62
    18
420
  4980736
100
AcDb2dPolyline
 66
     1
 10
0.0
 20
0.0
 30
0.0
  0
VERTEX
  5
1D3
330
1D2
100
AcDbEntity
  8
0
  6
Continuous
 62
    18
420
  4980736
100
AcDbVertex
100
AcDb2dVertex
 10
79.473625
 20
-133.064586
 30
0.0
  0
VERTEX
  5
1D4
330
1D2
100
AcDbEntity
  8
0
  6
Continuous
 62
    18
420
  4980736
100
AcDbVertex
100
AcDb2dVertex
 10
76.297261
 20
-133.064599
 30
0.0
  0
VERTEX
  5
1D5
330
1D2
100
AcDbEntity
  8
0
  6
Continuous
 62
    18
420
  4980736
100
AcDbVertex
100
AcDb2dVertex
 10
76.041971
 20
-132.780437
 30
0.0
  0
VERTEX
  5
1D6
330
1D2
100
AcDbEntity
  8
0
  6
Continuous
 62
    18
420
  4980736
100
AcDbVertex
100
AcDb2dVertex
 10
75.837883
 20
-132.45753
 30
0.0
  0
VERTEX
  5
1D7
330
1D2
100
AcDbEntity
  8
0
  6
Continuous
 62
    18
420
  4980736
100
AcDbVertex
100
AcDb2dVertex
 10
75.690763
 20
-132.105002
 30
0.0
  0
VERTEX
  5
1D8
330
1D2
100
AcDbEntity
  8
0
  6
Continuous
 62
    18
420
  4980736
100
AcDbVertex
100
AcDb2dVertex
 10
75.604767
 20
-131.732812
 30
0.0
  0
VERTEX
  5
1D9
330
1D2
100
AcDbEntity
  8
0
  6
Continuous
 62
    18
420
  4980736
100
AcDbVertex
100
AcDb2dVertex
 10
75.518285
 20
-131.010201
 30
0.0
  0
VERTEX
  5
1DA
330
1D2
100
AcDbEntity
  8
0
  6
Continuous
 62
    18
420
  4980736
100
AcDbVertex
100
AcDb2dVertex
 10
75.466325
 20
-130.284286
 30
0.0
  0
VERTEX
  5
1DB
330
1D2
100
AcDbEntity
  8
0
  6
Continuous
 62
    18
420
  4980736
100
AcDbVertex
100
AcDb2dVertex
 10
75.448991
 20
-129.556721
 30
0.0
  0
VERTEX
  5
1DC
330
1D2
100
AcDbEntity
  8
0
  6
Continuous
 62
    18
420
  4980736
100
AcDbVertex
100
AcDb2dVertex
 10
75.466324
 20
-128.829155
 30
0.0
  0
VERTEX
  5
1DD
330
1D2
100
AcDbEntity
  8
0
  6
Continuous
 62
    18
420
  4980736
100
AcDbVertex
100
AcDb2dVertex
 10
75.518294
 20
-128.103253
 30
0.0
  0
VERTEX
  5
1DE
330
1D2
100
AcDbEntity
  8
0
  6
Continuous
 62
    18
420
  4980736
100
AcDbVertex
100
AcDb2dVertex
 10
75.604762
 20
-127.380627
 30
0.0
  0
VERTEX
  5
1DF
330
1D2
100
AcDbEntity
  8
0
  6
Continuous
 62
    18
420
  4980736
100
AcDbVertex
100
AcDb2dVertex
 10
75.690759
 20
-127.008432
 30
0.0
  0
VERTEX
  5
1E0
330
1D2
100
AcDbEntity
  8
0
  6
Continuous
 62
    18
420
  4980736
100
AcDbVertex
100
AcDb2dVertex
 10
75.83788
 20
-126.655904
 30
0.0
  0
VERTEX
  5
1E1
330
1D2
100
AcDbEntity
  8
0
  6
Continuous
 62
    18
420
  4980736
100
AcDbVertex
100
AcDb2dVertex
 10
76.04197
 20
-126.332997
 30
0.0
  0
VERTEX
  5
1E2
330
1D2
100
AcDbEntity
  8
0
  6
Continuous
 62
    18
420
  4980736
100
AcDbVertex
100
AcDb2dVertex
 10
76.297261
 20
-126.048836
 30
0.0
  0
VERTEX
  5
1E3
330
1D2
100
AcDbEntity
  8
0
  6
Continuous
 62
    18
420
  4980736
100
AcDbVertex
100
AcDb2dVertex
 10
79.473625
 20
-126.048836
 30
0.0
  0
SEQEND
  5
1E4
330
1D2
100
AcDbEntity
  8
0
  6
Continuous
 62
    18
420
  4980736
  0
POLYLINE
  5
1E5
330
1F
100
AcDbEntity
  8
0
  6
Continuous
 62
    18
420
  4980736
100
AcDb2dPolyline
 66
     1
 10
0.0
 20
0.0
 30
0.0
  0
VERTEX
  5
1E6
330
1E5
100
AcDbEntity
  8
0
  6
Continuous
 62
    18
420
  4980736
100
AcDbVertex
100
AcDb2dVertex
 10
79.473625
 20
-123.21151
 30
0.0
  0
VERTEX
  5
1E7
330
1E5
100
AcDbEntity
  8
0
  6
Continuous
 62
    18
420
  4980736
100
AcDbVertex
100
AcDb2dVertex
 10
76.297261
 20
-123.211522
 30
0.0
  0
VERTEX
  5
1E8
330
1E5
100
AcDbEntity
  8
0
  6
Continuous
 62
    18
420
  4980736
100
AcDbVertex
100
AcDb2dVertex
 10
76.041971
 20
-122.92736
 30
0.0
  0
VERTEX
  5
1E9
330
1E5
100
AcDbEntity
  8
0
  6
Continuous
 62
    18
420
  4980736
100
AcDbVertex
100
AcDb2dVertex
 10
75.837883
 20
-122.604453
 30
0.0
  0
VERTEX
  5
1EA
330
1E5
100
AcDbEntity
  8
0
  6
Continuous
 62
    18
420
  4980736
100
AcDbVertex
100
AcDb2dVertex
 10
75.690763
 20
-122.251925
 30
0.0
  0
VERTEX
  5
1EB
330
1E5
100
AcDbEntity
  8
0
  6
Continuous
 62
    18
420
  4980736
100
AcDbVertex
100
AcDb2dVertex
 10
75.604767
 20
-121.879735
 30
0.0
  0
VERTEX
  5
1EC
330
1E5
100
AcDbEntity
  8
0
  6
Continuous
 62
    18
420
  4980736
100
AcDbVertex
100
AcDb2dVertex
 10
75.518285
 20
-121.157124
 30
0.0
  0
VERTEX
  5
1ED
330
1E5
100
AcDbEntity
  8
0
  6
Continuous
 62
    18
420
  4980736
100
AcDbVertex
100
AcDb2dVertex
 10
75.466325
 20
-120.431209
 30
0.0
  0
VERTEX
  5
1EE
330
1E5
100
AcDbEntity
  8
0
  6
Continuous
 62
    18
420
  4980736
100
AcDbVertex
100
AcDb2dVertex
 10
75.448991
 20
-119.703644
 30
0.0
  0
VERTEX
  5
1EF
330
1E5
100
AcDbEntity
  8
0
  6
Continuous
 62
    18
420
  4980736
100
AcDbVertex
100
AcDb2dVertex
 10
75.466324
 20
-118.976078
 30
0.0
  0
VERTEX
  5
1F0
330
1E5
100
AcDbEntity
  8
0
  6
Continuous
 62
    18
420
  4980736
100
AcDbVertex
100
AcDb2dVertex
 10
75.518294
 20
-118.250177
 30
0.0
  0
VERTEX
  5
1F1
330
1E5
100
AcDbEntity
  8
0
  6
Continuous
 62
    18
420
  4980736
100
AcDbVertex
100
AcDb2dVertex
 10
75.604762
 20
-117.52755
 30
0.0
  0
VERTEX
  5
1F2
330
1E5
100
AcDbEntity
  8
0
  6
Continuous
 62
    18
420
  4980736
100
AcDbVertex
100
AcDb2dVertex
 10
75.690759
 20
-117.155356
 30
0.0
  0
VERTEX
  5
1F3
330
1E5
100
AcDbEntity
  8
0
  6
Continuous
 62
    18
420
  4980736
100
AcDbVertex
100
AcDb2dVertex
 10
75.83788
 20
-116.802827
 30
0.0
  0
VERTEX
  5
1F4
330
1E5
100
AcDbEntity
  8
0
  6
Continuous
 62
    18
420
  4980736
100
AcDbVertex
100
AcDb2dVertex
 10
76.04197
 20
-116.47992
 30
0.0
  0
VERTEX
  5
1F5
330
1E5
100
AcDbEntity
  8
0
  6
Continuous
 62
    18
420
  4980736
100
AcDbVertex
100
AcDb2dVertex
 10
76.297261
 20
-116.195759
 30
0.0
  0
VERTEX
  5
1F6
330
1E5
100
AcDbEntity
  8
0
  6
Continuous
 62
    18
420
  4980736
100
AcDbVertex
100
AcDb2dVertex
 10
79.473625
 20
-116.195759
 30
0.0
  0
SEQEND
  5
1F7
330
1E5
100
AcDbEntity
  8
0
  6
Continuous
 62
    18
420
  4980736
  0
POLYLINE
  5
1F8
330
1F
100
AcDbEntity
  8
0
  6
Continuous
 62
    18
420
  4980736
100
AcDb2dPolyline
 66
     1
 10
0.0
 20
0.0
 30
0.0
  0
VERTEX
  5
1F9
330
1F8
100
AcDbEntity
  8
0
  6
Continuous
 62
    18
420
  4980736
100
AcDbVertex
100
AcDb2dVertex
 10
86.520162
 20
-119.927151
 30
0.0
  0
VERTEX
  5
1FA
330
1F8
100
AcDbEntity
  8
0
  6
Continuous
 62
    18
420
  4980736
100
AcDbVertex
100
AcDb2dVertex
 10
83.343798
 20
-119.927164
 30
0.0
  0
VERTEX
  5
1FB
330
1F8
100
AcDbEntity
  8
0
  6
Continuous
 62
    18
420
  4980736
100
AcDbVertex
100
AcDb2dVertex
 10
83.088508
 20
-119.643002
 30
0.0
  0
VERTEX
  5
1FC
330
1F8
100
AcDbEntity
  8
0
  6
Continuous
 62
    18
420
  4980736
100
AcDbVertex
100
AcDb2dVertex
 10
82.88442
 20
-119.320095
 30
0.0
  0
VERTEX
  5
1FD
330
1F8
100
AcDbEntity
  8
0
  6
Continuous
 62
    18
420
  4980736
100
AcDbVertex
100
AcDb2dVertex
 10
82.7373
 20
-118.967566
 30
0.0
  0
VERTEX
  5
1FE
330
1F8
100
AcDbEntity
  8
0
  6
Continuous
 62
    18
420
  4980736
100
AcDbVertex
100
AcDb2dVertex
 10
82.651304
 20
-118.595377
 30
0.0
  0
VERTEX
  5
1FF
330
1F8
100
AcDbEntity
  8
0
  6
Continuous
 62
    18
420
  4980736
100
AcDbVertex
100
AcDb2dVertex
 10
82.564822
 20
-117.872765
 30
0.0
  0
VERTEX
  5
200
330
1F8
100
AcDbEntity
  8
0
  6
Continuous
 62
    18
420
  4980736
100
AcDbVertex
100
AcDb2dVertex
 10
82.512861
 20
-117.14685
 30
0.0
  0
VERTEX
  5
201
330
1F8
100
AcDbEntity
  8
0
  6
Continuous
 62
    18
420
  4980736
100
AcDbVertex
100
AcDb2dVertex
 10
82.495528
 20
-116.419286
 30
0.0
  0
VERTEX
  5
202
330
1F8
100
AcDbEntity
  8
0
  6
Continuous
 62
    18
420
  4980736
100
AcDbVertex
100
AcDb2dVertex
 10
82.512861
 20
-115.691719
 30
0.0
  0
VERTEX
  5
203
330
1F8
100
AcDbEntity
  8
0
  6
Continuous
 62
    18
420
  4980736
100
AcDbVertex
100
AcDb2dVertex
 10
82.564831
 20
-114.965818
 30
0.0
  0
VERTEX
  5
204
330
1F8
100
AcDbEntity
  8
0
  6
Continuous
 62
    18
420
  4980736
100
AcDbVertex
100
AcDb2dVertex
 10
82.651299
 20
-114.243192
 30
0.0
  0
VERTEX
  5
205
330
1F8
100
AcDbEntity
  8
0
  6
Continuous
 62
    18
420
  4980736
100
AcDbVertex
100
AcDb2dVertex
 10
82.737296
 20
-113.870997
 30
0.0
  0
VERTEX
  5
206
330
1F8
100
AcDbEntity
  8
0
  6
Continuous
 62
    18
420
  4980736
100
AcDbVertex
100
AcDb2dVertex
 10
82.884417
 20
-113.518468
 30
0.0
  0
VERTEX
  5
207
330
1F8
100
AcDbEntity
  8
0
  6
Continuous
 62
    18
420
  4980736
100
AcDbVertex
100
AcDb2dVertex
 10
83.088506
 20
-113.195562
 30
0.0
  0
VERTEX
  5
208
330
1F8
100
AcDbEntity
  8
0
  6
Continuous
 62
    18
420
  4980736
100
AcDbVertex
100
AcDb2dVertex
 10
83.343798
 20
-112.911401
 30
0.0
  0
VERTEX
  5
209
330
1F8
100
AcDbEntity
  8
0
  6
Continuous
 62
    18
420
  4980736
100
AcDbVertex
100
AcDb2dVertex
 10
86.520162
 20
-112.911401
 30
0.0
  0
SEQEND
  5
20A
330
1F8
100
AcDbEntity
  8
0
  6
Continuous
 62
    18
420
  4980736
  0
POLYLINE
  5
20B
330
1F
100
AcDbEntity
  8
0
  6
Continuous
 62
    18
420
  4980736
100
AcDb2dPolyline
 66
     1
 10
0.0
 20
0.0
 30
0.0
  0
VERTEX
  5
20C
330
20B
100
AcDbEntity
  8
0
  6
Continuous
 62
    18
420
  4980736
100
AcDbVertex
100
AcDb2dVertex
 10
93.566695
 20
-126.495869
 30
0.0
  0
VERTEX
  5
20D
330
20B
100
AcDbEntity
  8
0
  6
Continuous
 62
    18
420
  4980736
100
AcDbVertex
100
AcDb2dVertex
 10
90.390331
 20
-126.495881
 30
0.0
  0
VERTEX
  5
20E
330
20B
100
AcDbEntity
  8
0
  6
Continuous
 62
    18
420
  4980736
100
AcDbVertex
100
AcDb2dVertex
 10
90.135041
 20
-126.211719
 30
0.0
  0
VERTEX
  5
20F
330
20B
100
AcDbEntity
  8
0
  6
Continuous
 62
    18
420
  4980736
100
AcDbVertex
100
AcDb2dVertex
 10
89.930953
 20
-125.888813
 30
0.0
  0
VERTEX
  5
210
330
20B
100
AcDbEntity
  8
0
  6
Continuous
 62
    18
420
  4980736
100
AcDbVertex
100
AcDb2dVertex
 10
89.783832
 20
-125.536284
 30
0.0
  0
VERTEX
  5
211
330
20B
100
AcDbEntity
  8
0
  6
Continuous
 62
    18
420
  4980736
100
AcDbVertex
100
AcDb2dVertex
 10
89.697837
 20
-125.164094
 30
0.0
  0
VERTEX
  5
212
330
20B
100
AcDbEntity
  8
0
  6
Continuous
 62
    18
420
  4980736
100
AcDbVertex
100
AcDb2dVertex
 10
89.611354
 20
-124.441483
 30
0.0
  0
VERTEX
  5
213
330
20B
100
AcDbEntity
  8
0
  6
Continuous
 62
    18
420
  4980736
100
AcDbVertex
100
AcDb2dVertex
 10
89.559394
 20
-123.715568
 30
0.0
  0
VERTEX
  5
214
330
20B
100
AcDbEntity
  8
0
  6
Continuous
 62
    18
420
  4980736
100
AcDbVertex
100
AcDb2dVertex
 10
89.542061
 20
-122.988004
 30
0.0
  0
VERTEX
  5
215
330
20B
100
AcDbEntity
  8
0
  6
Continuous
 62
    18
420
  4980736
100
AcDbVertex
100
AcDb2dVertex
 10
89.559393
 20
-122.260437
 30
0.0
  0
VERTEX
  5
216
330
20B
100
AcDbEntity
  8
0
  6
Continuous
 62
    18
420
  4980736
100
AcDbVertex
100
AcDb2dVertex
 10
89.611364
 20
-121.534536
 30
0.0
  0
VERTEX
  5
217
330
20B
100
AcDbEntity
  8
0
  6
Continuous
 62
    18
420
  4980736
100
AcDbVertex
100
AcDb2dVertex
 10
89.697832
 20
-120.81191
 30
0.0
  0
VERTEX
  5
218
330
20B
100
AcDbEntity
  8
0
  6
Continuous
 62
    18
420
  4980736
100
AcDbVertex
100
AcDb2dVertex
 10
89.783829
 20
-120.439715
 30
0.0
  0
VERTEX
  5
219
330
20B
100
AcDbEntity
  8
0
  6
Continuous
 62
    18
420
  4980736
100
AcDbVertex
100
AcDb2dVertex
 10
89.93095
 20
-120.087186
 30
0.0
  0
VERTEX
  5
21A
330
20B
100
AcDbEntity
  8
0
  6
Continuous
 62
    18
420
  4980736
100
AcDbVertex
100
AcDb2dVertex
 10
90.135039
 20
-119.764279
 30
0.0
  0
VERTEX
  5
21B
330
20B
100
AcDbEntity
  8
0
  6
Continuous
 62
    18
420
  4980736
100
AcDbVertex
100
AcDb2dVertex
 10
90.39033
 20
-119.480118
 30
0.0
  0
VERTEX
  5
21C
330
20B
100
AcDbEntity
  8
0
  6
Continuous
 62
    18
420
  4980736
100
AcDbVertex
100
AcDb2dVertex
 10
93.566695
 20
-119.480118
 30
0.0
  0
SEQEND
  5
21D
330
20B
100
AcDbEntity
  8
0
  6
Continuous
 62
    18
420
  4980736
  0
POLYLINE
  5
21E
330
1F
100
AcDbEntity
  8
0
  6
Continuous
 62
    18
420
  4980736
100
AcDb2dPolyline
 66
     1
 10
0.0
 20
0.0
 30
0.0
 70
     1
  0
VERTEX
  5
21F
330
21E
100
AcDbEntity
  8
0
  6
Continuous
 62
    18
420
  4980736
100
AcDbVertex
100
AcDb2dVertex
 10
100.0
 20
-129.878
 30
0.0
  0
VERTEX
  5
220
330
21E
100
AcDbEntity
  8
0
  6
Continuous
 62
    18
420
  4980736
100
AcDbVertex
100
AcDb2dVertex
 10
100.0
 20
-117.122
 30
0.0
  0
VERTEX
  5
221
330
21E
100
AcDbEntity
  8
0
  6
Continuous
 62
    18
420
  4980736
100
AcDbVertex
100
AcDb2dVertex
 10
97.5
 20
-119.005885
 30
0.0
  0
VERTEX
  5
222
330
21E
100
AcDbEntity
  8
0
  6
Continuous
 62
    18
420
  4980736
100
AcDbVertex
100
AcDb2dVertex
 10
97.5
 20
-127.994115
 30
0.0
  0
SEQEND
  5
223
330
21E
100
AcDbEntity
  8
0
  6
Continuous
 62
    18
420
  4980736
  0
POLYLINE
  5
224
330
1F
100
AcDbEntity
  8
0
  6
Continuous
 62
    18
420
  4980736
100
AcDb2dPolyline
 66
     1
 10
0.0
 20
0.0
 30
0.0
 70
     1
  0
VERTEX
  5
225
330
224
100
AcDbEntity
  8
0
  6
Continuous
 62
    18
420
  4980736
100
AcDbVertex
100
AcDb2dVertex
 10
100.0
 20
-116.368
 30
0.0
  0
VERTEX
  5
226
330
224
100
AcDbEntity
  8
0
  6
Continuous
 62
    18
420
  4980736
100
AcDbVertex
100
AcDb2dVertex
 10
100.0
 20
-103.612
 30
0.0
  0
VERTEX
  5
227
330
224
100
AcDbEntity
  8
0
  6
Continuous
 62
    18
420
  4980736
100
AcDbVertex
100
AcDb2dVertex
 10
97.5
 20
-105.495885
 30
0.0
  0
VERTEX
  5
228
330
224
100
AcDbEntity
  8
0
  6
Continuous
 62
    18
420
  4980736
100
AcDbVertex
100
AcDb2dVertex
 10
97.5
 20
-114.484115
 30
0.0
  0
SEQEND
  5
229
330
224
100
AcDbEntity
  8
0
  6
Continuous
 62
    18
420
  4980736
  0
POLYLINE
  5
22A
330
1F
100
AcDbEntity
  8
0
  6
Continuous
 62
    18
420
  4980736
100
AcDb2dPolyline
 66
     1
 10
0.0
 20
0.0
 30
0.0
 70
     1
  0
VERTEX
  5
22B
330
22A
100
AcDbEntity
  8
0
  6
Continuous
 62
    18
420
  4980736
100
AcDbVertex
100
AcDb2dVertex
 10
100.0
 20
-136.633
 30
0.0
  0
VERTEX
  5
22C
330
22A
100
AcDbEntity
  8
0
  6
Continuous
 62
    18
420
  4980736
100
AcDbVertex
100
AcDb2dVertex
 10
100.0
 20
-123.877
 30
0.0
  0
VERTEX
  5
22D
330
22A
100
AcDbEntity
  8
0
  6
Continuous
 62
    18
420
  4980736
100
AcDbVertex
100
AcDb2dVertex
 10
97.5
 20
-125.760885
 30
0.0
  0
VERTEX
  5
22E
330
22A
100
AcDbEntity
  8
0
  6
Continuous
 62
    18
420
  4980736
100
AcDbVertex
100
AcDb2dVertex
 10
97.5
 20
-134.749115
 30
0.0
  0
SEQEND
  5
22F
330
22A
100
AcDbEntity
  8
0
  6
Continuous
 62
    18
420
  4980736
  0
POLYLINE
  5
230
330
1F
100
AcDbEntity
  8
0
  6
Continuous
 62
    18
420
  4980736
100
AcDb2dPolyline
 66
     1
 10
0.0
 20
0.0
 30
0.0
 70
     1
  0
VERTEX
  5
231
330
230
100
AcDbEntity
  8
0
  6
Continuous
 62
    18
420
  4980736
100
AcDbVertex
100
AcDb2dVertex
 10
100.0
 20
-123.123
 30
0.0
  0
VERTEX
  5
232
330
230
100
AcDbEntity
  8
0
  6
Continuous
 62
    18
420
  4980736
100
AcDbVertex
100
AcDb2dVertex
 10
100.0
 20
-110.367
 30
0.0
  0
VERTEX
  5
233
330
230
100
AcDbEntity
  8
0
  6
Continuous
 62
    18
420
  4980736
100
AcDbVertex
100
AcDb2dVertex
 10
97.5
 20
-112.250885
 30
0.0
  0
VERTEX
  5
234
330
230
100
AcDbEntity
  8
0
  6
Continuous
 62
    18
420
  4980736
100
AcDbVertex
100
AcDb2dVertex
 10
97.5
 20
-121.239115
 30
0.0
  0
SEQEND
  5
235
330
230
100
AcDbEntity
  8
0
  6
Continuous
 62
    18
420
  4980736
  0
POLYLINE
  5
236
330
1F
100
AcDbEntity
  8
0
  6
Continuous
 62
    18
420
  4980736
100
AcDb2dPolyline
 66
     1
 10
0.0
 20
0.0
 30
0.0
 70
     1
  0
VERTEX
  5
237
330
236
100
AcDbEntity
  8
0
  6
Continuous
 62
    18
420
  4980736
100
AcDbVertex
100
AcDb2dVertex
 10
100.0
 20
-143.388
 30
0.0
  0
VERTEX
  5
238
330
236
100
AcDbEntity
  8
0
  6
Continuous
 62
    18
420
  4980736
100
AcDbVertex
100
AcDb2dVertex
 10
100.0
 20
-130.632
 30
0.0
  0
VERTEX
  5
239
330
236
100
AcDbEntity
  8
0
  6
Continuous
 62
    18
420
  4980736
100
AcDbVertex
100
AcDb2dVertex
 10
97.5
 20
-132.515885
 30
0.0
  0
VERTEX
  5
23A
330
236
100
AcDbEntity
  8
0
  6
Continuous
 62
    18
420
  4980736
100
AcDbVertex
100
AcDb2dVertex
 10
97.5
 20
-141.504115
 30
0.0
  0
SEQEND
  5
23B
330
236
100
AcDbEntity
  8
0
  6
Continuous
 62
    18
420
  4980736
  0
POLYLINE
  5
23C
330
1F
100
AcDbEntity
  8
0
  6
Continuous
 62
    18
420
  4980736
100
AcDb2dPolyline
 66
     1
 10
0.0
 20
0.0
 30
0.0
  0
VERTEX
  5
23D
330
23C
100
AcDbEntity
  8
0
  6
Continuous
 62
    18
420
  4980736
100
AcDbVertex
100
AcDb2dVertex
 10
88.632092
 20
-105.656353
 30
0.0
  0
VERTEX
  5
23E
330
23C
100
AcDbEntity
  8
0
  6
Continuous
 62
    18
420
  4980736
100
AcDbVertex
100
AcDb2dVertex
 10
90.299955
 20
-102.997418
 30
0.0
  0
VERTEX
  5
23F
330
23C
100
AcDbEntity
  8
0
  6
Continuous
 62
    18
420
  4980736
100
AcDbVertex
100
AcDb2dVertex
 10
90.0
 20
-103.0
 30
0.0
  0
VERTEX
  5
240
330
23C
100
AcDbEntity
  8
0
  6
Continuous
 62
    18
420
  4980736
100
AcDbVertex
100
AcDb2dVertex
 10
78.900358
 20
-103.096903
 30
0.0
  0
SEQEND
  5
241
330
23C
100
AcDbEntity
  8
0
  6
Continuous
 62
    18
420
  4980736
  0
POLYLINE
  5
242
330
1F
100
AcDbEntity
  8
0
  6
Continuous
 62
    18
420
  4980736
100
AcDb2dPolyline
 66
     1
 10
0.0
 20
0.0
 30
0.0
  0
VERTEX
  5
243
330
242
100
AcDbEntity
  8
0
  6
Continuous
 62
    18
420
  4980736
100
AcDbVertex
100
AcDb2dVertex
 10
88.632092
 20
-141.343647
 30
0.0
  0
VERTEX
  5
244
330
242
100
AcDbEntity
  8
0
  6
Continuous
 62
    18
420
  4980736
100
AcDbVertex
100
AcDb2dVertex
 10
90.299955
 20
-144.002582
 30
0.0
  0
VERTEX
  5
245
330
242
100
AcDbEntity
  8
0
  6
Continuous
 62
    18
420
  4980736
100
AcDbVertex
100
AcDb2dVertex
 10
90.0
 20
-144.0
 30
0.0
  0
VERTEX
  5
246
330
242
100
AcDbEntity
  8
0
  6
Continuous
 62
    18
420
  4980736
100
AcDbVertex
100
AcDb2dVertex
 10
78.900358
 20
-143.903097
 30
0.0
  0
SEQEND
  5
247
330
242
100
AcDbEntity
  8
0
  6
Continuous
 62
    18
420
  4980736
  0
POLYLINE
  5
248
330
1F
100
AcDbEntity
  8
0
  6
Continuous
 62
    18
420
  4980736
100
AcDb2dPolyline
 66
     1
 10
0.0
 20
0.0
 30
0.0
  0
VERTEX
  5
249
330
248
100
AcDbEntity
  8
0
  6
Continuous
 62
    18
420
  4980736
100
AcDbVertex
100
AcDb2dVertex
 10
98.632092
 20
-105.656353
 30
0.0
  0
VERTEX
  5
24A
330
248
100
AcDbEntity
  8
0
  6
Continuous
 62
    18
420
  4980736
100
AcDbVertex
100
AcDb2dVertex
 10
100.299955
 20
-102.997418
 30
0.0
  0
VERTEX
  5
24B
330
248
100
AcDbEntity
  8
0
  6
Continuous
 62
    18
420
  4980736
100
AcDbVertex
100
AcDb2dVertex
 10
100.0
 20
-103.0
 30
0.0
  0
VERTEX
  5
24C
330
248
100
AcDbEntity
  8
0
  6
Continuous
 62
    18
420
  4980736
100
AcDbVertex
100
AcDb2dVertex
 10
88.900358
 20
-103.096903
 30
0.0
  0
SEQEND
  5
24D
330
248
100
AcDbEntity
  8
0
  6
Continuous
 62
    18
420
  4980736
  0
POLYLINE
  5
24E
330
1F
100
AcDbEntity
  8
0
  6
Continuous
 62
    18
420
  4980736
100
AcDb2dPolyline
 66
     1
 10
0.0
 20
0.0
 30
0.0
  0
VERTEX
  5
24F
330
24E
100
AcDbEntity
  8
0
  6
Continuous
 62
    18
420
  4980736
100
AcDbVertex
100
AcDb2dVertex
 10
98.632092
 20
-141.343647
 30
0.0
  0
VERTEX
  5
250
330
24E
100
AcDbEntity
  8
0
  6
Continuous
 62
    18
420
  4980736
100
AcDbVertex
100
AcDb2dVertex
 10
100.299955
 20
-144.002582
 30
0.0
  0
VERTEX
  5
251
330
24E
100
AcDbEntity
  8
0
  6
Continuous
 62
    18
420
  4980736
100
AcDbVertex
100
AcDb2dVertex
 10
100.0
 20
-144.0
 30
0.0
  0
VERTEX
  5
252
330
24E
100
AcDbEntity
  8
0
  6
Continuous
 62
    18
420
  4980736
100
AcDbVertex
100
AcDb2dVertex
 10
88.900358
 20
-143.903097
 30
0.0
  0
SEQEND
  5
253
330
24E
100
AcDbEntity
  8
0
  6
Continuous
 62
    18
420
  4980736
  0
POLYLINE
  5
254
330
1F
100
AcDbEntity
  8
0
  6
Continuous
 62
    18
420
  4980736
100
AcDb2dPolyline
 66
     1
 10
0.0
 20
0.0
 30
0.0
  0
VERTEX
  5
255
330
254
100
AcDbEntity
  8
0
  6
Continuous
 62
    18
420
  4980736
100
AcDbVertex
100
AcDb2dVertex
 10
86.520162
 20
-130.439026
 30
0.0
  0
VERTEX
  5
256
330
254
100
AcDbEntity
  8
0
  6
Continuous
 62
    18
420
  4980736
100
AcDbVertex
100
AcDb2dVertex
 10
86.520162
 20
-128.455097
 30
0.0
  0
SEQEND
  5
257
330
254
100
AcDbEntity
  8
0
  6
Continuous
 62
    18
420
  4980736
  0
POLYLINE
  5
258
330
1F
100
AcDbEntity
  8
0
  6
Continuous
 62
    18
420
  4980736
100
AcDb2dPolyline
 66
     1
 10
0.0
 20
0.0
 30
0.0
  0
VERTEX
  5
259
330
258
100
AcDbEntity
  8
0
  6
Continuous
 62
    18
420
  4980736
100
AcDbVertex
100
AcDb2dVertex
 10
86.520162
 20
-122.105692
 30
0.0
  0
VERTEX
  5
25A
330
258
100
AcDbEntity
  8
0
  6
Continuous
 62
    18
420
  4980736
100
AcDbVertex
100
AcDb2dVertex
 10
84.475253
 20
-122.105692
 30
0.0
  0
VERTEX
  5
25B
330
258
100
AcDbEntity
  8
0
  6
Continuous
 62
    18
420
  4980736
100
AcDbVertex
100
AcDb2dVertex
 10
84.049818
 20
-122.144805
 30
0.0
  0
VERTEX
  5
25C
330
258
100
AcDbEntity
  8
0
  6
Continuous
 62
    18
420
  4980736
100
AcDbVertex
100
AcDb2dVertex
 10
83.638646
 20
-122.260831
 30
0.0
  0
VERTEX
  5
25D
330
258
100
AcDbEntity
  8
0
  6
Continuous
 62
    18
420
  4980736
100
AcDbVertex
100
AcDb2dVertex
 10
83.255521
 20
-122.449881
 30
0.0
  0
VERTEX
  5
25E
330
258
100
AcDbEntity
  8
0
  6
Continuous
 62
    18
420
  4980736
100
AcDbVertex
100
AcDb2dVertex
 10
82.913287
 20
-122.705617
 30
0.0
  0
VERTEX
  5
25F
330
258
100
AcDbEntity
  8
0
  6
Continuous
 62
    18
420
  4980736
100
AcDbVertex
100
AcDb2dVertex
 10
82.623419
 20
-123.019465
 30
0.0
  0
VERTEX
  5
260
330
258
100
AcDbEntity
  8
0
  6
Continuous
 62
    18
420
  4980736
100
AcDbVertex
100
AcDb2dVertex
 10
82.395632
 20
-123.380905
 30
0.0
  0
VERTEX
  5
261
330
258
100
AcDbEntity
  8
0
  6
Continuous
 62
    18
420
  4980736
100
AcDbVertex
100
AcDb2dVertex
 10
82.237566
 20
-123.777817
 30
0.0
  0
VERTEX
  5
262
330
258
100
AcDbEntity
  8
0
  6
Continuous
 62
    18
420
  4980736
100
AcDbVertex
100
AcDb2dVertex
 10
82.154517
 20
-124.196897
 30
0.0
  0
VERTEX
  5
263
330
258
100
AcDbEntity
  8
0
  6
Continuous
 62
    18
420
  4980736
100
AcDbVertex
100
AcDb2dVertex
 10
82.07355
 20
-125.233224
 30
0.0
  0
VERTEX
  5
264
330
258
100
AcDbEntity
  8
0
  6
Continuous
 62
    18
420
  4980736
100
AcDbVertex
100
AcDb2dVertex
 10
82.046537
 20
-126.272359
 30
0.0
  0
VERTEX
  5
265
330
258
100
AcDbEntity
  8
0
  6
Continuous
 62
    18
420
  4980736
100
AcDbVertex
100
AcDb2dVertex
 10
82.07355
 20
-127.311493
 30
0.0
  0
VERTEX
  5
266
330
258
100
AcDbEntity
  8
0
  6
Continuous
 62
    18
420
  4980736
100
AcDbVertex
100
AcDb2dVertex
 10
82.154517
 20
-128.347821
 30
0.0
  0
VERTEX
  5
267
330
258
100
AcDbEntity
  8
0
  6
Continuous
 62
    18
420
  4980736
100
AcDbVertex
100
AcDb2dVertex
 10
82.237566
 20
-128.766901
 30
0.0
  0
VERTEX
  5
268
330
258
100
AcDbEntity
  8
0
  6
Continuous
 62
    18
420
  4980736
100
AcDbVertex
100
AcDb2dVertex
 10
82.395632
 20
-129.163814
 30
0.0
  0
VERTEX
  5
269
330
258
100
AcDbEntity
  8
0
  6
Continuous
 62
    18
420
  4980736
100
AcDbVertex
100
AcDb2dVertex
 10
82.623419
 20
-129.525253
 30
0.0
  0
VERTEX
  5
26A
330
258
100
AcDbEntity
  8
0
  6
Continuous
 62
    18
420
  4980736
100
AcDbVertex
100
AcDb2dVertex
 10
82.913287
 20
-129.839101
 30
0.0
  0
VERTEX
  5
26B
330
258
100
AcDbEntity
  8
0
  6
Continuous
 62
    18
420
  4980736
100
AcDbVertex
100
AcDb2dVertex
 10
83.255521
 20
-130.094837
 30
0.0
  0
VERTEX
  5
26C
330
258
100
AcDbEntity
  8
0
  6
Continuous
 62
    18
420
  4980736
100
AcDbVertex
100
AcDb2dVertex
 10
83.638646
 20
-130.283887
 30
0.0
  0
VERTEX
  5
26D
330
258
100
AcDbEntity
  8
0
  6
Continuous
 62
    18
420
  4980736
100
AcDbVertex
100
AcDb2dVertex
 10
84.049818
 20
-130.399913
 30
0.0
  0
VERTEX
  5
26E
330
258
100
AcDbEntity
  8
0
  6
Continuous
 62
    18
420
  4980736
100
AcDbVertex
100
AcDb2dVertex
 10
84.475255
 20
-130.439026
 30
0.0
  0
VERTEX
  5
26F
330
258
100
AcDbEntity
  8
0
  6
Continuous
 62
    18
420
  4980736
100
AcDbVertex
100
AcDb2dVertex
 10
86.520162
 20
-130.439026
 30
0.0
  0
SEQEND
  5
270
330
258
100
AcDbEntity
  8
0
  6
Continuous
 62
    18
420
  4980736
  0
POLYLINE
  5
271
330
1F
100
AcDbEntity
  8
0
  6
Continuous
 62
    18
420
  4980736
100
AcDb2dPolyline
 66
     1
 10
0.0
 20
0.0
 30
0.0
  0
VERTEX
  5
272
330
271
100
AcDbEntity
  8
0
  6
Continuous
 62
    18
420
  4980736
100
AcDbVertex
100
AcDb2dVertex
 10
86.520162
 20
-129.780228
 30
0.0
  0
VERTEX
  5
273
330
271
100
AcDbEntity
  8
0
  6
Continuous
 62
    18
420
  4980736
100
AcDbVertex
100
AcDb2dVertex
 10
83.343798
 20
-129.780241
 30
0.0
  0
VERTEX
  5
274
330
271
100
AcDbEntity
  8
0
  6
Continuous
 62
    18
420
  4980736
100
AcDbVertex
100
AcDb2dVertex
 10
83.088508
 20
-129.496079
 30
0.0
  0
VERTEX
  5
275
330
271
100
AcDbEntity
  8
0
  6
Continuous
 62
    18
420
  4980736
100
AcDbVertex
100
AcDb2dVertex
 10
82.88442
 20
-129.173172
 30
0.0
  0
VERTEX
  5
276
330
271
100
AcDbEntity
  8
0
  6
Continuous
 62
    18
420
  4980736
100
AcDbVertex
100
AcDb2dVertex
 10
82.7373
 20
-128.820643
 30
0.0
  0
VERTEX
  5
277
330
271
100
AcDbEntity
  8
0
  6
Continuous
 62
    18
420
  4980736
100
AcDbVertex
100
AcDb2dVertex
 10
82.651304
 20
-128.448453
 30
0.0
  0
VERTEX
  5
278
330
271
100
AcDbEntity
  8
0
  6
Continuous
 62
    18
420
  4980736
100
AcDbVertex
100
AcDb2dVertex
 10
82.564822
 20
-127.725842
 30
0.0
  0
VERTEX
  5
279
330
271
100
AcDbEntity
  8
0
  6
Continuous
 62
    18
420
  4980736
100
AcDbVertex
100
AcDb2dVertex
 10
82.512861
 20
-126.999927
 30
0.0
  0
VERTEX
  5
27A
330
271
100
AcDbEntity
  8
0
  6
Continuous
 62
    18
420
  4980736
100
AcDbVertex
100
AcDb2dVertex
 10
82.495528
 20
-126.272363
 30
0.0
  0
VERTEX
  5
27B
330
271
100
AcDbEntity
  8
0
  6
Continuous
 62
    18
420
  4980736
100
AcDbVertex
100
AcDb2dVertex
 10
82.512861
 20
-125.544796
 30
0.0
  0
VERTEX
  5
27C
330
271
100
AcDbEntity
  8
0
  6
Continuous
 62
    18
420
  4980736
100
AcDbVertex
100
AcDb2dVertex
 10
82.564831
 20
-124.818895
 30
0.0
  0
VERTEX
  5
27D
330
271
100
AcDbEntity
  8
0
  6
Continuous
 62
    18
420
  4980736
100
AcDbVertex
100
AcDb2dVertex
 10
82.651299
 20
-124.096269
 30
0.0
  0
VERTEX
  5
27E
330
271
100
AcDbEntity
  8
0
  6
Continuous
 62
    18
420
  4980736
100
AcDbVertex
100
AcDb2dVertex
 10
82.737296
 20
-123.724074
 30
0.0
  0
VERTEX
  5
27F
330
271
100
AcDbEntity
  8
0
  6
Continuous
 62
    18
420
  4980736
100
AcDbVertex
100
AcDb2dVertex
 10
82.884417
 20
-123.371545
 30
0.0
  0
VERTEX
  5
280
330
271
100
AcDbEntity
  8
0
  6
Continuous
 62
    18
420
  4980736
100
AcDbVertex
100
AcDb2dVertex
 10
83.088506
 20
-123.048638
 30
0.0
  0
VERTEX
  5
281
330
271
100
AcDbEntity
  8
0
  6
Continuous
 62
    18
420
  4980736
100
AcDbVertex
100
AcDb2dVertex
 10
83.343798
 20
-122.764478
 30
0.0
  0
VERTEX
  5
282
330
271
100
AcDbEntity
  8
0
  6
Continuous
 62
    18
420
  4980736
100
AcDbVertex
100
AcDb2dVertex
 10
86.520162
 20
-122.764478
 30
0.0
  0
SEQEND
  5
283
330
271
100
AcDbEntity
  8
0
  6
Continuous
 62
    18
420
  4980736
  0
LINE
  5
285
330
1F
100
AcDbEntity
  8
PROFIL
  6
Continuous
 62
     1
420
 16711680
100
AcDbLine
 10
-12.5
 20
-134.0
 30
0.0
 11
-22.5
 21
-134.0
 31
0.0
  0
LINE
  5
286
330
1F
100
AcDbEntity
  8
PROFIL
  6
Continuous
 62
     1
420
 16711680
100
AcDbLine
 10
-22.5
 20
-134.0
 30
0.0
 11
-24.1
 21
-132.4
 31
0.0
  0
LINE
  5
287
330
1F
100
AcDbEntity
  8
PROFIL
  6
Continuous
 62
     1
420
 16711680
100
AcDbLine
 10
-24.1
 20
-132.4
 30
0.0
 11
-59.179492
 21
-132.4
 31
0.0
  0
ARC
  5
288
330
1F
100
AcDbEntity
  8
PROFIL
  6
Continuous
 62
     1
420
 16711680
100
AcDbCircle
 10
-59.179492
 20
-152.4
 30
0.0
 40
20.0
100
AcDbArc
 50
90.0
 51
150.0
  0
LINE
  5
289
330
1F
100
AcDbEntity
  8
PROFIL
  6
Continuous
 62
     1
420
 16711680
100
AcDbLine
 10
-76.5
 20
-142.4
 30
0.0
 11
-78.900358
 21
-142.4
 31
0.0
  0
LINE
  5
28A
330
1F
100
AcDbEntity
  8
PROFIL
  6
Continuous
 62
     1
420
 16711680
100
AcDbLine
 10
-78.900358
 20
-144.0
 30
0.0
 11
-78.900358
 21
-142.4
 31
0.0
  0
LINE
  5
28B
330
1F
100
AcDbEntity
  8
PROFIL
  6
Continuous
 62
     1
420
 16711680
100
AcDbLine
 10
-22.5
 20
-113.0
 30
0.0
 11
-12.5
 21
-113.0
 31
0.0
  0
LINE
  5
28C
330
1F
100
AcDbEntity
  8
PROFIL
  6
Continuous
 62
     1
420
 16711680
100
AcDbLine
 10
-24.1
 20
-114.6
 30
0.0
 11
-22.5
 21
-113.0
 31
0.0
  0
LINE
  5
28D
330
1F
100
AcDbEntity
  8
PROFIL
  6
Continuous
 62
     1
420
 16711680
100
AcDbLine
 10
-59.179492
 20
-114.6
 30
0.0
 11
-24.1
 21
-114.6
 31
0.0
  0
ARC
  5
28E
330
1F
100
AcDbEntity
  8
PROFIL
  6
Continuous
 62
     1
420
 16711680
100
AcDbCircle
 10
-59.179492
 20
-94.6
 30
0.0
 40
20.0
100
AcDbArc
 50
210.0
 51
270.0
  0
LINE
  5
28F
330
1F
100
AcDbEntity
  8
0
  6
Continuous
 62
    18
420
  4980736
100
AcDbLine
 10
-98.0
 20
-142.4
 30
0.0
 11
-98.0
 21
-104.6
 31
0.0
  0
LINE
  5
290
330
1F
100
AcDbEntity
  8
PROFIL
  6
Continuous
 62
     1
420
 16711680
100
AcDbLine
 10
-78.900358
 20
-104.6
 30
0.0
 11
-76.5
 21
-104.6
 31
0.0
  0
LINE
  5
291
330
1F
100
AcDbEntity
  8
PROFIL
  6
Continuous
 62
     1
420
 16711680
100
AcDbLine
 10
-78.900358
 20
-103.0
 30
0.0
 11
-78.900358
 21
-104.6
 31
0.0
  0
POLYLINE
  5
292
330
1F
100
AcDbEntity
  8
PROFIL
  6
Continuous
 62
     7
100
AcDb2dPolyline
 66
     1
 10
0.0
 20
0.0
 30
0.0
  0
VERTEX
  5
293
330
292
100
AcDbEntity
  8
PROFIL
  6
Continuous
 62
     7
100
AcDbVertex
100
AcDb2dVertex
 10
-100.0
 20
-144.0
 30
0.0
  0
VERTEX
  5
294
330
292
100
AcDbEntity
  8
PROFIL
  6
Continuous
 62
     7
100
AcDbVertex
100
AcDb2dVertex
 10
-78.900358
 20
-144.0
 30
0.0
  0
SEQEND
  5
295
330
292
100
AcDbEntity
  8
PROFIL
  6
Continuous
 62
     7
  0
LINE
  5
296
330
1F
100
AcDbEntity
  8
PROFIL
  6
Continuous
 62
     7
100
AcDbLine
 10
-78.900358
 20
-103.0
 30
0.0
 11
-100.0
 21
-103.0
 31
0.0
  0
LINE
  5
297
330
1F
100
AcDbEntity
  8
PROFIL
  6
Continuous
 62
     7
100
AcDbLine
 10
-100.0
 20
-103.0
 30
0.0
 11
-100.0
 21
-144.0
 31
0.0
  0
CIRCLE
  5
298
330
1F
100
AcDbEntity
  8
0
  6
Continuous
 62
    18
420
  4980736
100
AcDbCircle
 10
-77.737597
 20
-129.556718
 30
0.0
 40
0.947214
  0
CIRCLE
  5
299
330
1F
100
AcDbEntity
  8
0
  6
Continuous
 62
    18
420
  4980736
100
AcDbCircle
 10
-77.737597
 20
-129.556718
 30
0.0
 40
1.466668
  0
ARC
  5
29A
330
1F
100
AcDbEntity
  8
0
  6
Continuous
 62
    18
420
  4980736
100
AcDbCircle
 10
-78.102904
 20
-130.141347
 30
0.0
 40
0.228147
100
AcDbArc
 50
13.00035899999883
 51
102.9997559999978
  0
LINE
  5
29B
330
1F
100
AcDbEntity
  8
0
  6
Continuous
 62
    18
420
  4980736
100
AcDbLine
 10
-78.154225
 20
-129.919047
 30
0.0
 11
-78.266685
 21
-129.945009
 31
0.0
  0
ARC
  5
29C
330
1F
100
AcDbEntity
  8
0
  6
Continuous
 62
    18
420
  4980736
100
AcDbCircle
 10
-78.28868
 20
-129.849738
 30
0.0
 40
0.097777
100
AcDbArc
 50
132.9998420000087
 51
283.0001580000007
  0
LINE
  5
29D
330
1F
100
AcDbEntity
  8
0
  6
Continuous
 62
    18
420
  4980736
100
AcDbLine
 10
-78.355364
 20
-129.778228
 30
0.0
 11
-78.270958
 21
-129.69952
 31
0.0
  0
ARC
  5
29E
330
1F
100
AcDbEntity
  8
0
  6
Continuous
 62
    18
420
  4980736
100
AcDbCircle
 10
-78.426555
 20
-129.532664
 30
0.0
 40
0.228148
100
AcDbArc
 50
313.0001629999963
 51
43.0001629999987
  0
LINE
  5
29F
330
1F
100
AcDbEntity
  8
0
  6
Continuous
 62
    18
420
  4980736
100
AcDbLine
 10
-78.259698
 20
-129.377067
 30
0.0
 11
-78.33841
 21
-129.29266
 31
0.0
  0
ARC
  5
2A0
330
1F
100
AcDbEntity
  8
0
  6
Continuous
 62
    18
420
  4980736
100
AcDbCircle
 10
-78.266901
 20
-129.225977
 30
0.0
 40
0.097776
100
AcDbArc
 50
72.99910100000234
 51
223.0001619999964
  0
LINE
  5
2A1
330
1F
100
AcDbEntity
  8
0
  6
Continuous
 62
    18
420
  4980736
100
AcDbLine
 10
-78.238313
 20
-129.132473
 30
0.0
 11
-78.127942
 21
-129.166215
 31
0.0
  0
ARC
  5
2A2
330
1F
100
AcDbEntity
  8
0
  6
Continuous
 62
    18
420
  4980736
100
AcDbCircle
 10
-78.061243
 20
-128.948034
 30
0.0
 40
0.228148
100
AcDbArc
 50
253.0013250000016
 51
343.0004420000006
  0
LINE
  5
2A3
330
1F
100
AcDbEntity
  8
0
  6
Continuous
 62
    18
420
  4980736
100
AcDbLine
 10
-77.843063
 20
-129.014736
 30
0.0
 11
-77.809323
 21
-128.904369
 31
0.0
  0
ARC
  5
2A4
330
1F
100
AcDbEntity
  8
0
  6
Continuous
 62
    18
420
  4980736
100
AcDbCircle
 10
-77.715818
 20
-128.932956
 30
0.0
 40
0.097777
100
AcDbArc
 50
12.99918500001015
 51
163.0002460000125
  0
LINE
  5
2A5
330
1F
100
AcDbEntity
  8
0
  6
Continuous
 62
    18
420
  4980736
100
AcDbLine
 10
-77.620546
 20
-128.910962
 30
0.0
 11
-77.594584
 21
-129.023414
 31
0.0
  0
ARC
  5
2A6
330
1F
100
AcDbEntity
  8
0
  6
Continuous
 62
    18
420
  4980736
100
AcDbCircle
 10
-77.372284
 20
-128.972092
 30
0.0
 40
0.228148
100
AcDbArc
 50
192.9998370000039
 51
282.9998369999997
  0
LINE
  5
2A7
330
1F
100
AcDbEntity
  8
0
  6
Continuous
 62
    18
420
  4980736
100
AcDbLine
 10
-77.320962
 20
-129.194393
 30
0.0
 11
-77.208509
 21
-129.168429
 31
0.0
  0
ARC
  5
2A8
330
1F
100
AcDbEntity
  8
0
  6
Continuous
 62
    18
420
  4980736
100
AcDbCircle
 10
-77.186513
 20
-129.2637
 30
0.0
 40
0.097777
100
AcDbArc
 50
312.9998420000087
 51
103.0001580000007
  0
LINE
  5
2A9
330
1F
100
AcDbEntity
  8
0
  6
Continuous
 62
    18
420
  4980736
100
AcDbLine
 10
-77.11983
 20
-129.335209
 30
0.0
 11
-77.20423
 21
-129.413917
 31
0.0
  0
ARC
  5
2AA
330
1F
100
AcDbEntity
  8
0
  6
Continuous
 62
    18
420
  4980736
100
AcDbCircle
 10
-77.048633
 20
-129.580774
 30
0.0
 40
0.228148
100
AcDbArc
 50
133.0001629999963
 51
223.0001629999987
  0
LINE
  5
2AB
330
1F
100
AcDbEntity
  8
0
  6
Continuous
 62
    18
420
  4980736
100
AcDbLine
 10
-77.21549
 20
-129.73637
 30
0.0
 11
-77.136781
 21
-129.820776
 31
0.0
  0
ARC
  5
2AC
330
1F
100
AcDbEntity
  8
0
  6
Continuous
 62
    18
420
  4980736
100
AcDbCircle
 10
-77.20829
 20
-129.88746
 30
0.0
 40
0.097776
100
AcDbArc
 50
252.9991010000024
 51
43.00016199999644
  0
LINE
  5
2AD
330
1F
100
AcDbEntity
  8
0
  6
Continuous
 62
    18
420
  4980736
100
AcDbLine
 10
-77.236879
 20
-129.980963
 30
0.0
 11
-77.347248
 21
-129.947224
 31
0.0
  0
ARC
  5
2AE
330
1F
100
AcDbEntity
  8
0
  6
Continuous
 62
    18
420
  4980736
100
AcDbCircle
 10
-77.413946
 20
-130.165404
 30
0.0
 40
0.228147
100
AcDbArc
 50
73.00154600000099
 51
163.0002209999982
  0
LINE
  5
2AF
330
1F
100
AcDbEntity
  8
0
  6
Continuous
 62
    18
420
  4980736
100
AcDbLine
 10
-77.632125
 20
-130.098701
 30
0.0
 11
-77.665869
 21
-130.209067
 31
0.0
  0
ARC
  5
2B0
330
1F
100
AcDbEntity
  8
0
  6
Continuous
 62
    18
420
  4980736
100
AcDbCircle
 10
-77.759374
 20
-130.18048
 30
0.0
 40
0.097777
100
AcDbArc
 50
192.9991850000101
 51
343.0002460000124
  0
LINE
  5
2B1
330
1F
100
AcDbEntity
  8
0
  6
Continuous
 62
    18
420
  4980736
100
AcDbLine
 10
-77.854645
 20
-130.202474
 30
0.0
 11
-77.880604
 21
-130.090024
 31
0.0
  0
POLYLINE
  5
2B2
330
1F
100
AcDbEntity
  8
0
  6
Continuous
 62
    18
420
  4980736
100
AcDb2dPolyline
 66
     1
 10
0.0
 20
0.0
 30
0.0
  0
VERTEX
  5
2B3
330
2B2
100
AcDbEntity
  8
0
  6
Continuous
 62
    18
420
  4980736
100
AcDbVertex
100
AcDb2dVertex
 10
-79.473625
 20
-133.723384
 30
0.0
  0
VERTEX
  5
2B4
330
2B2
100
AcDbEntity
  8
0
  6
Continuous
 62
    18
420
  4980736
100
AcDbVertex
100
AcDb2dVertex
 10
-79.473625
 20
-131.739455
 30
0.0
  0
SEQEND
  5
2B5
330
2B2
100
AcDbEntity
  8
0
  6
Continuous
 62
    18
420
  4980736
  0
POLYLINE
  5
2B6
330
1F
100
AcDbEntity
  8
0
  6
Continuous
 62
    18
420
  4980736
100
AcDb2dPolyline
 66
     1
 10
0.0
 20
0.0
 30
0.0
  0
VERTEX
  5
2B7
330
2B6
100
AcDbEntity
  8
0
  6
Continuous
 62
    18
420
  4980736
100
AcDbVertex
100
AcDb2dVertex
 10
-79.473625
 20
-127.373988
 30
0.0
  0
VERTEX
  5
2B8
330
2B6
100
AcDbEntity
  8
0
  6
Continuous
 62
    18
420
  4980736
100
AcDbVertex
100
AcDb2dVertex
 10
-79.473625
 20
-121.886379
 30
0.0
  0
SEQEND
  5
2B9
330
2B6
100
AcDbEntity
  8
0
  6
Continuous
 62
    18
420
  4980736
  0
POLYLINE
  5
2BA
330
1F
100
AcDbEntity
  8
0
  6
Continuous
 62
    18
420
  4980736
100
AcDb2dPolyline
 66
     1
 10
0.0
 20
0.0
 30
0.0
  0
VERTEX
  5
2BB
330
2BA
100
AcDbEntity
  8
0
  6
Continuous
 62
    18
420
  4980736
100
AcDbVertex
100
AcDb2dVertex
 10
-79.473625
 20
-117.520911
 30
0.0
  0
VERTEX
  5
2BC
330
2BA
100
AcDbEntity
  8
0
  6
Continuous
 62
    18
420
  4980736
100
AcDbVertex
100
AcDb2dVertex
 10
-79.473625
 20
-115.536974
 30
0.0
  0
SEQEND
  5
2BD
330
2BA
100
AcDbEntity
  8
0
  6
Continuous
 62
    18
420
  4980736
  0
POLYLINE
  5
2BE
330
1F
100
AcDbEntity
  8
0
  6
Continuous
 62
    18
420
  4980736
100
AcDb2dPolyline
 66
     1
 10
0.0
 20
0.0
 30
0.0
  0
VERTEX
  5
2BF
330
2BE
100
AcDbEntity
  8
0
  6
Continuous
 62
    18
420
  4980736
100
AcDbVertex
100
AcDb2dVertex
 10
-79.473625
 20
-125.390051
 30
0.0
  0
VERTEX
  5
2C0
330
2BE
100
AcDbEntity
  8
0
  6
Continuous
 62
    18
420
  4980736
100
AcDbVertex
100
AcDb2dVertex
 10
-77.428716
 20
-125.390051
 30
0.0
  0
VERTEX
  5
2C1
330
2BE
100
AcDbEntity
  8
0
  6
Continuous
 62
    18
420
  4980736
100
AcDbVertex
100
AcDb2dVertex
 10
-77.003282
 20
-125.429163
 30
0.0
  0
VERTEX
  5
2C2
330
2BE
100
AcDbEntity
  8
0
  6
Continuous
 62
    18
420
  4980736
100
AcDbVertex
100
AcDb2dVertex
 10
-76.592109
 20
-125.54519
 30
0.0
  0
VERTEX
  5
2C3
330
2BE
100
AcDbEntity
  8
0
  6
Continuous
 62
    18
420
  4980736
100
AcDbVertex
100
AcDb2dVertex
 10
-76.208984
 20
-125.73424
 30
0.0
  0
VERTEX
  5
2C4
330
2BE
100
AcDbEntity
  8
0
  6
Continuous
 62
    18
420
  4980736
100
AcDbVertex
100
AcDb2dVertex
 10
-75.86675
 20
-125.989975
 30
0.0
  0
VERTEX
  5
2C5
330
2BE
100
AcDbEntity
  8
0
  6
Continuous
 62
    18
420
  4980736
100
AcDbVertex
100
AcDb2dVertex
 10
-75.576882
 20
-126.303824
 30
0.0
  0
VERTEX
  5
2C6
330
2BE
100
AcDbEntity
  8
0
  6
Continuous
 62
    18
420
  4980736
100
AcDbVertex
100
AcDb2dVertex
 10
-75.349096
 20
-126.665263
 30
0.0
  0
VERTEX
  5
2C7
330
2BE
100
AcDbEntity
  8
0
  6
Continuous
 62
    18
420
  4980736
100
AcDbVertex
100
AcDb2dVertex
 10
-75.191029
 20
-127.062176
 30
0.0
  0
VERTEX
  5
2C8
330
2BE
100
AcDbEntity
  8
0
  6
Continuous
 62
    18
420
  4980736
100
AcDbVertex
100
AcDb2dVertex
 10
-75.10798
 20
-127.481255
 30
0.0
  0
VERTEX
  5
2C9
330
2BE
100
AcDbEntity
  8
0
  6
Continuous
 62
    18
420
  4980736
100
AcDbVertex
100
AcDb2dVertex
 10
-75.027013
 20
-128.517583
 30
0.0
  0
VERTEX
  5
2CA
330
2BE
100
AcDbEntity
  8
0
  6
Continuous
 62
    18
420
  4980736
100
AcDbVertex
100
AcDb2dVertex
 10
-75.0
 20
-129.556717
 30
0.0
  0
VERTEX
  5
2CB
330
2BE
100
AcDbEntity
  8
0
  6
Continuous
 62
    18
420
  4980736
100
AcDbVertex
100
AcDb2dVertex
 10
-75.027013
 20
-130.595852
 30
0.0
  0
VERTEX
  5
2CC
330
2BE
100
AcDbEntity
  8
0
  6
Continuous
 62
    18
420
  4980736
100
AcDbVertex
100
AcDb2dVertex
 10
-75.10798
 20
-131.632179
 30
0.0
  0
VERTEX
  5
2CD
330
2BE
100
AcDbEntity
  8
0
  6
Continuous
 62
    18
420
  4980736
100
AcDbVertex
100
AcDb2dVertex
 10
-75.191029
 20
-132.05126
 30
0.0
  0
VERTEX
  5
2CE
330
2BE
100
AcDbEntity
  8
0
  6
Continuous
 62
    18
420
  4980736
100
AcDbVertex
100
AcDb2dVertex
 10
-75.349096
 20
-132.448172
 30
0.0
  0
VERTEX
  5
2CF
330
2BE
100
AcDbEntity
  8
0
  6
Continuous
 62
    18
420
  4980736
100
AcDbVertex
100
AcDb2dVertex
 10
-75.576882
 20
-132.809611
 30
0.0
  0
VERTEX
  5
2D0
330
2BE
100
AcDbEntity
  8
0
  6
Continuous
 62
    18
420
  4980736
100
AcDbVertex
100
AcDb2dVertex
 10
-75.86675
 20
-133.12346
 30
0.0
  0
VERTEX
  5
2D1
330
2BE
100
AcDbEntity
  8
0
  6
Continuous
 62
    18
420
  4980736
100
AcDbVertex
100
AcDb2dVertex
 10
-76.208984
 20
-133.379196
 30
0.0
  0
VERTEX
  5
2D2
330
2BE
100
AcDbEntity
  8
0
  6
Continuous
 62
    18
420
  4980736
100
AcDbVertex
100
AcDb2dVertex
 10
-76.592109
 20
-133.568246
 30
0.0
  0
VERTEX
  5
2D3
330
2BE
100
AcDbEntity
  8
0
  6
Continuous
 62
    18
420
  4980736
100
AcDbVertex
100
AcDb2dVertex
 10
-77.003282
 20
-133.684272
 30
0.0
  0
VERTEX
  5
2D4
330
2BE
100
AcDbEntity
  8
0
  6
Continuous
 62
    18
420
  4980736
100
AcDbVertex
100
AcDb2dVertex
 10
-77.428718
 20
-133.723384
 30
0.0
  0
VERTEX
  5
2D5
330
2BE
100
AcDbEntity
  8
0
  6
Continuous
 62
    18
420
  4980736
100
AcDbVertex
100
AcDb2dVertex
 10
-79.473625
 20
-133.723384
 30
0.0
  0
SEQEND
  5
2D6
330
2BE
100
AcDbEntity
  8
0
  6
Continuous
 62
    18
420
  4980736
  0
POLYLINE
  5
2D7
330
1F
100
AcDbEntity
  8
0
  6
Continuous
 62
    18
420
  4980736
100
AcDb2dPolyline
 66
     1
 10
0.0
 20
0.0
 30
0.0
 70
     1
  0
VERTEX
  5
2D8
330
2D7
100
AcDbEntity
  8
0
  6
Continuous
 62
    18
420
  4980736
100
AcDbVertex
100
AcDb2dVertex
 10
-79.879766
 20
-131.698901
 30
0.0
  0
VERTEX
  5
2D9
330
2D7
100
AcDbEntity
  8
0
  6
Continuous
 62
    18
420
  4980736
100
AcDbVertex
100
AcDb2dVertex
 10
-78.749046
 20
-131.811807
 30
0.0
  0
VERTEX
  5
2DA
330
2D7
100
AcDbEntity
  8
0
  6
Continuous
 62
    18
420
  4980736
100
AcDbVertex
100
AcDb2dVertex
 10
-77.737602
 20
-131.845326
 30
0.0
  0
VERTEX
  5
2DB
330
2D7
100
AcDbEntity
  8
0
  6
Continuous
 62
    18
420
  4980736
100
AcDbVertex
100
AcDb2dVertex
 10
-76.726162
 20
-131.811809
 30
0.0
  0
VERTEX
  5
2DC
330
2D7
100
AcDbEntity
  8
0
  6
Continuous
 62
    18
420
  4980736
100
AcDbVertex
100
AcDb2dVertex
 10
-75.595428
 20
-131.698901
 30
0.0
  0
VERTEX
  5
2DD
330
2D7
100
AcDbEntity
  8
0
  6
Continuous
 62
    18
420
  4980736
100
AcDbVertex
100
AcDb2dVertex
 10
-75.482518
 20
-130.568166
 30
0.0
  0
VERTEX
  5
2DE
330
2D7
100
AcDbEntity
  8
0
  6
Continuous
 62
    18
420
  4980736
100
AcDbVertex
100
AcDb2dVertex
 10
-75.448999
 20
-129.556722
 30
0.0
  0
VERTEX
  5
2DF
330
2D7
100
AcDbEntity
  8
0
  6
Continuous
 62
    18
420
  4980736
100
AcDbVertex
100
AcDb2dVertex
 10
-75.482514
 20
-128.545282
 30
0.0
  0
VERTEX
  5
2E0
330
2D7
100
AcDbEntity
  8
0
  6
Continuous
 62
    18
420
  4980736
100
AcDbVertex
100
AcDb2dVertex
 10
-75.595422
 20
-127.414542
 30
0.0
  0
VERTEX
  5
2E1
330
2D7
100
AcDbEntity
  8
0
  6
Continuous
 62
    18
420
  4980736
100
AcDbVertex
100
AcDb2dVertex
 10
-76.726156
 20
-127.301634
 30
0.0
  0
VERTEX
  5
2E2
330
2D7
100
AcDbEntity
  8
0
  6
Continuous
 62
    18
420
  4980736
100
AcDbVertex
100
AcDb2dVertex
 10
-77.737595
 20
-127.268119
 30
0.0
  0
VERTEX
  5
2E3
330
2D7
100
AcDbEntity
  8
0
  6
Continuous
 62
    18
420
  4980736
100
AcDbVertex
100
AcDb2dVertex
 10
-78.749039
 20
-127.301639
 30
0.0
  0
VERTEX
  5
2E4
330
2D7
100
AcDbEntity
  8
0
  6
Continuous
 62
    18
420
  4980736
100
AcDbVertex
100
AcDb2dVertex
 10
-79.879773
 20
-127.414542
 30
0.0
  0
VERTEX
  5
2E5
330
2D7
100
AcDbEntity
  8
0
  6
Continuous
 62
    18
420
  4980736
100
AcDbVertex
100
AcDb2dVertex
 10
-79.992683
 20
-128.545276
 30
0.0
  0
VERTEX
  5
2E6
330
2D7
100
AcDbEntity
  8
0
  6
Continuous
 62
    18
420
  4980736
100
AcDbVertex
100
AcDb2dVertex
 10
-80.026202
 20
-129.556716
 30
0.0
  0
VERTEX
  5
2E7
330
2D7
100
AcDbEntity
  8
0
  6
Continuous
 62
    18
420
  4980736
100
AcDbVertex
100
AcDb2dVertex
 10
-79.992686
 20
-130.56816
 30
0.0
  0
SEQEND
  5
2E8
330
2D7
100
AcDbEntity
  8
0
  6
Continuous
 62
    18
420
  4980736
  0
CIRCLE
  5
2E9
330
1F
100
AcDbEntity
  8
0
  6
Continuous
 62
    18
420
  4980736
100
AcDbCircle
 10
-77.737597
 20
-119.703641
 30
0.0
 40
0.947214
  0
CIRCLE
  5
2EA
330
1F
100
AcDbEntity
  8
0
  6
Continuous
 62
    18
420
  4980736
100
AcDbCircle
 10
-77.737597
 20
-119.703641
 30
0.0
 40
1.466668
  0
ARC
  5
2EB
330
1F
100
AcDbEntity
  8
0
  6
Continuous
 62
    18
420
  4980736
100
AcDbCircle
 10
-78.102904
 20
-120.28827
 30
0.0
 40
0.228147
100
AcDbArc
 50
13.00035899999883
 51
102.9997559999994
  0
LINE
  5
2EC
330
1F
100
AcDbEntity
  8
0
  6
Continuous
 62
    18
420
  4980736
100
AcDbLine
 10
-78.154225
 20
-120.06597
 30
0.0
 11
-78.266685
 21
-120.091932
 31
0.0
  0
ARC
  5
2ED
330
1F
100
AcDbEntity
  8
0
  6
Continuous
 62
    18
420
  4980736
100
AcDbCircle
 10
-78.28868
 20
-119.996661
 30
0.0
 40
0.097777
100
AcDbArc
 50
132.999842000003
 51
283.0001579999988
  0
LINE
  5
2EE
330
1F
100
AcDbEntity
  8
0
  6
Continuous
 62
    18
420
  4980736
100
AcDbLine
 10
-78.355364
 20
-119.925151
 30
0.0
 11
-78.270958
 21
-119.846443
 31
0.0
  0
ARC
  5
2EF
330
1F
100
AcDbEntity
  8
0
  6
Continuous
 62
    18
420
  4980736
100
AcDbCircle
 10
-78.426555
 20
-119.679587
 30
0.0
 40
0.228148
100
AcDbArc
 50
313.0001629999987
 51
43.0001629999987
  0
LINE
  5
2F0
330
1F
100
AcDbEntity
  8
0
  6
Continuous
 62
    18
420
  4980736
100
AcDbLine
 10
-78.259698
 20
-119.52399
 30
0.0
 11
-78.33841
 21
-119.439583
 31
0.0
  0
ARC
  5
2F1
330
1F
100
AcDbEntity
  8
0
  6
Continuous
 62
    18
420
  4980736
100
AcDbCircle
 10
-78.266901
 20
-119.3729
 30
0.0
 40
0.097776
100
AcDbArc
 50
72.99910099999991
 51
223.0001619999964
  0
LINE
  5
2F2
330
1F
100
AcDbEntity
  8
0
  6
Continuous
 62
    18
420
  4980736
100
AcDbLine
 10
-78.238313
 20
-119.279396
 30
0.0
 11
-78.127942
 21
-119.313138
 31
0.0
  0
ARC
  5
2F3
330
1F
100
AcDbEntity
  8
0
  6
Continuous
 62
    18
420
  4980736
100
AcDbCircle
 10
-78.061243
 20
-119.094957
 30
0.0
 40
0.228148
100
AcDbArc
 50
253.0013250000005
 51
343.0004420000006
  0
LINE
  5
2F4
330
1F
100
AcDbEntity
  8
0
  6
Continuous
 62
    18
420
  4980736
100
AcDbLine
 10
-77.843063
 20
-119.16166
 30
0.0
 11
-77.809323
 21
-119.051292
 31
0.0
  0
ARC
  5
2F5
330
1F
100
AcDbEntity
  8
0
  6
Continuous
 62
    18
420
  4980736
100
AcDbCircle
 10
-77.715818
 20
-119.079879
 30
0.0
 40
0.097777
100
AcDbArc
 50
12.99918500000204
 51
163.0002459999965
  0
LINE
  5
2F6
330
1F
100
AcDbEntity
  8
0
  6
Continuous
 62
    18
420
  4980736
100
AcDbLine
 10
-77.620546
 20
-119.057886
 30
0.0
 11
-77.594584
 21
-119.170337
 31
0.0
  0
ARC
  5
2F7
330
1F
100
AcDbEntity
  8
0
  6
Continuous
 62
    18
420
  4980736
100
AcDbCircle
 10
-77.372284
 20
-119.119015
 30
0.0
 40
0.228148
100
AcDbArc
 50
192.9998370000005
 51
282.9998370000005
  0
LINE
  5
2F8
330
1F
100
AcDbEntity
  8
0
  6
Continuous
 62
    18
420
  4980736
100
AcDbLine
 10
-77.320962
 20
-119.341316
 30
0.0
 11
-77.208509
 21
-119.315352
 31
0.0
  0
ARC
  5
2F9
330
1F
100
AcDbEntity
  8
0
  6
Continuous
 62
    18
420
  4980736
100
AcDbCircle
 10
-77.186513
 20
-119.410623
 30
0.0
 40
0.097777
100
AcDbArc
 50
312.999842000003
 51
103.0001579999988
  0
LINE
  5
2FA
330
1F
100
AcDbEntity
  8
0
  6
Continuous
 62
    18
420
  4980736
100
AcDbLine
 10
-77.11983
 20
-119.482132
 30
0.0
 11
-77.20423
 21
-119.560841
 31
0.0
  0
ARC
  5
2FB
330
1F
100
AcDbEntity
  8
0
  6
Continuous
 62
    18
420
  4980736
100
AcDbCircle
 10
-77.048633
 20
-119.727697
 30
0.0
 40
0.228148
100
AcDbArc
 50
133.0001629999987
 51
223.0001629999987
  0
LINE
  5
2FC
330
1F
100
AcDbEntity
  8
0
  6
Continuous
 62
    18
420
  4980736
100
AcDbLine
 10
-77.21549
 20
-119.883294
 30
0.0
 11
-77.136781
 21
-119.967699
 31
0.0
  0
ARC
  5
2FD
330
1F
100
AcDbEntity
  8
0
  6
Continuous
 62
    18
420
  4980736
100
AcDbCircle
 10
-77.20829
 20
-120.034383
 30
0.0
 40
0.097776
100
AcDbArc
 50
252.9991009999999
 51
43.00016199999644
  0
LINE
  5
2FE
330
1F
100
AcDbEntity
  8
0
  6
Continuous
 62
    18
420
  4980736
100
AcDbLine
 10
-77.236879
 20
-120.127887
 30
0.0
 11
-77.347248
 21
-120.094147
 31
0.0
  0
ARC
  5
2FF
330
1F
100
AcDbEntity
  8
0
  6
Continuous
 62
    18
420
  4980736
100
AcDbCircle
 10
-77.413946
 20
-120.312327
 30
0.0
 40
0.228147
100
AcDbArc
 50
73.00154599999993
 51
163.0002210000016
  0
LINE
  5
300
330
1F
100
AcDbEntity
  8
0
  6
Continuous
 62
    18
420
  4980736
100
AcDbLine
 10
-77.632125
 20
-120.245624
 30
0.0
 11
-77.665869
 21
-120.35599
 31
0.0
  0
ARC
  5
301
330
1F
100
AcDbEntity
  8
0
  6
Continuous
 62
    18
420
  4980736
100
AcDbCircle
 10
-77.759374
 20
-120.327403
 30
0.0
 40
0.097777
100
AcDbArc
 50
192.999185000002
 51
343.0002459999965
  0
LINE
  5
302
330
1F
100
AcDbEntity
  8
0
  6
Continuous
 62
    18
420
  4980736
100
AcDbLine
 10
-77.854645
 20
-120.349397
 30
0.0
 11
-77.880604
 21
-120.236947
 31
0.0
  0
POLYLINE
  5
303
330
1F
100
AcDbEntity
  8
0
  6
Continuous
 62
    18
420
  4980736
100
AcDb2dPolyline
 66
     1
 10
0.0
 20
0.0
 30
0.0
  0
VERTEX
  5
304
330
303
100
AcDbEntity
  8
0
  6
Continuous
 62
    18
420
  4980736
100
AcDbVertex
100
AcDb2dVertex
 10
-79.473625
 20
-115.536974
 30
0.0
  0
VERTEX
  5
305
330
303
100
AcDbEntity
  8
0
  6
Continuous
 62
    18
420
  4980736
100
AcDbVertex
100
AcDb2dVertex
 10
-77.428716
 20
-115.536974
 30
0.0
  0
VERTEX
  5
306
330
303
100
AcDbEntity
  8
0
  6
Continuous
 62
    18
420
  4980736
100
AcDbVertex
100
AcDb2dVertex
 10
-77.003282
 20
-115.576087
 30
0.0
  0
VERTEX
  5
307
330
303
100
AcDbEntity
  8
0
  6
Continuous
 62
    18
420
  4980736
100
AcDbVertex
100
AcDb2dVertex
 10
-76.592109
 20
-115.692113
 30
0.0
  0
VERTEX
  5
308
330
303
100
AcDbEntity
  8
0
  6
Continuous
 62
    18
420
  4980736
100
AcDbVertex
100
AcDb2dVertex
 10
-76.208984
 20
-115.881163
 30
0.0
  0
VERTEX
  5
309
330
303
100
AcDbEntity
  8
0
  6
Continuous
 62
    18
420
  4980736
100
AcDbVertex
100
AcDb2dVertex
 10
-75.86675
 20
-116.136899
 30
0.0
  0
VERTEX
  5
30A
330
303
100
AcDbEntity
  8
0
  6
Continuous
 62
    18
420
  4980736
100
AcDbVertex
100
AcDb2dVertex
 10
-75.576882
 20
-116.450747
 30
0.0
  0
VERTEX
  5
30B
330
303
100
AcDbEntity
  8
0
  6
Continuous
 62
    18
420
  4980736
100
AcDbVertex
100
AcDb2dVertex
 10
-75.349096
 20
-116.812186
 30
0.0
  0
VERTEX
  5
30C
330
303
100
AcDbEntity
  8
0
  6
Continuous
 62
    18
420
  4980736
100
AcDbVertex
100
AcDb2dVertex
 10
-75.191029
 20
-117.209099
 30
0.0
  0
VERTEX
  5
30D
330
303
100
AcDbEntity
  8
0
  6
Continuous
 62
    18
420
  4980736
100
AcDbVertex
100
AcDb2dVertex
 10
-75.10798
 20
-117.628178
 30
0.0
  0
VERTEX
  5
30E
330
303
100
AcDbEntity
  8
0
  6
Continuous
 62
    18
420
  4980736
100
AcDbVertex
100
AcDb2dVertex
 10
-75.027013
 20
-118.664506
 30
0.0
  0
VERTEX
  5
30F
330
303
100
AcDbEntity
  8
0
  6
Continuous
 62
    18
420
  4980736
100
AcDbVertex
100
AcDb2dVertex
 10
-75.0
 20
-119.70364
 30
0.0
  0
VERTEX
  5
310
330
303
100
AcDbEntity
  8
0
  6
Continuous
 62
    18
420
  4980736
100
AcDbVertex
100
AcDb2dVertex
 10
-75.027013
 20
-120.742775
 30
0.0
  0
VERTEX
  5
311
330
303
100
AcDbEntity
  8
0
  6
Continuous
 62
    18
420
  4980736
100
AcDbVertex
100
AcDb2dVertex
 10
-75.10798
 20
-121.779102
 30
0.0
  0
VERTEX
  5
312
330
303
100
AcDbEntity
  8
0
  6
Continuous
 62
    18
420
  4980736
100
AcDbVertex
100
AcDb2dVertex
 10
-75.191029
 20
-122.198183
 30
0.0
  0
VERTEX
  5
313
330
303
100
AcDbEntity
  8
0
  6
Continuous
 62
    18
420
  4980736
100
AcDbVertex
100
AcDb2dVertex
 10
-75.349096
 20
-122.595095
 30
0.0
  0
VERTEX
  5
314
330
303
100
AcDbEntity
  8
0
  6
Continuous
 62
    18
420
  4980736
100
AcDbVertex
100
AcDb2dVertex
 10
-75.576882
 20
-122.956535
 30
0.0
  0
VERTEX
  5
315
330
303
100
AcDbEntity
  8
0
  6
Continuous
 62
    18
420
  4980736
100
AcDbVertex
100
AcDb2dVertex
 10
-75.86675
 20
-123.270383
 30
0.0
  0
VERTEX
  5
316
330
303
100
AcDbEntity
  8
0
  6
Continuous
 62
    18
420
  4980736
100
AcDbVertex
100
AcDb2dVertex
 10
-76.208984
 20
-123.526119
 30
0.0
  0
VERTEX
  5
317
330
303
100
AcDbEntity
  8
0
  6
Continuous
 62
    18
420
  4980736
100
AcDbVertex
100
AcDb2dVertex
 10
-76.592109
 20
-123.715169
 30
0.0
  0
VERTEX
  5
318
330
303
100
AcDbEntity
  8
0
  6
Continuous
 62
    18
420
  4980736
100
AcDbVertex
100
AcDb2dVertex
 10
-77.003282
 20
-123.831195
 30
0.0
  0
VERTEX
  5
319
330
303
100
AcDbEntity
  8
0
  6
Continuous
 62
    18
420
  4980736
100
AcDbVertex
100
AcDb2dVertex
 10
-77.428718
 20
-123.870308
 30
0.0
  0
VERTEX
  5
31A
330
303
100
AcDbEntity
  8
0
  6
Continuous
 62
    18
420
  4980736
100
AcDbVertex
100
AcDb2dVertex
 10
-79.473625
 20
-123.870308
 30
0.0
  0
SEQEND
  5
31B
330
303
100
AcDbEntity
  8
0
  6
Continuous
 62
    18
420
  4980736
  0
POLYLINE
  5
31C
330
1F
100
AcDbEntity
  8
0
  6
Continuous
 62
    18
420
  4980736
100
AcDb2dPolyline
 66
     1
 10
0.0
 20
0.0
 30
0.0
 70
     1
  0
VERTEX
  5
31D
330
31C
100
AcDbEntity
  8
0
  6
Continuous
 62
    18
420
  4980736
100
AcDbVertex
100
AcDb2dVertex
 10
-79.879766
 20
-121.845824
 30
0.0
  0
VERTEX
  5
31E
330
31C
100
AcDbEntity
  8
0
  6
Continuous
 62
    18
420
  4980736
100
AcDbVertex
100
AcDb2dVertex
 10
-78.749046
 20
-121.958731
 30
0.0
  0
VERTEX
  5
31F
330
31C
100
AcDbEntity
  8
0
  6
Continuous
 62
    18
420
  4980736
100
AcDbVertex
100
AcDb2dVertex
 10
-77.737602
 20
-121.992249
 30
0.0
  0
VERTEX
  5
320
330
31C
100
AcDbEntity
  8
0
  6
Continuous
 62
    18
420
  4980736
100
AcDbVertex
100
AcDb2dVertex
 10
-76.726162
 20
-121.958732
 30
0.0
  0
VERTEX
  5
321
330
31C
100
AcDbEntity
  8
0
  6
Continuous
 62
    18
420
  4980736
100
AcDbVertex
100
AcDb2dVertex
 10
-75.595428
 20
-121.845824
 30
0.0
  0
VERTEX
  5
322
330
31C
100
AcDbEntity
  8
0
  6
Continuous
 62
    18
420
  4980736
100
AcDbVertex
100
AcDb2dVertex
 10
-75.482518
 20
-120.715089
 30
0.0
  0
VERTEX
  5
323
330
31C
100
AcDbEntity
  8
0
  6
Continuous
 62
    18
420
  4980736
100
AcDbVertex
100
AcDb2dVertex
 10
-75.448999
 20
-119.703645
 30
0.0
  0
VERTEX
  5
324
330
31C
100
AcDbEntity
  8
0
  6
Continuous
 62
    18
420
  4980736
100
AcDbVertex
100
AcDb2dVertex
 10
-75.482514
 20
-118.692206
 30
0.0
  0
VERTEX
  5
325
330
31C
100
AcDbEntity
  8
0
  6
Continuous
 62
    18
420
  4980736
100
AcDbVertex
100
AcDb2dVertex
 10
-75.595422
 20
-117.561465
 30
0.0
  0
VERTEX
  5
326
330
31C
100
AcDbEntity
  8
0
  6
Continuous
 62
    18
420
  4980736
100
AcDbVertex
100
AcDb2dVertex
 10
-76.726156
 20
-117.448557
 30
0.0
  0
VERTEX
  5
327
330
31C
100
AcDbEntity
  8
0
  6
Continuous
 62
    18
420
  4980736
100
AcDbVertex
100
AcDb2dVertex
 10
-77.737595
 20
-117.415042
 30
0.0
  0
VERTEX
  5
328
330
31C
100
AcDbEntity
  8
0
  6
Continuous
 62
    18
420
  4980736
100
AcDbVertex
100
AcDb2dVertex
 10
-78.749039
 20
-117.448562
 30
0.0
  0
VERTEX
  5
329
330
31C
100
AcDbEntity
  8
0
  6
Continuous
 62
    18
420
  4980736
100
AcDbVertex
100
AcDb2dVertex
 10
-79.879773
 20
-117.561465
 30
0.0
  0
VERTEX
  5
32A
330
31C
100
AcDbEntity
  8
0
  6
Continuous
 62
    18
420
  4980736
100
AcDbVertex
100
AcDb2dVertex
 10
-79.992683
 20
-118.692199
 30
0.0
  0
VERTEX
  5
32B
330
31C
100
AcDbEntity
  8
0
  6
Continuous
 62
    18
420
  4980736
100
AcDbVertex
100
AcDb2dVertex
 10
-80.026202
 20
-119.703639
 30
0.0
  0
VERTEX
  5
32C
330
31C
100
AcDbEntity
  8
0
  6
Continuous
 62
    18
420
  4980736
100
AcDbVertex
100
AcDb2dVertex
 10
-79.992686
 20
-120.715083
 30
0.0
  0
SEQEND
  5
32D
330
31C
100
AcDbEntity
  8
0
  6
Continuous
 62
    18
420
  4980736
  0
CIRCLE
  5
32E
330
1F
100
AcDbEntity
  8
0
  6
Continuous
 62
    18
420
  4980736
100
AcDbCircle
 10
-84.784134
 20
-126.272359
 30
0.0
 40
0.947214
  0
CIRCLE
  5
32F
330
1F
100
AcDbEntity
  8
0
  6
Continuous
 62
    18
420
  4980736
100
AcDbCircle
 10
-84.784134
 20
-126.272359
 30
0.0
 40
1.466668
  0
ARC
  5
330
330
1F
100
AcDbEntity
  8
0
  6
Continuous
 62
    18
420
  4980736
100
AcDbCircle
 10
-85.149441
 20
-126.856989
 30
0.0
 40
0.228147
100
AcDbArc
 50
13.00035899999883
 51
102.9997559999994
  0
LINE
  5
331
330
1F
100
AcDbEntity
  8
0
  6
Continuous
 62
    18
420
  4980736
100
AcDbLine
 10
-85.200762
 20
-126.634688
 30
0.0
 11
-85.313222
 21
-126.66065
 31
0.0
  0
ARC
  5
332
330
1F
100
AcDbEntity
  8
0
  6
Continuous
 62
    18
420
  4980736
100
AcDbCircle
 10
-85.335217
 20
-126.565379
 30
0.0
 40
0.097777
100
AcDbArc
 50
132.999842000003
 51
283.0001579999988
  0
LINE
  5
333
330
1F
100
AcDbEntity
  8
0
  6
Continuous
 62
    18
420
  4980736
100
AcDbLine
 10
-85.401901
 20
-126.49387
 30
0.0
 11
-85.317495
 21
-126.415161
 31
0.0
  0
ARC
  5
334
330
1F
100
AcDbEntity
  8
0
  6
Continuous
 62
    18
420
  4980736
100
AcDbCircle
 10
-85.473091
 20
-126.248305
 30
0.0
 40
0.228148
100
AcDbArc
 50
313.0001629999987
 51
43.0001629999987
  0
LINE
  5
335
330
1F
100
AcDbEntity
  8
0
  6
Continuous
 62
    18
420
  4980736
100
AcDbLine
 10
-85.306235
 20
-126.092709
 30
0.0
 11
-85.384947
 21
-126.008302
 31
0.0
  0
ARC
  5
336
330
1F
100
AcDbEntity
  8
0
  6
Continuous
 62
    18
420
  4980736
100
AcDbCircle
 10
-85.313438
 20
-125.941618
 30
0.0
 40
0.097776
100
AcDbArc
 50
72.99910099999991
 51
223.0001619999964
  0
LINE
  5
337
330
1F
100
AcDbEntity
  8
0
  6
Continuous
 62
    18
420
  4980736
100
AcDbLine
 10
-85.28485
 20
-125.848114
 30
0.0
 11
-85.174479
 21
-125.881856
 31
0.0
  0
ARC
  5
338
330
1F
100
AcDbEntity
  8
0
  6
Continuous
 62
    18
420
  4980736
100
AcDbCircle
 10
-85.10778
 20
-125.663675
 30
0.0
 40
0.228148
100
AcDbArc
 50
253.0013250000005
 51
343.0004420000006
  0
LINE
  5
339
330
1F
100
AcDbEntity
  8
0
  6
Continuous
 62
    18
420
  4980736
100
AcDbLine
 10
-84.8896
 20
-125.730378
 30
0.0
 11
-84.855859
 21
-125.620011
 31
0.0
  0
ARC
  5
33A
330
1F
100
AcDbEntity
  8
0
  6
Continuous
 62
    18
420
  4980736
100
AcDbCircle
 10
-84.762355
 20
-125.648598
 30
0.0
 40
0.097777
100
AcDbArc
 50
12.99918500000204
 51
163.0002459999965
  0
LINE
  5
33B
330
1F
100
AcDbEntity
  8
0
  6
Continuous
 62
    18
420
  4980736
100
AcDbLine
 10
-84.667083
 20
-125.626604
 30
0.0
 11
-84.641121
 21
-125.739055
 31
0.0
  0
ARC
  5
33C
330
1F
100
AcDbEntity
  8
0
  6
Continuous
 62
    18
420
  4980736
100
AcDbCircle
 10
-84.41882
 20
-125.687734
 30
0.0
 40
0.228148
100
AcDbArc
 50
192.9998370000005
 51
282.9998370000005
  0
LINE
  5
33D
330
1F
100
AcDbEntity
  8
0
  6
Continuous
 62
    18
420
  4980736
100
AcDbLine
 10
-84.367499
 20
-125.910034
 30
0.0
 11
-84.255046
 21
-125.88407
 31
0.0
  0
ARC
  5
33E
330
1F
100
AcDbEntity
  8
0
  6
Continuous
 62
    18
420
  4980736
100
AcDbCircle
 10
-84.23305
 20
-125.979341
 30
0.0
 40
0.097777
100
AcDbArc
 50
312.999842000003
 51
103.0001579999988
  0
LINE
  5
33F
330
1F
100
AcDbEntity
  8
0
  6
Continuous
 62
    18
420
  4980736
100
AcDbLine
 10
-84.166367
 20
-126.050851
 30
0.0
 11
-84.250767
 21
-126.129559
 31
0.0
  0
ARC
  5
340
330
1F
100
AcDbEntity
  8
0
  6
Continuous
 62
    18
420
  4980736
100
AcDbCircle
 10
-84.09517
 20
-126.296415
 30
0.0
 40
0.228148
100
AcDbArc
 50
133.0001629999987
 51
223.0001629999987
  0
LINE
  5
341
330
1F
100
AcDbEntity
  8
0
  6
Continuous
 62
    18
420
  4980736
100
AcDbLine
 10
-84.262026
 20
-126.452012
 30
0.0
 11
-84.183318
 21
-126.536418
 31
0.0
  0
ARC
  5
342
330
1F
100
AcDbEntity
  8
0
  6
Continuous
 62
    18
420
  4980736
100
AcDbCircle
 10
-84.254827
 20
-126.603101
 30
0.0
 40
0.097776
100
AcDbArc
 50
252.9991009999999
 51
43.00016199999644
  0
LINE
  5
343
330
1F
100
AcDbEntity
  8
0
  6
Continuous
 62
    18
420
  4980736
100
AcDbLine
 10
-84.283416
 20
-126.696605
 30
0.0
 11
-84.393785
 21
-126.662865
 31
0.0
  0
ARC
  5
344
330
1F
100
AcDbEntity
  8
0
  6
Continuous
 62
    18
420
  4980736
100
AcDbCircle
 10
-84.460483
 20
-126.881045
 30
0.0
 40
0.228147
100
AcDbArc
 50
73.00154599999993
 51
163.0002210000016
  0
LINE
  5
345
330
1F
100
AcDbEntity
  8
0
  6
Continuous
 62
    18
420
  4980736
100
AcDbLine
 10
-84.678662
 20
-126.814342
 30
0.0
 11
-84.712406
 21
-126.924709
 31
0.0
  0
ARC
  5
346
330
1F
100
AcDbEntity
  8
0
  6
Continuous
 62
    18
420
  4980736
100
AcDbCircle
 10
-84.805911
 20
-126.896122
 30
0.0
 40
0.097777
100
AcDbArc
 50
192.999185000002
 51
343.0002459999965
  0
LINE
  5
347
330
1F
100
AcDbEntity
  8
0
  6
Continuous
 62
    18
420
  4980736
100
AcDbLine
 10
-84.901182
 20
-126.918115
 30
0.0
 11
-84.927141
 21
-126.805665
 31
0.0
  0
POLYLINE
  5
348
330
1F
100
AcDbEntity
  8
0
  6
Continuous
 62
    18
420
  4980736
100
AcDb2dPolyline
 66
     1
 10
0.0
 20
0.0
 30
0.0
  0
VERTEX
  5
349
330
348
100
AcDbEntity
  8
0
  6
Continuous
 62
    18
420
  4980736
100
AcDbVertex
100
AcDb2dVertex
 10
-86.520162
 20
-124.08963
 30
0.0
  0
VERTEX
  5
34A
330
348
100
AcDbEntity
  8
0
  6
Continuous
 62
    18
420
  4980736
100
AcDbVertex
100
AcDb2dVertex
 10
-86.520162
 20
-118.60202
 30
0.0
  0
SEQEND
  5
34B
330
348
100
AcDbEntity
  8
0
  6
Continuous
 62
    18
420
  4980736
  0
POLYLINE
  5
34C
330
1F
100
AcDbEntity
  8
0
  6
Continuous
 62
    18
420
  4980736
100
AcDb2dPolyline
 66
     1
 10
0.0
 20
0.0
 30
0.0
  0
VERTEX
  5
34D
330
34C
100
AcDbEntity
  8
0
  6
Continuous
 62
    18
420
  4980736
100
AcDbVertex
100
AcDb2dVertex
 10
-86.520162
 20
-114.236553
 30
0.0
  0
VERTEX
  5
34E
330
34C
100
AcDbEntity
  8
0
  6
Continuous
 62
    18
420
  4980736
100
AcDbVertex
100
AcDb2dVertex
 10
-86.520162
 20
-112.252616
 30
0.0
  0
SEQEND
  5
34F
330
34C
100
AcDbEntity
  8
0
  6
Continuous
 62
    18
420
  4980736
  0
POLYLINE
  5
350
330
1F
100
AcDbEntity
  8
0
  6
Continuous
 62
    18
420
  4980736
100
AcDb2dPolyline
 66
     1
 10
0.0
 20
0.0
 30
0.0
 70
     1
  0
VERTEX
  5
351
330
350
100
AcDbEntity
  8
0
  6
Continuous
 62
    18
420
  4980736
100
AcDbVertex
100
AcDb2dVertex
 10
-86.926303
 20
-128.414542
 30
0.0
  0
VERTEX
  5
352
330
350
100
AcDbEntity
  8
0
  6
Continuous
 62
    18
420
  4980736
100
AcDbVertex
100
AcDb2dVertex
 10
-85.795582
 20
-128.527449
 30
0.0
  0
VERTEX
  5
353
330
350
100
AcDbEntity
  8
0
  6
Continuous
 62
    18
420
  4980736
100
AcDbVertex
100
AcDb2dVertex
 10
-84.784138
 20
-128.560967
 30
0.0
  0
VERTEX
  5
354
330
350
100
AcDbEntity
  8
0
  6
Continuous
 62
    18
420
  4980736
100
AcDbVertex
100
AcDb2dVertex
 10
-83.772699
 20
-128.52745
 30
0.0
  0
VERTEX
  5
355
330
350
100
AcDbEntity
  8
0
  6
Continuous
 62
    18
420
  4980736
100
AcDbVertex
100
AcDb2dVertex
 10
-82.641965
 20
-128.414542
 30
0.0
  0
VERTEX
  5
356
330
350
100
AcDbEntity
  8
0
  6
Continuous
 62
    18
420
  4980736
100
AcDbVertex
100
AcDb2dVertex
 10
-82.529055
 20
-127.283807
 30
0.0
  0
VERTEX
  5
357
330
350
100
AcDbEntity
  8
0
  6
Continuous
 62
    18
420
  4980736
100
AcDbVertex
100
AcDb2dVertex
 10
-82.495536
 20
-126.272363
 30
0.0
  0
VERTEX
  5
358
330
350
100
AcDbEntity
  8
0
  6
Continuous
 62
    18
420
  4980736
100
AcDbVertex
100
AcDb2dVertex
 10
-82.529051
 20
-125.260924
 30
0.0
  0
VERTEX
  5
359
330
350
100
AcDbEntity
  8
0
  6
Continuous
 62
    18
420
  4980736
100
AcDbVertex
100
AcDb2dVertex
 10
-82.641959
 20
-124.130183
 30
0.0
  0
VERTEX
  5
35A
330
350
100
AcDbEntity
  8
0
  6
Continuous
 62
    18
420
  4980736
100
AcDbVertex
100
AcDb2dVertex
 10
-83.772693
 20
-124.017276
 30
0.0
  0
VERTEX
  5
35B
330
350
100
AcDbEntity
  8
0
  6
Continuous
 62
    18
420
  4980736
100
AcDbVertex
100
AcDb2dVertex
 10
-84.784132
 20
-123.98376
 30
0.0
  0
VERTEX
  5
35C
330
350
100
AcDbEntity
  8
0
  6
Continuous
 62
    18
420
  4980736
100
AcDbVertex
100
AcDb2dVertex
 10
-85.795576
 20
-124.01728
 30
0.0
  0
VERTEX
  5
35D
330
350
100
AcDbEntity
  8
0
  6
Continuous
 62
    18
420
  4980736
100
AcDbVertex
100
AcDb2dVertex
 10
-86.92631
 20
-124.130183
 30
0.0
  0
VERTEX
  5
35E
330
350
100
AcDbEntity
  8
0
  6
Continuous
 62
    18
420
  4980736
100
AcDbVertex
100
AcDb2dVertex
 10
-87.03922
 20
-125.260918
 30
0.0
  0
VERTEX
  5
35F
330
350
100
AcDbEntity
  8
0
  6
Continuous
 62
    18
420
  4980736
100
AcDbVertex
100
AcDb2dVertex
 10
-87.072739
 20
-126.272357
 30
0.0
  0
VERTEX
  5
360
330
350
100
AcDbEntity
  8
0
  6
Continuous
 62
    18
420
  4980736
100
AcDbVertex
100
AcDb2dVertex
 10
-87.039223
 20
-127.283801
 30
0.0
  0
SEQEND
  5
361
330
350
100
AcDbEntity
  8
0
  6
Continuous
 62
    18
420
  4980736
  0
CIRCLE
  5
362
330
1F
100
AcDbEntity
  8
0
  6
Continuous
 62
    18
420
  4980736
100
AcDbCircle
 10
-84.784134
 20
-116.419282
 30
0.0
 40
0.947214
  0
CIRCLE
  5
363
330
1F
100
AcDbEntity
  8
0
  6
Continuous
 62
    18
420
  4980736
100
AcDbCircle
 10
-84.784134
 20
-116.419282
 30
0.0
 40
1.466668
  0
ARC
  5
364
330
1F
100
AcDbEntity
  8
0
  6
Continuous
 62
    18
420
  4980736
100
AcDbCircle
 10
-85.149441
 20
-117.003912
 30
0.0
 40
0.228147
100
AcDbArc
 50
13.00035899999883
 51
102.9997559999994
  0
LINE
  5
365
330
1F
100
AcDbEntity
  8
0
  6
Continuous
 62
    18
420
  4980736
100
AcDbLine
 10
-85.200762
 20
-116.781612
 30
0.0
 11
-85.313222
 21
-116.807573
 31
0.0
  0
ARC
  5
366
330
1F
100
AcDbEntity
  8
0
  6
Continuous
 62
    18
420
  4980736
100
AcDbCircle
 10
-85.335217
 20
-116.712303
 30
0.0
 40
0.097777
100
AcDbArc
 50
132.999842000003
 51
283.0001579999988
  0
LINE
  5
367
330
1F
100
AcDbEntity
  8
0
  6
Continuous
 62
    18
420
  4980736
100
AcDbLine
 10
-85.401901
 20
-116.640793
 30
0.0
 11
-85.317495
 21
-116.562085
 31
0.0
  0
ARC
  5
368
330
1F
100
AcDbEntity
  8
0
  6
Continuous
 62
    18
420
  4980736
100
AcDbCircle
 10
-85.473091
 20
-116.395228
 30
0.0
 40
0.228148
100
AcDbArc
 50
313.0001629999987
 51
43.0001629999987
  0
LINE
  5
369
330
1F
100
AcDbEntity
  8
0
  6
Continuous
 62
    18
420
  4980736
100
AcDbLine
 10
-85.306235
 20
-116.239632
 30
0.0
 11
-85.384947
 21
-116.155225
 31
0.0
  0
ARC
  5
36A
330
1F
100
AcDbEntity
  8
0
  6
Continuous
 62
    18
420
  4980736
100
AcDbCircle
 10
-85.313438
 20
-116.088541
 30
0.0
 40
0.097776
100
AcDbArc
 50
72.99910099999991
 51
223.0001619999964
  0
LINE
  5
36B
330
1F
100
AcDbEntity
  8
0
  6
Continuous
 62
    18
420
  4980736
100
AcDbLine
 10
-85.28485
 20
-115.995038
 30
0.0
 11
-85.174479
 21
-116.028779
 31
0.0
  0
ARC
  5
36C
330
1F
100
AcDbEntity
  8
0
  6
Continuous
 62
    18
420
  4980736
100
AcDbCircle
 10
-85.10778
 20
-115.810599
 30
0.0
 40
0.228148
100
AcDbArc
 50
253.0013250000005
 51
343.0004420000006
  0
LINE
  5
36D
330
1F
100
AcDbEntity
  8
0
  6
Continuous
 62
    18
420
  4980736
100
AcDbLine
 10
-84.8896
 20
-115.877301
 30
0.0
 11
-84.855859
 21
-115.766934
 31
0.0
  0
ARC
  5
36E
330
1F
100
AcDbEntity
  8
0
  6
Continuous
 62
    18
420
  4980736
100
AcDbCircle
 10
-84.762355
 20
-115.795521
 30
0.0
 40
0.097777
100
AcDbArc
 50
12.99918500000204
 51
163.0002459999965
  0
LINE
  5
36F
330
1F
100
AcDbEntity
  8
0
  6
Continuous
 62
    18
420
  4980736
100
AcDbLine
 10
-84.667083
 20
-115.773527
 30
0.0
 11
-84.641121
 21
-115.885978
 31
0.0
  0
ARC
  5
370
330
1F
100
AcDbEntity
  8
0
  6
Continuous
 62
    18
420
  4980736
100
AcDbCircle
 10
-84.41882
 20
-115.834657
 30
0.0
 40
0.228148
100
AcDbArc
 50
192.9998370000005
 51
282.9998370000005
  0
LINE
  5
371
330
1F
100
AcDbEntity
  8
0
  6
Continuous
 62
    18
420
  4980736
100
AcDbLine
 10
-84.367499
 20
-116.056957
 30
0.0
 11
-84.255046
 21
-116.030994
 31
0.0
  0
ARC
  5
372
330
1F
100
AcDbEntity
  8
0
  6
Continuous
 62
    18
420
  4980736
100
AcDbCircle
 10
-84.23305
 20
-116.126264
 30
0.0
 40
0.097777
100
AcDbArc
 50
312.999842000003
 51
103.0001579999988
  0
LINE
  5
373
330
1F
100
AcDbEntity
  8
0
  6
Continuous
 62
    18
420
  4980736
100
AcDbLine
 10
-84.166367
 20
-116.197774
 30
0.0
 11
-84.250767
 21
-116.276482
 31
0.0
  0
ARC
  5
374
330
1F
100
AcDbEntity
  8
0
  6
Continuous
 62
    18
420
  4980736
100
AcDbCircle
 10
-84.09517
 20
-116.443338
 30
0.0
 40
0.228148
100
AcDbArc
 50
133.0001629999987
 51
223.0001629999987
  0
LINE
  5
375
330
1F
100
AcDbEntity
  8
0
  6
Continuous
 62
    18
420
  4980736
100
AcDbLine
 10
-84.262026
 20
-116.598935
 30
0.0
 11
-84.183318
 21
-116.683341
 31
0.0
  0
ARC
  5
376
330
1F
100
AcDbEntity
  8
0
  6
Continuous
 62
    18
420
  4980736
100
AcDbCircle
 10
-84.254827
 20
-116.750024
 30
0.0
 40
0.097776
100
AcDbArc
 50
252.9991009999999
 51
43.00016199999644
  0
LINE
  5
377
330
1F
100
AcDbEntity
  8
0
  6
Continuous
 62
    18
420
  4980736
100
AcDbLine
 10
-84.283416
 20
-116.843528
 30
0.0
 11
-84.393785
 21
-116.809788
 31
0.0
  0
ARC
  5
378
330
1F
100
AcDbEntity
  8
0
  6
Continuous
 62
    18
420
  4980736
100
AcDbCircle
 10
-84.460483
 20
-117.027969
 30
0.0
 40
0.228147
100
AcDbArc
 50
73.00154599999993
 51
163.0002210000016
  0
LINE
  5
379
330
1F
100
AcDbEntity
  8
0
  6
Continuous
 62
    18
420
  4980736
100
AcDbLine
 10
-84.678662
 20
-116.961266
 30
0.0
 11
-84.712406
 21
-117.071632
 31
0.0
  0
ARC
  5
37A
330
1F
100
AcDbEntity
  8
0
  6
Continuous
 62
    18
420
  4980736
100
AcDbCircle
 10
-84.805911
 20
-117.043045
 30
0.0
 40
0.097777
100
AcDbArc
 50
192.999185000002
 51
343.0002459999965
  0
LINE
  5
37B
330
1F
100
AcDbEntity
  8
0
  6
Continuous
 62
    18
420
  4980736
100
AcDbLine
 10
-84.901182
 20
-117.065039
 30
0.0
 11
-84.927141
 21
-116.952588
 31
0.0
  0
POLYLINE
  5
37C
330
1F
100
AcDbEntity
  8
0
  6
Continuous
 62
    18
420
  4980736
100
AcDb2dPolyline
 66
     1
 10
0.0
 20
0.0
 30
0.0
  0
VERTEX
  5
37D
330
37C
100
AcDbEntity
  8
0
  6
Continuous
 62
    18
420
  4980736
100
AcDbVertex
100
AcDb2dVertex
 10
-86.520162
 20
-112.252616
 30
0.0
  0
VERTEX
  5
37E
330
37C
100
AcDbEntity
  8
0
  6
Continuous
 62
    18
420
  4980736
100
AcDbVertex
100
AcDb2dVertex
 10
-84.475253
 20
-112.252616
 30
0.0
  0
VERTEX
  5
37F
330
37C
100
AcDbEntity
  8
0
  6
Continuous
 62
    18
420
  4980736
100
AcDbVertex
100
AcDb2dVertex
 10
-84.049818
 20
-112.291728
 30
0.0
  0
VERTEX
  5
380
330
37C
100
AcDbEntity
  8
0
  6
Continuous
 62
    18
420
  4980736
100
AcDbVertex
100
AcDb2dVertex
 10
-83.638646
 20
-112.407754
 30
0.0
  0
VERTEX
  5
381
330
37C
100
AcDbEntity
  8
0
  6
Continuous
 62
    18
420
  4980736
100
AcDbVertex
100
AcDb2dVertex
 10
-83.255521
 20
-112.596804
 30
0.0
  0
VERTEX
  5
382
330
37C
100
AcDbEntity
  8
0
  6
Continuous
 62
    18
420
  4980736
100
AcDbVertex
100
AcDb2dVertex
 10
-82.913287
 20
-112.85254
 30
0.0
  0
VERTEX
  5
383
330
37C
100
AcDbEntity
  8
0
  6
Continuous
 62
    18
420
  4980736
100
AcDbVertex
100
AcDb2dVertex
 10
-82.623419
 20
-113.166389
 30
0.0
  0
VERTEX
  5
384
330
37C
100
AcDbEntity
  8
0
  6
Continuous
 62
    18
420
  4980736
100
AcDbVertex
100
AcDb2dVertex
 10
-82.395632
 20
-113.527828
 30
0.0
  0
VERTEX
  5
385
330
37C
100
AcDbEntity
  8
0
  6
Continuous
 62
    18
420
  4980736
100
AcDbVertex
100
AcDb2dVertex
 10
-82.237566
 20
-113.92474
 30
0.0
  0
VERTEX
  5
386
330
37C
100
AcDbEntity
  8
0
  6
Continuous
 62
    18
420
  4980736
100
AcDbVertex
100
AcDb2dVertex
 10
-82.154517
 20
-114.34382
 30
0.0
  0
VERTEX
  5
387
330
37C
100
AcDbEntity
  8
0
  6
Continuous
 62
    18
420
  4980736
100
AcDbVertex
100
AcDb2dVertex
 10
-82.07355
 20
-115.380147
 30
0.0
  0
VERTEX
  5
388
330
37C
100
AcDbEntity
  8
0
  6
Continuous
 62
    18
420
  4980736
100
AcDbVertex
100
AcDb2dVertex
 10
-82.046537
 20
-116.419282
 30
0.0
  0
VERTEX
  5
389
330
37C
100
AcDbEntity
  8
0
  6
Continuous
 62
    18
420
  4980736
100
AcDbVertex
100
AcDb2dVertex
 10
-82.07355
 20
-117.458416
 30
0.0
  0
VERTEX
  5
38A
330
37C
100
AcDbEntity
  8
0
  6
Continuous
 62
    18
420
  4980736
100
AcDbVertex
100
AcDb2dVertex
 10
-82.154517
 20
-118.494744
 30
0.0
  0
VERTEX
  5
38B
330
37C
100
AcDbEntity
  8
0
  6
Continuous
 62
    18
420
  4980736
100
AcDbVertex
100
AcDb2dVertex
 10
-82.237566
 20
-118.913824
 30
0.0
  0
VERTEX
  5
38C
330
37C
100
AcDbEntity
  8
0
  6
Continuous
 62
    18
420
  4980736
100
AcDbVertex
100
AcDb2dVertex
 10
-82.395632
 20
-119.310737
 30
0.0
  0
VERTEX
  5
38D
330
37C
100
AcDbEntity
  8
0
  6
Continuous
 62
    18
420
  4980736
100
AcDbVertex
100
AcDb2dVertex
 10
-82.623419
 20
-119.672176
 30
0.0
  0
VERTEX
  5
38E
330
37C
100
AcDbEntity
  8
0
  6
Continuous
 62
    18
420
  4980736
100
AcDbVertex
100
AcDb2dVertex
 10
-82.913287
 20
-119.986025
 30
0.0
  0
VERTEX
  5
38F
330
37C
100
AcDbEntity
  8
0
  6
Continuous
 62
    18
420
  4980736
100
AcDbVertex
100
AcDb2dVertex
 10
-83.255521
 20
-120.24176
 30
0.0
  0
VERTEX
  5
390
330
37C
100
AcDbEntity
  8
0
  6
Continuous
 62
    18
420
  4980736
100
AcDbVertex
100
AcDb2dVertex
 10
-83.638646
 20
-120.43081
 30
0.0
  0
VERTEX
  5
391
330
37C
100
AcDbEntity
  8
0
  6
Continuous
 62
    18
420
  4980736
100
AcDbVertex
100
AcDb2dVertex
 10
-84.049818
 20
-120.546837
 30
0.0
  0
VERTEX
  5
392
330
37C
100
AcDbEntity
  8
0
  6
Continuous
 62
    18
420
  4980736
100
AcDbVertex
100
AcDb2dVertex
 10
-84.475255
 20
-120.585949
 30
0.0
  0
VERTEX
  5
393
330
37C
100
AcDbEntity
  8
0
  6
Continuous
 62
    18
420
  4980736
100
AcDbVertex
100
AcDb2dVertex
 10
-86.520162
 20
-120.585949
 30
0.0
  0
SEQEND
  5
394
330
37C
100
AcDbEntity
  8
0
  6
Continuous
 62
    18
420
  4980736
  0
POLYLINE
  5
395
330
1F
100
AcDbEntity
  8
0
  6
Continuous
 62
    18
420
  4980736
100
AcDb2dPolyline
 66
     1
 10
0.0
 20
0.0
 30
0.0
 70
     1
  0
VERTEX
  5
396
330
395
100
AcDbEntity
  8
0
  6
Continuous
 62
    18
420
  4980736
100
AcDbVertex
100
AcDb2dVertex
 10
-86.926303
 20
-118.561466
 30
0.0
  0
VERTEX
  5
397
330
395
100
AcDbEntity
  8
0
  6
Continuous
 62
    18
420
  4980736
100
AcDbVertex
100
AcDb2dVertex
 10
-85.795582
 20
-118.674372
 30
0.0
  0
VERTEX
  5
398
330
395
100
AcDbEntity
  8
0
  6
Continuous
 62
    18
420
  4980736
100
AcDbVertex
100
AcDb2dVertex
 10
-84.784138
 20
-118.70789
 30
0.0
  0
VERTEX
  5
399
330
395
100
AcDbEntity
  8
0
  6
Continuous
 62
    18
420
  4980736
100
AcDbVertex
100
AcDb2dVertex
 10
-83.772699
 20
-118.674374
 30
0.0
  0
VERTEX
  5
39A
330
395
100
AcDbEntity
  8
0
  6
Continuous
 62
    18
420
  4980736
100
AcDbVertex
100
AcDb2dVertex
 10
-82.641965
 20
-118.561466
 30
0.0
  0
VERTEX
  5
39B
330
395
100
AcDbEntity
  8
0
  6
Continuous
 62
    18
420
  4980736
100
AcDbVertex
100
AcDb2dVertex
 10
-82.529055
 20
-117.430731
 30
0.0
  0
VERTEX
  5
39C
330
395
100
AcDbEntity
  8
0
  6
Continuous
 62
    18
420
  4980736
100
AcDbVertex
100
AcDb2dVertex
 10
-82.495536
 20
-116.419286
 30
0.0
  0
VERTEX
  5
39D
330
395
100
AcDbEntity
  8
0
  6
Continuous
 62
    18
420
  4980736
100
AcDbVertex
100
AcDb2dVertex
 10
-82.529051
 20
-115.407847
 30
0.0
  0
VERTEX
  5
39E
330
395
100
AcDbEntity
  8
0
  6
Continuous
 62
    18
420
  4980736
100
AcDbVertex
100
AcDb2dVertex
 10
-82.641959
 20
-114.277106
 30
0.0
  0
VERTEX
  5
39F
330
395
100
AcDbEntity
  8
0
  6
Continuous
 62
    18
420
  4980736
100
AcDbVertex
100
AcDb2dVertex
 10
-83.772693
 20
-114.164199
 30
0.0
  0
VERTEX
  5
3A0
330
395
100
AcDbEntity
  8
0
  6
Continuous
 62
    18
420
  4980736
100
AcDbVertex
100
AcDb2dVertex
 10
-84.784132
 20
-114.130683
 30
0.0
  0
VERTEX
  5
3A1
330
395
100
AcDbEntity
  8
0
  6
Continuous
 62
    18
420
  4980736
100
AcDbVertex
100
AcDb2dVertex
 10
-85.795576
 20
-114.164204
 30
0.0
  0
VERTEX
  5
3A2
330
395
100
AcDbEntity
  8
0
  6
Continuous
 62
    18
420
  4980736
100
AcDbVertex
100
AcDb2dVertex
 10
-86.92631
 20
-114.277106
 30
0.0
  0
VERTEX
  5
3A3
330
395
100
AcDbEntity
  8
0
  6
Continuous
 62
    18
420
  4980736
100
AcDbVertex
100
AcDb2dVertex
 10
-87.03922
 20
-115.407841
 30
0.0
  0
VERTEX
  5
3A4
330
395
100
AcDbEntity
  8
0
  6
Continuous
 62
    18
420
  4980736
100
AcDbVertex
100
AcDb2dVertex
 10
-87.072739
 20
-116.41928
 30
0.0
  0
VERTEX
  5
3A5
330
395
100
AcDbEntity
  8
0
  6
Continuous
 62
    18
420
  4980736
100
AcDbVertex
100
AcDb2dVertex
 10
-87.039223
 20
-117.430724
 30
0.0
  0
SEQEND
  5
3A6
330
395
100
AcDbEntity
  8
0
  6
Continuous
 62
    18
420
  4980736
  0
CIRCLE
  5
3A7
330
1F
100
AcDbEntity
  8
0
  6
Continuous
 62
    18
420
  4980736
100
AcDbCircle
 10
-91.830667
 20
-122.988
 30
0.0
 40
0.947214
  0
CIRCLE
  5
3A8
330
1F
100
AcDbEntity
  8
0
  6
Continuous
 62
    18
420
  4980736
100
AcDbCircle
 10
-91.830667
 20
-122.988
 30
0.0
 40
1.466668
  0
ARC
  5
3A9
330
1F
100
AcDbEntity
  8
0
  6
Continuous
 62
    18
420
  4980736
100
AcDbCircle
 10
-92.195973
 20
-123.572629
 30
0.0
 40
0.228147
100
AcDbArc
 50
13.00035899999883
 51
102.9997559999994
  0
LINE
  5
3AA
330
1F
100
AcDbEntity
  8
0
  6
Continuous
 62
    18
420
  4980736
100
AcDbLine
 10
-92.247294
 20
-123.350329
 30
0.0
 11
-92.359755
 21
-123.376291
 31
0.0
  0
ARC
  5
3AB
330
1F
100
AcDbEntity
  8
0
  6
Continuous
 62
    18
420
  4980736
100
AcDbCircle
 10
-92.38175
 20
-123.28102
 30
0.0
 40
0.097777
100
AcDbArc
 50
132.999842000003
 51
283.0001579999988
  0
LINE
  5
3AC
330
1F
100
AcDbEntity
  8
0
  6
Continuous
 62
    18
420
  4980736
100
AcDbLine
 10
-92.448433
 20
-123.209511
 30
0.0
 11
-92.364027
 21
-123.130802
 31
0.0
  0
ARC
  5
3AD
330
1F
100
AcDbEntity
  8
0
  6
Continuous
 62
    18
420
  4980736
100
AcDbCircle
 10
-92.519624
 20
-122.963946
 30
0.0
 40
0.228148
100
AcDbArc
 50
313.0001629999987
 51
43.0001629999987
  0
LINE
  5
3AE
330
1F
100
AcDbEntity
  8
0
  6
Continuous
 62
    18
420
  4980736
100
AcDbLine
 10
-92.352768
 20
-122.808349
 30
0.0
 11
-92.43148
 21
-122.723942
 31
0.0
  0
ARC
  5
3AF
330
1F
100
AcDbEntity
  8
0
  6
Continuous
 62
    18
420
  4980736
100
AcDbCircle
 10
-92.359971
 20
-122.657259
 30
0.0
 40
0.097776
100
AcDbArc
 50
72.99910099999991
 51
223.0001619999964
  0
LINE
  5
3B0
330
1F
100
AcDbEntity
  8
0
  6
Continuous
 62
    18
420
  4980736
100
AcDbLine
 10
-92.331382
 20
-122.563755
 30
0.0
 11
-92.221012
 21
-122.597497
 31
0.0
  0
ARC
  5
3B1
330
1F
100
AcDbEntity
  8
0
  6
Continuous
 62
    18
420
  4980736
100
AcDbCircle
 10
-92.154313
 20
-122.379316
 30
0.0
 40
0.228148
100
AcDbArc
 50
253.0013250000005
 51
343.0004420000006
  0
LINE
  5
3B2
330
1F
100
AcDbEntity
  8
0
  6
Continuous
 62
    18
420
  4980736
100
AcDbLine
 10
-91.936133
 20
-122.446019
 30
0.0
 11
-91.902392
 21
-122.335652
 31
0.0
  0
ARC
  5
3B3
330
1F
100
AcDbEntity
  8
0
  6
Continuous
 62
    18
420
  4980736
100
AcDbCircle
 10
-91.808887
 20
-122.364238
 30
0.0
 40
0.097777
100
AcDbArc
 50
12.99918500000204
 51
163.0002459999965
  0
LINE
  5
3B4
330
1F
100
AcDbEntity
  8
0
  6
Continuous
 62
    18
420
  4980736
100
AcDbLine
 10
-91.713616
 20
-122.342245
 30
0.0
 11
-91.687653
 21
-122.454696
 31
0.0
  0
ARC
  5
3B5
330
1F
100
AcDbEntity
  8
0
  6
Continuous
 62
    18
420
  4980736
100
AcDbCircle
 10
-91.465353
 20
-122.403375
 30
0.0
 40
0.228148
100
AcDbArc
 50
192.9998370000005
 51
282.9998370000005
  0
LINE
  5
3B6
330
1F
100
AcDbEntity
  8
0
  6
Continuous
 62
    18
420
  4980736
100
AcDbLine
 10
-91.414032
 20
-122.625675
 30
0.0
 11
-91.301578
 21
-122.599711
 31
0.0
  0
ARC
  5
3B7
330
1F
100
AcDbEntity
  8
0
  6
Continuous
 62
    18
420
  4980736
100
AcDbCircle
 10
-91.279583
 20
-122.694982
 30
0.0
 40
0.097777
100
AcDbArc
 50
312.999842000003
 51
103.0001579999988
  0
LINE
  5
3B8
330
1F
100
AcDbEntity
  8
0
  6
Continuous
 62
    18
420
  4980736
100
AcDbLine
 10
-91.212899
 20
-122.766492
 30
0.0
 11
-91.2973
 21
-122.8452
 31
0.0
  0
ARC
  5
3B9
330
1F
100
AcDbEntity
  8
0
  6
Continuous
 62
    18
420
  4980736
100
AcDbCircle
 10
-91.141703
 20
-123.012056
 30
0.0
 40
0.228148
100
AcDbArc
 50
133.0001629999987
 51
223.0001629999987
  0
LINE
  5
3BA
330
1F
100
AcDbEntity
  8
0
  6
Continuous
 62
    18
420
  4980736
100
AcDbLine
 10
-91.308559
 20
-123.167653
 30
0.0
 11
-91.229851
 21
-123.252059
 31
0.0
  0
ARC
  5
3BB
330
1F
100
AcDbEntity
  8
0
  6
Continuous
 62
    18
420
  4980736
100
AcDbCircle
 10
-91.30136
 20
-123.318742
 30
0.0
 40
0.097776
100
AcDbArc
 50
252.9991009999999
 51
43.00016199999644
  0
LINE
  5
3BC
330
1F
100
AcDbEntity
  8
0
  6
Continuous
 62
    18
420
  4980736
100
AcDbLine
 10
-91.329948
 20
-123.412246
 30
0.0
 11
-91.440318
 21
-123.378506
 31
0.0
  0
ARC
  5
3BD
330
1F
100
AcDbEntity
  8
0
  6
Continuous
 62
    18
420
  4980736
100
AcDbCircle
 10
-91.507016
 20
-123.596686
 30
0.0
 40
0.228147
100
AcDbArc
 50
73.00154599999993
 51
163.0002210000016
  0
LINE
  5
3BE
330
1F
100
AcDbEntity
  8
0
  6
Continuous
 62
    18
420
  4980736
100
AcDbLine
 10
-91.725194
 20
-123.529983
 30
0.0
 11
-91.758938
 21
-123.640349
 31
0.0
  0
ARC
  5
3BF
330
1F
100
AcDbEntity
  8
0
  6
Continuous
 62
    18
420
  4980736
100
AcDbCircle
 10
-91.852443
 20
-123.611763
 30
0.0
 40
0.097777
100
AcDbArc
 50
192.999185000002
 51
343.0002459999965
  0
LINE
  5
3C0
330
1F
100
AcDbEntity
  8
0
  6
Continuous
 62
    18
420
  4980736
100
AcDbLine
 10
-91.947715
 20
-123.633756
 30
0.0
 11
-91.973674
 21
-123.521306
 31
0.0
  0
POLYLINE
  5
3C1
330
1F
100
AcDbEntity
  8
0
  6
Continuous
 62
    18
420
  4980736
100
AcDb2dPolyline
 66
     1
 10
0.0
 20
0.0
 30
0.0
  0
VERTEX
  5
3C2
330
3C1
100
AcDbEntity
  8
0
  6
Continuous
 62
    18
420
  4980736
100
AcDbVertex
100
AcDb2dVertex
 10
-93.566695
 20
-118.821333
 30
0.0
  0
VERTEX
  5
3C3
330
3C1
100
AcDbEntity
  8
0
  6
Continuous
 62
    18
420
  4980736
100
AcDbVertex
100
AcDb2dVertex
 10
-91.521786
 20
-118.821333
 30
0.0
  0
VERTEX
  5
3C4
330
3C1
100
AcDbEntity
  8
0
  6
Continuous
 62
    18
420
  4980736
100
AcDbVertex
100
AcDb2dVertex
 10
-91.096351
 20
-118.860446
 30
0.0
  0
VERTEX
  5
3C5
330
3C1
100
AcDbEntity
  8
0
  6
Continuous
 62
    18
420
  4980736
100
AcDbVertex
100
AcDb2dVertex
 10
-90.685179
 20
-118.976472
 30
0.0
  0
VERTEX
  5
3C6
330
3C1
100
AcDbEntity
  8
0
  6
Continuous
 62
    18
420
  4980736
100
AcDbVertex
100
AcDb2dVertex
 10
-90.302054
 20
-119.165522
 30
0.0
  0
VERTEX
  5
3C7
330
3C1
100
AcDbEntity
  8
0
  6
Continuous
 62
    18
420
  4980736
100
AcDbVertex
100
AcDb2dVertex
 10
-89.95982
 20
-119.421258
 30
0.0
  0
VERTEX
  5
3C8
330
3C1
100
AcDbEntity
  8
0
  6
Continuous
 62
    18
420
  4980736
100
AcDbVertex
100
AcDb2dVertex
 10
-89.669951
 20
-119.735106
 30
0.0
  0
VERTEX
  5
3C9
330
3C1
100
AcDbEntity
  8
0
  6
Continuous
 62
    18
420
  4980736
100
AcDbVertex
100
AcDb2dVertex
 10
-89.442165
 20
-120.096545
 30
0.0
  0
VERTEX
  5
3CA
330
3C1
100
AcDbEntity
  8
0
  6
Continuous
 62
    18
420
  4980736
100
AcDbVertex
100
AcDb2dVertex
 10
-89.284098
 20
-120.493458
 30
0.0
  0
VERTEX
  5
3CB
330
3C1
100
AcDbEntity
  8
0
  6
Continuous
 62
    18
420
  4980736
100
AcDbVertex
100
AcDb2dVertex
 10
-89.20105
 20
-120.912538
 30
0.0
  0
VERTEX
  5
3CC
330
3C1
100
AcDbEntity
  8
0
  6
Continuous
 62
    18
420
  4980736
100
AcDbVertex
100
AcDb2dVertex
 10
-89.120083
 20
-121.948865
 30
0.0
  0
VERTEX
  5
3CD
330
3C1
100
AcDbEntity
  8
0
  6
Continuous
 62
    18
420
  4980736
100
AcDbVertex
100
AcDb2dVertex
 10
-89.09307
 20
-122.987999
 30
0.0
  0
VERTEX
  5
3CE
330
3C1
100
AcDbEntity
  8
0
  6
Continuous
 62
    18
420
  4980736
100
AcDbVertex
100
AcDb2dVertex
 10
-89.120083
 20
-124.027134
 30
0.0
  0
VERTEX
  5
3CF
330
3C1
100
AcDbEntity
  8
0
  6
Continuous
 62
    18
420
  4980736
100
AcDbVertex
100
AcDb2dVertex
 10
-89.20105
 20
-125.063461
 30
0.0
  0
VERTEX
  5
3D0
330
3C1
100
AcDbEntity
  8
0
  6
Continuous
 62
    18
420
  4980736
100
AcDbVertex
100
AcDb2dVertex
 10
-89.284098
 20
-125.482542
 30
0.0
  0
VERTEX
  5
3D1
330
3C1
100
AcDbEntity
  8
0
  6
Continuous
 62
    18
420
  4980736
100
AcDbVertex
100
AcDb2dVertex
 10
-89.442165
 20
-125.879455
 30
0.0
  0
VERTEX
  5
3D2
330
3C1
100
AcDbEntity
  8
0
  6
Continuous
 62
    18
420
  4980736
100
AcDbVertex
100
AcDb2dVertex
 10
-89.669951
 20
-126.240894
 30
0.0
  0
VERTEX
  5
3D3
330
3C1
100
AcDbEntity
  8
0
  6
Continuous
 62
    18
420
  4980736
100
AcDbVertex
100
AcDb2dVertex
 10
-89.95982
 20
-126.554742
 30
0.0
  0
VERTEX
  5
3D4
330
3C1
100
AcDbEntity
  8
0
  6
Continuous
 62
    18
420
  4980736
100
AcDbVertex
100
AcDb2dVertex
 10
-90.302054
 20
-126.810478
 30
0.0
  0
VERTEX
  5
3D5
330
3C1
100
AcDbEntity
  8
0
  6
Continuous
 62
    18
420
  4980736
100
AcDbVertex
100
AcDb2dVertex
 10
-90.685179
 20
-126.999528
 30
0.0
  0
VERTEX
  5
3D6
330
3C1
100
AcDbEntity
  8
0
  6
Continuous
 62
    18
420
  4980736
100
AcDbVertex
100
AcDb2dVertex
 10
-91.096351
 20
-127.115554
 30
0.0
  0
VERTEX
  5
3D7
330
3C1
100
AcDbEntity
  8
0
  6
Continuous
 62
    18
420
  4980736
100
AcDbVertex
100
AcDb2dVertex
 10
-91.521788
 20
-127.154667
 30
0.0
  0
VERTEX
  5
3D8
330
3C1
100
AcDbEntity
  8
0
  6
Continuous
 62
    18
420
  4980736
100
AcDbVertex
100
AcDb2dVertex
 10
-93.566695
 20
-127.154667
 30
0.0
  0
SEQEND
  5
3D9
330
3C1
100
AcDbEntity
  8
0
  6
Continuous
 62
    18
420
  4980736
  0
POLYLINE
  5
3DA
330
1F
100
AcDbEntity
  8
0
  6
Continuous
 62
    18
420
  4980736
100
AcDb2dPolyline
 66
     1
 10
0.0
 20
0.0
 30
0.0
  0
VERTEX
  5
3DB
330
3DA
100
AcDbEntity
  8
0
  6
Continuous
 62
    18
420
  4980736
100
AcDbVertex
100
AcDb2dVertex
 10
-93.566695
 20
-127.154667
 30
0.0
  0
VERTEX
  5
3DC
330
3DA
100
AcDbEntity
  8
0
  6
Continuous
 62
    18
420
  4980736
100
AcDbVertex
100
AcDb2dVertex
 10
-93.566695
 20
-125.170738
 30
0.0
  0
SEQEND
  5
3DD
330
3DA
100
AcDbEntity
  8
0
  6
Continuous
 62
    18
420
  4980736
  0
POLYLINE
  5
3DE
330
1F
100
AcDbEntity
  8
0
  6
Continuous
 62
    18
420
  4980736
100
AcDb2dPolyline
 66
     1
 10
0.0
 20
0.0
 30
0.0
  0
VERTEX
  5
3DF
330
3DE
100
AcDbEntity
  8
0
  6
Continuous
 62
    18
420
  4980736
100
AcDbVertex
100
AcDb2dVertex
 10
-93.566695
 20
-120.805271
 30
0.0
  0
VERTEX
  5
3E0
330
3DE
100
AcDbEntity
  8
0
  6
Continuous
 62
    18
420
  4980736
100
AcDbVertex
100
AcDb2dVertex
 10
-93.566695
 20
-118.821333
 30
0.0
  0
SEQEND
  5
3E1
330
3DE
100
AcDbEntity
  8
0
  6
Continuous
 62
    18
420
  4980736
  0
POLYLINE
  5
3E2
330
1F
100
AcDbEntity
  8
0
  6
Continuous
 62
    18
420
  4980736
100
AcDb2dPolyline
 66
     1
 10
0.0
 20
0.0
 30
0.0
 70
     1
  0
VERTEX
  5
3E3
330
3E2
100
AcDbEntity
  8
0
  6
Continuous
 62
    18
420
  4980736
100
AcDbVertex
100
AcDb2dVertex
 10
-93.972836
 20
-125.130183
 30
0.0
  0
VERTEX
  5
3E4
330
3E2
100
AcDbEntity
  8
0
  6
Continuous
 62
    18
420
  4980736
100
AcDbVertex
100
AcDb2dVertex
 10
-92.842115
 20
-125.24309
 30
0.0
  0
VERTEX
  5
3E5
330
3E2
100
AcDbEntity
  8
0
  6
Continuous
 62
    18
420
  4980736
100
AcDbVertex
100
AcDb2dVertex
 10
-91.830671
 20
-125.276608
 30
0.0
  0
VERTEX
  5
3E6
330
3E2
100
AcDbEntity
  8
0
  6
Continuous
 62
    18
420
  4980736
100
AcDbVertex
100
AcDb2dVertex
 10
-90.819232
 20
-125.243091
 30
0.0
  0
VERTEX
  5
3E7
330
3E2
100
AcDbEntity
  8
0
  6
Continuous
 62
    18
420
  4980736
100
AcDbVertex
100
AcDb2dVertex
 10
-89.688498
 20
-125.130183
 30
0.0
  0
VERTEX
  5
3E8
330
3E2
100
AcDbEntity
  8
0
  6
Continuous
 62
    18
420
  4980736
100
AcDbVertex
100
AcDb2dVertex
 10
-89.575587
 20
-123.999448
 30
0.0
  0
VERTEX
  5
3E9
330
3E2
100
AcDbEntity
  8
0
  6
Continuous
 62
    18
420
  4980736
100
AcDbVertex
100
AcDb2dVertex
 10
-89.542068
 20
-122.988004
 30
0.0
  0
VERTEX
  5
3EA
330
3E2
100
AcDbEntity
  8
0
  6
Continuous
 62
    18
420
  4980736
100
AcDbVertex
100
AcDb2dVertex
 10
-89.575584
 20
-121.976565
 30
0.0
  0
VERTEX
  5
3EB
330
3E2
100
AcDbEntity
  8
0
  6
Continuous
 62
    18
420
  4980736
100
AcDbVertex
100
AcDb2dVertex
 10
-89.688492
 20
-120.845824
 30
0.0
  0
VERTEX
  5
3EC
330
3E2
100
AcDbEntity
  8
0
  6
Continuous
 62
    18
420
  4980736
100
AcDbVertex
100
AcDb2dVertex
 10
-90.819225
 20
-120.732916
 30
0.0
  0
VERTEX
  5
3ED
330
3E2
100
AcDbEntity
  8
0
  6
Continuous
 62
    18
420
  4980736
100
AcDbVertex
100
AcDb2dVertex
 10
-91.830665
 20
-120.699401
 30
0.0
  0
VERTEX
  5
3EE
330
3E2
100
AcDbEntity
  8
0
  6
Continuous
 62
    18
420
  4980736
100
AcDbVertex
100
AcDb2dVertex
 10
-92.842109
 20
-120.732921
 30
0.0
  0
VERTEX
  5
3EF
330
3E2
100
AcDbEntity
  8
0
  6
Continuous
 62
    18
420
  4980736
100
AcDbVertex
100
AcDb2dVertex
 10
-93.972842
 20
-120.845824
 30
0.0
  0
VERTEX
  5
3F0
330
3E2
100
AcDbEntity
  8
0
  6
Continuous
 62
    18
420
  4980736
100
AcDbVertex
100
AcDb2dVertex
 10
-94.085753
 20
-121.976559
 30
0.0
  0
VERTEX
  5
3F1
330
3E2
100
AcDbEntity
  8
0
  6
Continuous
 62
    18
420
  4980736
100
AcDbVertex
100
AcDb2dVertex
 10
-94.119271
 20
-122.987998
 30
0.0
  0
VERTEX
  5
3F2
330
3E2
100
AcDbEntity
  8
0
  6
Continuous
 62
    18
420
  4980736
100
AcDbVertex
100
AcDb2dVertex
 10
-94.085755
 20
-123.999442
 30
0.0
  0
SEQEND
  5
3F3
330
3E2
100
AcDbEntity
  8
0
  6
Continuous
 62
    18
420
  4980736
  0
POLYLINE
  5
3F4
330
1F
100
AcDbEntity
  8
0
  6
Continuous
 62
    18
420
  4980736
100
AcDb2dPolyline
 66
     1
 10
0.0
 20
0.0
 30
0.0
  0
VERTEX
  5
3F5
330
3F4
100
AcDbEntity
  8
0
  6
Continuous
 62
    18
420
  4980736
100
AcDbVertex
100
AcDb2dVertex
 10
-79.473625
 20
-133.064586
 30
0.0
  0
VERTEX
  5
3F6
330
3F4
100
AcDbEntity
  8
0
  6
Continuous
 62
    18
420
  4980736
100
AcDbVertex
100
AcDb2dVertex
 10
-76.297261
 20
-133.064599
 30
0.0
  0
VERTEX
  5
3F7
330
3F4
100
AcDbEntity
  8
0
  6
Continuous
 62
    18
420
  4980736
100
AcDbVertex
100
AcDb2dVertex
 10
-76.041971
 20
-132.780437
 30
0.0
  0
VERTEX
  5
3F8
330
3F4
100
AcDbEntity
  8
0
  6
Continuous
 62
    18
420
  4980736
100
AcDbVertex
100
AcDb2dVertex
 10
-75.837883
 20
-132.45753
 30
0.0
  0
VERTEX
  5
3F9
330
3F4
100
AcDbEntity
  8
0
  6
Continuous
 62
    18
420
  4980736
100
AcDbVertex
100
AcDb2dVertex
 10
-75.690763
 20
-132.105002
 30
0.0
  0
VERTEX
  5
3FA
330
3F4
100
AcDbEntity
  8
0
  6
Continuous
 62
    18
420
  4980736
100
AcDbVertex
100
AcDb2dVertex
 10
-75.604767
 20
-131.732812
 30
0.0
  0
VERTEX
  5
3FB
330
3F4
100
AcDbEntity
  8
0
  6
Continuous
 62
    18
420
  4980736
100
AcDbVertex
100
AcDb2dVertex
 10
-75.518285
 20
-131.010201
 30
0.0
  0
VERTEX
  5
3FC
330
3F4
100
AcDbEntity
  8
0
  6
Continuous
 62
    18
420
  4980736
100
AcDbVertex
100
AcDb2dVertex
 10
-75.466325
 20
-130.284286
 30
0.0
  0
VERTEX
  5
3FD
330
3F4
100
AcDbEntity
  8
0
  6
Continuous
 62
    18
420
  4980736
100
AcDbVertex
100
AcDb2dVertex
 10
-75.448991
 20
-129.556721
 30
0.0
  0
VERTEX
  5
3FE
330
3F4
100
AcDbEntity
  8
0
  6
Continuous
 62
    18
420
  4980736
100
AcDbVertex
100
AcDb2dVertex
 10
-75.466324
 20
-128.829155
 30
0.0
  0
VERTEX
  5
3FF
330
3F4
100
AcDbEntity
  8
0
  6
Continuous
 62
    18
420
  4980736
100
AcDbVertex
100
AcDb2dVertex
 10
-75.518294
 20
-128.103253
 30
0.0
  0
VERTEX
  5
400
330
3F4
100
AcDbEntity
  8
0
  6
Continuous
 62
    18
420
  4980736
100
AcDbVertex
100
AcDb2dVertex
 10
-75.604762
 20
-127.380627
 30
0.0
  0
VERTEX
  5
401
330
3F4
100
AcDbEntity
  8
0
  6
Continuous
 62
    18
420
  4980736
100
AcDbVertex
100
AcDb2dVertex
 10
-75.690759
 20
-127.008432
 30
0.0
  0
VERTEX
  5
402
330
3F4
100
AcDbEntity
  8
0
  6
Continuous
 62
    18
420
  4980736
100
AcDbVertex
100
AcDb2dVertex
 10
-75.83788
 20
-126.655904
 30
0.0
  0
VERTEX
  5
403
330
3F4
100
AcDbEntity
  8
0
  6
Continuous
 62
    18
420
  4980736
100
AcDbVertex
100
AcDb2dVertex
 10
-76.04197
 20
-126.332997
 30
0.0
  0
VERTEX
  5
404
330
3F4
100
AcDbEntity
  8
0
  6
Continuous
 62
    18
420
  4980736
100
AcDbVertex
100
AcDb2dVertex
 10
-76.297261
 20
-126.048836
 30
0.0
  0
VERTEX
  5
405
330
3F4
100
AcDbEntity
  8
0
  6
Continuous
 62
    18
420
  4980736
100
AcDbVertex
100
AcDb2dVertex
 10
-79.473625
 20
-126.048836
 30
0.0
  0
SEQEND
  5
406
330
3F4
100
AcDbEntity
  8
0
  6
Continuous
 62
    18
420
  4980736
  0
POLYLINE
  5
407
330
1F
100
AcDbEntity
  8
0
  6
Continuous
 62
    18
420
  4980736
100
AcDb2dPolyline
 66
     1
 10
0.0
 20
0.0
 30
0.0
  0
VERTEX
  5
408
330
407
100
AcDbEntity
  8
0
  6
Continuous
 62
    18
420
  4980736
100
AcDbVertex
100
AcDb2dVertex
 10
-79.473625
 20
-123.21151
 30
0.0
  0
VERTEX
  5
409
330
407
100
AcDbEntity
  8
0
  6
Continuous
 62
    18
420
  4980736
100
AcDbVertex
100
AcDb2dVertex
 10
-76.297261
 20
-123.211522
 30
0.0
  0
VERTEX
  5
40A
330
407
100
AcDbEntity
  8
0
  6
Continuous
 62
    18
420
  4980736
100
AcDbVertex
100
AcDb2dVertex
 10
-76.041971
 20
-122.92736
 30
0.0
  0
VERTEX
  5
40B
330
407
100
AcDbEntity
  8
0
  6
Continuous
 62
    18
420
  4980736
100
AcDbVertex
100
AcDb2dVertex
 10
-75.837883
 20
-122.604453
 30
0.0
  0
VERTEX
  5
40C
330
407
100
AcDbEntity
  8
0
  6
Continuous
 62
    18
420
  4980736
100
AcDbVertex
100
AcDb2dVertex
 10
-75.690763
 20
-122.251925
 30
0.0
  0
VERTEX
  5
40D
330
407
100
AcDbEntity
  8
0
  6
Continuous
 62
    18
420
  4980736
100
AcDbVertex
100
AcDb2dVertex
 10
-75.604767
 20
-121.879735
 30
0.0
  0
VERTEX
  5
40E
330
407
100
AcDbEntity
  8
0
  6
Continuous
 62
    18
420
  4980736
100
AcDbVertex
100
AcDb2dVertex
 10
-75.518285
 20
-121.157124
 30
0.0
  0
VERTEX
  5
40F
330
407
100
AcDbEntity
  8
0
  6
Continuous
 62
    18
420
  4980736
100
AcDbVertex
100
AcDb2dVertex
 10
-75.466325
 20
-120.431209
 30
0.0
  0
VERTEX
  5
410
330
407
100
AcDbEntity
  8
0
  6
Continuous
 62
    18
420
  4980736
100
AcDbVertex
100
AcDb2dVertex
 10
-75.448991
 20
-119.703644
 30
0.0
  0
VERTEX
  5
411
330
407
100
AcDbEntity
  8
0
  6
Continuous
 62
    18
420
  4980736
100
AcDbVertex
100
AcDb2dVertex
 10
-75.466324
 20
-118.976078
 30
0.0
  0
VERTEX
  5
412
330
407
100
AcDbEntity
  8
0
  6
Continuous
 62
    18
420
  4980736
100
AcDbVertex
100
AcDb2dVertex
 10
-75.518294
 20
-118.250177
 30
0.0
  0
VERTEX
  5
413
330
407
100
AcDbEntity
  8
0
  6
Continuous
 62
    18
420
  4980736
100
AcDbVertex
100
AcDb2dVertex
 10
-75.604762
 20
-117.52755
 30
0.0
  0
VERTEX
  5
414
330
407
100
AcDbEntity
  8
0
  6
Continuous
 62
    18
420
  4980736
100
AcDbVertex
100
AcDb2dVertex
 10
-75.690759
 20
-117.155356
 30
0.0
  0
VERTEX
  5
415
330
407
100
AcDbEntity
  8
0
  6
Continuous
 62
    18
420
  4980736
100
AcDbVertex
100
AcDb2dVertex
 10
-75.83788
 20
-116.802827
 30
0.0
  0
VERTEX
  5
416
330
407
100
AcDbEntity
  8
0
  6
Continuous
 62
    18
420
  4980736
100
AcDbVertex
100
AcDb2dVertex
 10
-76.04197
 20
-116.47992
 30
0.0
  0
VERTEX
  5
417
330
407
100
AcDbEntity
  8
0
  6
Continuous
 62
    18
420
  4980736
100
AcDbVertex
100
AcDb2dVertex
 10
-76.297261
 20
-116.195759
 30
0.0
  0
VERTEX
  5
418
330
407
100
AcDbEntity
  8
0
  6
Continuous
 62
    18
420
  4980736
100
AcDbVertex
100
AcDb2dVertex
 10
-79.473625
 20
-116.195759
 30
0.0
  0
SEQEND
  5
419
330
407
100
AcDbEntity
  8
0
  6
Continuous
 62
    18
420
  4980736
  0
POLYLINE
  5
41A
330
1F
100
AcDbEntity
  8
0
  6
Continuous
 62
    18
420
  4980736
100
AcDb2dPolyline
 66
     1
 10
0.0
 20
0.0
 30
0.0
  0
VERTEX
  5
41B
330
41A
100
AcDbEntity
  8
0
  6
Continuous
 62
    18
420
  4980736
100
AcDbVertex
100
AcDb2dVertex
 10
-86.520162
 20
-119.927151
 30
0.0
  0
VERTEX
  5
41C
330
41A
100
AcDbEntity
  8
0
  6
Continuous
 62
    18
420
  4980736
100
AcDbVertex
100
AcDb2dVertex
 10
-83.343798
 20
-119.927164
 30
0.0
  0
VERTEX
  5
41D
330
41A
100
AcDbEntity
  8
0
  6
Continuous
 62
    18
420
  4980736
100
AcDbVertex
100
AcDb2dVertex
 10
-83.088508
 20
-119.643002
 30
0.0
  0
VERTEX
  5
41E
330
41A
100
AcDbEntity
  8
0
  6
Continuous
 62
    18
420
  4980736
100
AcDbVertex
100
AcDb2dVertex
 10
-82.88442
 20
-119.320095
 30
0.0
  0
VERTEX
  5
41F
330
41A
100
AcDbEntity
  8
0
  6
Continuous
 62
    18
420
  4980736
100
AcDbVertex
100
AcDb2dVertex
 10
-82.7373
 20
-118.967566
 30
0.0
  0
VERTEX
  5
420
330
41A
100
AcDbEntity
  8
0
  6
Continuous
 62
    18
420
  4980736
100
AcDbVertex
100
AcDb2dVertex
 10
-82.651304
 20
-118.595377
 30
0.0
  0
VERTEX
  5
421
330
41A
100
AcDbEntity
  8
0
  6
Continuous
 62
    18
420
  4980736
100
AcDbVertex
100
AcDb2dVertex
 10
-82.564822
 20
-117.872765
 30
0.0
  0
VERTEX
  5
422
330
41A
100
AcDbEntity
  8
0
  6
Continuous
 62
    18
420
  4980736
100
AcDbVertex
100
AcDb2dVertex
 10
-82.512861
 20
-117.14685
 30
0.0
  0
VERTEX
  5
423
330
41A
100
AcDbEntity
  8
0
  6
Continuous
 62
    18
420
  4980736
100
AcDbVertex
100
AcDb2dVertex
 10
-82.495528
 20
-116.419286
 30
0.0
  0
VERTEX
  5
424
330
41A
100
AcDbEntity
  8
0
  6
Continuous
 62
    18
420
  4980736
100
AcDbVertex
100
AcDb2dVertex
 10
-82.512861
 20
-115.691719
 30
0.0
  0
VERTEX
  5
425
330
41A
100
AcDbEntity
  8
0
  6
Continuous
 62
    18
420
  4980736
100
AcDbVertex
100
AcDb2dVertex
 10
-82.564831
 20
-114.965818
 30
0.0
  0
VERTEX
  5
426
330
41A
100
AcDbEntity
  8
0
  6
Continuous
 62
    18
420
  4980736
100
AcDbVertex
100
AcDb2dVertex
 10
-82.651299
 20
-114.243192
 30
0.0
  0
VERTEX
  5
427
330
41A
100
AcDbEntity
  8
0
  6
Continuous
 62
    18
420
  4980736
100
AcDbVertex
100
AcDb2dVertex
 10
-82.737296
 20
-113.870997
 30
0.0
  0
VERTEX
  5
428
330
41A
100
AcDbEntity
  8
0
  6
Continuous
 62
    18
420
  4980736
100
AcDbVertex
100
AcDb2dVertex
 10
-82.884417
 20
-113.518468
 30
0.0
  0
VERTEX
  5
429
330
41A
100
AcDbEntity
  8
0
  6
Continuous
 62
    18
420
  4980736
100
AcDbVertex
100
AcDb2dVertex
 10
-83.088506
 20
-113.195562
 30
0.0
  0
VERTEX
  5
42A
330
41A
100
AcDbEntity
  8
0
  6
Continuous
 62
    18
420
  4980736
100
AcDbVertex
100
AcDb2dVertex
 10
-83.343798
 20
-112.911401
 30
0.0
  0
VERTEX
  5
42B
330
41A
100
AcDbEntity
  8
0
  6
Continuous
 62
    18
420
  4980736
100
AcDbVertex
100
AcDb2dVertex
 10
-86.520162
 20
-112.911401
 30
0.0
  0
SEQEND
  5
42C
330
41A
100
AcDbEntity
  8
0
  6
Continuous
 62
    18
420
  4980736
  0
POLYLINE
  5
42D
330
1F
100
AcDbEntity
  8
0
  6
Continuous
 62
    18
420
  4980736
100
AcDb2dPolyline
 66
     1
 10
0.0
 20
0.0
 30
0.0
  0
VERTEX
  5
42E
330
42D
100
AcDbEntity
  8
0
  6
Continuous
 62
    18
420
  4980736
100
AcDbVertex
100
AcDb2dVertex
 10
-93.566695
 20
-126.495869
 30
0.0
  0
VERTEX
  5
42F
330
42D
100
AcDbEntity
  8
0
  6
Continuous
 62
    18
420
  4980736
100
AcDbVertex
100
AcDb2dVertex
 10
-90.390331
 20
-126.495881
 30
0.0
  0
VERTEX
  5
430
330
42D
100
AcDbEntity
  8
0
  6
Continuous
 62
    18
420
  4980736
100
AcDbVertex
100
AcDb2dVertex
 10
-90.135041
 20
-126.211719
 30
0.0
  0
VERTEX
  5
431
330
42D
100
AcDbEntity
  8
0
  6
Continuous
 62
    18
420
  4980736
100
AcDbVertex
100
AcDb2dVertex
 10
-89.930953
 20
-125.888813
 30
0.0
  0
VERTEX
  5
432
330
42D
100
AcDbEntity
  8
0
  6
Continuous
 62
    18
420
  4980736
100
AcDbVertex
100
AcDb2dVertex
 10
-89.783832
 20
-125.536284
 30
0.0
  0
VERTEX
  5
433
330
42D
100
AcDbEntity
  8
0
  6
Continuous
 62
    18
420
  4980736
100
AcDbVertex
100
AcDb2dVertex
 10
-89.697837
 20
-125.164094
 30
0.0
  0
VERTEX
  5
434
330
42D
100
AcDbEntity
  8
0
  6
Continuous
 62
    18
420
  4980736
100
AcDbVertex
100
AcDb2dVertex
 10
-89.611354
 20
-124.441483
 30
0.0
  0
VERTEX
  5
435
330
42D
100
AcDbEntity
  8
0
  6
Continuous
 62
    18
420
  4980736
100
AcDbVertex
100
AcDb2dVertex
 10
-89.559394
 20
-123.715568
 30
0.0
  0
VERTEX
  5
436
330
42D
100
AcDbEntity
  8
0
  6
Continuous
 62
    18
420
  4980736
100
AcDbVertex
100
AcDb2dVertex
 10
-89.542061
 20
-122.988004
 30
0.0
  0
VERTEX
  5
437
330
42D
100
AcDbEntity
  8
0
  6
Continuous
 62
    18
420
  4980736
100
AcDbVertex
100
AcDb2dVertex
 10
-89.559393
 20
-122.260437
 30
0.0
  0
VERTEX
  5
438
330
42D
100
AcDbEntity
  8
0
  6
Continuous
 62
    18
420
  4980736
100
AcDbVertex
100
AcDb2dVertex
 10
-89.611364
 20
-121.534536
 30
0.0
  0
VERTEX
  5
439
330
42D
100
AcDbEntity
  8
0
  6
Continuous
 62
    18
420
  4980736
100
AcDbVertex
100
AcDb2dVertex
 10
-89.697832
 20
-120.81191
 30
0.0
  0
VERTEX
  5
43A
330
42D
100
AcDbEntity
  8
0
  6
Continuous
 62
    18
420
  4980736
100
AcDbVertex
100
AcDb2dVertex
 10
-89.783829
 20
-120.439715
 30
0.0
  0
VERTEX
  5
43B
330
42D
100
AcDbEntity
  8
0
  6
Continuous
 62
    18
420
  4980736
100
AcDbVertex
100
AcDb2dVertex
 10
-89.93095
 20
-120.087186
 30
0.0
  0
VERTEX
  5
43C
330
42D
100
AcDbEntity
  8
0
  6
Continuous
 62
    18
420
  4980736
100
AcDbVertex
100
AcDb2dVertex
 10
-90.135039
 20
-119.764279
 30
0.0
  0
VERTEX
  5
43D
330
42D
100
AcDbEntity
  8
0
  6
Continuous
 62
    18
420
  4980736
100
AcDbVertex
100
AcDb2dVertex
 10
-90.39033
 20
-119.480118
 30
0.0
  0
VERTEX
  5
43E
330
42D
100
AcDbEntity
  8
0
  6
Continuous
 62
    18
420
  4980736
100
AcDbVertex
100
AcDb2dVertex
 10
-93.566695
 20
-119.480118
 30
0.0
  0
SEQEND
  5
43F
330
42D
100
AcDbEntity
  8
0
  6
Continuous
 62
    18
420
  4980736
  0
POLYLINE
  5
440
330
1F
100
AcDbEntity
  8
0
  6
Continuous
 62
    18
420
  4980736
100
AcDb2dPolyline
 66
     1
 10
0.0
 20
0.0
 30
0.0
 70
     1
  0
VERTEX
  5
441
330
440
100
AcDbEntity
  8
0
  6
Continuous
 62
    18
420
  4980736
100
AcDbVertex
100
AcDb2dVertex
 10
-100.0
 20
-129.878
 30
0.0
  0
VERTEX
  5
442
330
440
100
AcDbEntity
  8
0
  6
Continuous
 62
    18
420
  4980736
100
AcDbVertex
100
AcDb2dVertex
 10
-100.0
 20
-117.122
 30
0.0
  0
VERTEX
  5
443
330
440
100
AcDbEntity
  8
0
  6
Continuous
 62
    18
420
  4980736
100
AcDbVertex
100
AcDb2dVertex
 10
-97.5
 20
-119.005885
 30
0.0
  0
VERTEX
  5
444
330
440
100
AcDbEntity
  8
0
  6
Continuous
 62
    18
420
  4980736
100
AcDbVertex
100
AcDb2dVertex
 10
-97.5
 20
-127.994115
 30
0.0
  0
SEQEND
  5
445
330
440
100
AcDbEntity
  8
0
  6
Continuous
 62
    18
420
  4980736
  0
POLYLINE
  5
446
330
1F
100
AcDbEntity
  8
0
  6
Continuous
 62
    18
420
  4980736
100
AcDb2dPolyline
 66
     1
 10
0.0
 20
0.0
 30
0.0
 70
     1
  0
VERTEX
  5
447
330
446
100
AcDbEntity
  8
0
  6
Continuous
 62
    18
420
  4980736
100
AcDbVertex
100
AcDb2dVertex
 10
-100.0
 20
-116.368
 30
0.0
  0
VERTEX
  5
448
330
446
100
AcDbEntity
  8
0
  6
Continuous
 62
    18
420
  4980736
100
AcDbVertex
100
AcDb2dVertex
 10
-100.0
 20
-103.612
 30
0.0
  0
VERTEX
  5
449
330
446
100
AcDbEntity
  8
0
  6
Continuous
 62
    18
420
  4980736
100
AcDbVertex
100
AcDb2dVertex
 10
-97.5
 20
-105.495885
 30
0.0
  0
VERTEX
  5
44A
330
446
100
AcDbEntity
  8
0
  6
Continuous
 62
    18
420
  4980736
100
AcDbVertex
100
AcDb2dVertex
 10
-97.5
 20
-114.484115
 30
0.0
  0
SEQEND
  5
44B
330
446
100
AcDbEntity
  8
0
  6
Continuous
 62
    18
420
  4980736
  0
POLYLINE
  5
44C
330
1F
100
AcDbEntity
  8
0
  6
Continuous
 62
    18
420
  4980736
100
AcDb2dPolyline
 66
     1
 10
0.0
 20
0.0
 30
0.0
 70
     1
  0
VERTEX
  5
44D
330
44C
100
AcDbEntity
  8
0
  6
Continuous
 62
    18
420
  4980736
100
AcDbVertex
100
AcDb2dVertex
 10
-100.0
 20
-136.633
 30
0.0
  0
VERTEX
  5
44E
330
44C
100
AcDbEntity
  8
0
  6
Continuous
 62
    18
420
  4980736
100
AcDbVertex
100
AcDb2dVertex
 10
-100.0
 20
-123.877
 30
0.0
  0
VERTEX
  5
44F
330
44C
100
AcDbEntity
  8
0
  6
Continuous
 62
    18
420
  4980736
100
AcDbVertex
100
AcDb2dVertex
 10
-97.5
 20
-125.760885
 30
0.0
  0
VERTEX
  5
450
330
44C
100
AcDbEntity
  8
0
  6
Continuous
 62
    18
420
  4980736
100
AcDbVertex
100
AcDb2dVertex
 10
-97.5
 20
-134.749115
 30
0.0
  0
SEQEND
  5
451
330
44C
100
AcDbEntity
  8
0
  6
Continuous
 62
    18
420
  4980736
  0
POLYLINE
  5
452
330
1F
100
AcDbEntity
  8
0
  6
Continuous
 62
    18
420
  4980736
100
AcDb2dPolyline
 66
     1
 10
0.0
 20
0.0
 30
0.0
 70
     1
  0
VERTEX
  5
453
330
452
100
AcDbEntity
  8
0
  6
Continuous
 62
    18
420
  4980736
100
AcDbVertex
100
AcDb2dVertex
 10
-100.0
 20
-123.123
 30
0.0
  0
VERTEX
  5
454
330
452
100
AcDbEntity
  8
0
  6
Continuous
 62
    18
420
  4980736
100
AcDbVertex
100
AcDb2dVertex
 10
-100.0
 20
-110.367
 30
0.0
  0
VERTEX
  5
455
330
452
100
AcDbEntity
  8
0
  6
Continuous
 62
    18
420
  4980736
100
AcDbVertex
100
AcDb2dVertex
 10
-97.5
 20
-112.250885
 30
0.0
  0
VERTEX
  5
456
330
452
100
AcDbEntity
  8
0
  6
Continuous
 62
    18
420
  4980736
100
AcDbVertex
100
AcDb2dVertex
 10
-97.5
 20
-121.239115
 30
0.0
  0
SEQEND
  5
457
330
452
100
AcDbEntity
  8
0
  6
Continuous
 62
    18
420
  4980736
  0
POLYLINE
  5
458
330
1F
100
AcDbEntity
  8
0
  6
Continuous
 62
    18
420
  4980736
100
AcDb2dPolyline
 66
     1
 10
0.0
 20
0.0
 30
0.0
 70
     1
  0
VERTEX
  5
459
330
458
100
AcDbEntity
  8
0
  6
Continuous
 62
    18
420
  4980736
100
AcDbVertex
100
AcDb2dVertex
 10
-100.0
 20
-143.388
 30
0.0
  0
VERTEX
  5
45A
330
458
100
AcDbEntity
  8
0
  6
Continuous
 62
    18
420
  4980736
100
AcDbVertex
100
AcDb2dVertex
 10
-100.0
 20
-130.632
 30
0.0
  0
VERTEX
  5
45B
330
458
100
AcDbEntity
  8
0
  6
Continuous
 62
    18
420
  4980736
100
AcDbVertex
100
AcDb2dVertex
 10
-97.5
 20
-132.515885
 30
0.0
  0
VERTEX
  5
45C
330
458
100
AcDbEntity
  8
0
  6
Continuous
 62
    18
420
  4980736
100
AcDbVertex
100
AcDb2dVertex
 10
-97.5
 20
-141.504115
 30
0.0
  0
SEQEND
  5
45D
330
458
100
AcDbEntity
  8
0
  6
Continuous
 62
    18
420
  4980736
  0
POLYLINE
  5
45E
330
1F
100
AcDbEntity
  8
0
  6
Continuous
 62
    18
420
  4980736
100
AcDb2dPolyline
 66
     1
 10
0.0
 20
0.0
 30
0.0
  0
VERTEX
  5
45F
330
45E
100
AcDbEntity
  8
0
  6
Continuous
 62
    18
420
  4980736
100
AcDbVertex
100
AcDb2dVertex
 10
-88.632092
 20
-105.656353
 30
0.0
  0
VERTEX
  5
460
330
45E
100
AcDbEntity
  8
0
  6
Continuous
 62
    18
420
  4980736
100
AcDbVertex
100
AcDb2dVertex
 10
-90.299955
 20
-102.997418
 30
0.0
  0
VERTEX
  5
461
330
45E
100
AcDbEntity
  8
0
  6
Continuous
 62
    18
420
  4980736
100
AcDbVertex
100
AcDb2dVertex
 10
-90.0
 20
-103.0
 30
0.0
  0
VERTEX
  5
462
330
45E
100
AcDbEntity
  8
0
  6
Continuous
 62
    18
420
  4980736
100
AcDbVertex
100
AcDb2dVertex
 10
-78.900358
 20
-103.096903
 30
0.0
  0
SEQEND
  5
463
330
45E
100
AcDbEntity
  8
0
  6
Continuous
 62
    18
420
  4980736
  0
POLYLINE
  5
464
330
1F
100
AcDbEntity
  8
0
  6
Continuous
 62
    18
420
  4980736
100
AcDb2dPolyline
 66
     1
 10
0.0
 20
0.0
 30
0.0
  0
VERTEX
  5
465
330
464
100
AcDbEntity
  8
0
  6
Continuous
 62
    18
420
  4980736
100
AcDbVertex
100
AcDb2dVertex
 10
-88.632092
 20
-141.343647
 30
0.0
  0
VERTEX
  5
466
330
464
100
AcDbEntity
  8
0
  6
Continuous
 62
    18
420
  4980736
100
AcDbVertex
100
AcDb2dVertex
 10
-90.299955
 20
-144.002582
 30
0.0
  0
VERTEX
  5
467
330
464
100
AcDbEntity
  8
0
  6
Continuous
 62
    18
420
  4980736
100
AcDbVertex
100
AcDb2dVertex
 10
-90.0
 20
-144.0
 30
0.0
  0
VERTEX
  5
468
330
464
100
AcDbEntity
  8
0
  6
Continuous
 62
    18
420
  4980736
100
AcDbVertex
100
AcDb2dVertex
 10
-78.900358
 20
-143.903097
 30
0.0
  0
SEQEND
  5
469
330
464
100
AcDbEntity
  8
0
  6
Continuous
 62
    18
420
  4980736
  0
POLYLINE
  5
46A
330
1F
100
AcDbEntity
  8
0
  6
Continuous
 62
    18
420
  4980736
100
AcDb2dPolyline
 66
     1
 10
0.0
 20
0.0
 30
0.0
  0
VERTEX
  5
46B
330
46A
100
AcDbEntity
  8
0
  6
Continuous
 62
    18
420
  4980736
100
AcDbVertex
100
AcDb2dVertex
 10
-98.632092
 20
-105.656353
 30
0.0
  0
VERTEX
  5
46C
330
46A
100
AcDbEntity
  8
0
  6
Continuous
 62
    18
420
  4980736
100
AcDbVertex
100
AcDb2dVertex
 10
-100.299955
 20
-102.997418
 30
0.0
  0
VERTEX
  5
46D
330
46A
100
AcDbEntity
  8
0
  6
Continuous
 62
    18
420
  4980736
100
AcDbVertex
100
AcDb2dVertex
 10
-100.0
 20
-103.0
 30
0.0
  0
VERTEX
  5
46E
330
46A
100
AcDbEntity
  8
0
  6
Continuous
 62
    18
420
  4980736
100
AcDbVertex
100
AcDb2dVertex
 10
-88.900358
 20
-103.096903
 30
0.0
  0
SEQEND
  5
46F
330
46A
100
AcDbEntity
  8
0
  6
Continuous
 62
    18
420
  4980736
  0
POLYLINE
  5
470
330
1F
100
AcDbEntity
  8
0
  6
Continuous
 62
    18
420
  4980736
100
AcDb2dPolyline
 66
     1
 10
0.0
 20
0.0
 30
0.0
  0
VERTEX
  5
471
330
470
100
AcDbEntity
  8
0
  6
Continuous
 62
    18
420
  4980736
100
AcDbVertex
100
AcDb2dVertex
 10
-98.632092
 20
-141.343647
 30
0.0
  0
VERTEX
  5
472
330
470
100
AcDbEntity
  8
0
  6
Continuous
 62
    18
420
  4980736
100
AcDbVertex
100
AcDb2dVertex
 10
-100.299955
 20
-144.002582
 30
0.0
  0
VERTEX
  5
473
330
470
100
AcDbEntity
  8
0
  6
Continuous
 62
    18
420
  4980736
100
AcDbVertex
100
AcDb2dVertex
 10
-100.0
 20
-144.0
 30
0.0
  0
VERTEX
  5
474
330
470
100
AcDbEntity
  8
0
  6
Continuous
 62
    18
420
  4980736
100
AcDbVertex
100
AcDb2dVertex
 10
-88.900358
 20
-143.903097
 30
0.0
  0
SEQEND
  5
475
330
470
100
AcDbEntity
  8
0
  6
Continuous
 62
    18
420
  4980736
  0
POLYLINE
  5
476
330
1F
100
AcDbEntity
  8
0
  6
Continuous
 62
    18
420
  4980736
100
AcDb2dPolyline
 66
     1
 10
0.0
 20
0.0
 30
0.0
  0
VERTEX
  5
477
330
476
100
AcDbEntity
  8
0
  6
Continuous
 62
    18
420
  4980736
100
AcDbVertex
100
AcDb2dVertex
 10
-86.520162
 20
-130.439026
 30
0.0
  0
VERTEX
  5
478
330
476
100
AcDbEntity
  8
0
  6
Continuous
 62
    18
420
  4980736
100
AcDbVertex
100
AcDb2dVertex
 10
-86.520162
 20
-128.455097
 30
0.0
  0
SEQEND
  5
479
330
476
100
AcDbEntity
  8
0
  6
Continuous
 62
    18
420
  4980736
  0
POLYLINE
  5
47A
330
1F
100
AcDbEntity
  8
0
  6
Continuous
 62
    18
420
  4980736
100
AcDb2dPolyline
 66
     1
 10
0.0
 20
0.0
 30
0.0
  0
VERTEX
  5
47B
330
47A
100
AcDbEntity
  8
0
  6
Continuous
 62
    18
420
  4980736
100
AcDbVertex
100
AcDb2dVertex
 10
-86.520162
 20
-122.105692
 30
0.0
  0
VERTEX
  5
47C
330
47A
100
AcDbEntity
  8
0
  6
Continuous
 62
    18
420
  4980736
100
AcDbVertex
100
AcDb2dVertex
 10
-84.475253
 20
-122.105692
 30
0.0
  0
VERTEX
  5
47D
330
47A
100
AcDbEntity
  8
0
  6
Continuous
 62
    18
420
  4980736
100
AcDbVertex
100
AcDb2dVertex
 10
-84.049818
 20
-122.144805
 30
0.0
  0
VERTEX
  5
47E
330
47A
100
AcDbEntity
  8
0
  6
Continuous
 62
    18
420
  4980736
100
AcDbVertex
100
AcDb2dVertex
 10
-83.638646
 20
-122.260831
 30
0.0
  0
VERTEX
  5
47F
330
47A
100
AcDbEntity
  8
0
  6
Continuous
 62
    18
420
  4980736
100
AcDbVertex
100
AcDb2dVertex
 10
-83.255521
 20
-122.449881
 30
0.0
  0
VERTEX
  5
480
330
47A
100
AcDbEntity
  8
0
  6
Continuous
 62
    18
420
  4980736
100
AcDbVertex
100
AcDb2dVertex
 10
-82.913287
 20
-122.705617
 30
0.0
  0
VERTEX
  5
481
330
47A
100
AcDbEntity
  8
0
  6
Continuous
 62
    18
420
  4980736
100
AcDbVertex
100
AcDb2dVertex
 10
-82.623419
 20
-123.019465
 30
0.0
  0
VERTEX
  5
482
330
47A
100
AcDbEntity
  8
0
  6
Continuous
 62
    18
420
  4980736
100
AcDbVertex
100
AcDb2dVertex
 10
-82.395632
 20
-123.380905
 30
0.0
  0
VERTEX
  5
483
330
47A
100
AcDbEntity
  8
0
  6
Continuous
 62
    18
420
  4980736
100
AcDbVertex
100
AcDb2dVertex
 10
-82.237566
 20
-123.777817
 30
0.0
  0
VERTEX
  5
484
330
47A
100
AcDbEntity
  8
0
  6
Continuous
 62
    18
420
  4980736
100
AcDbVertex
100
AcDb2dVertex
 10
-82.154517
 20
-124.196897
 30
0.0
  0
VERTEX
  5
485
330
47A
100
AcDbEntity
  8
0
  6
Continuous
 62
    18
420
  4980736
100
AcDbVertex
100
AcDb2dVertex
 10
-82.07355
 20
-125.233224
 30
0.0
  0
VERTEX
  5
486
330
47A
100
AcDbEntity
  8
0
  6
Continuous
 62
    18
420
  4980736
100
AcDbVertex
100
AcDb2dVertex
 10
-82.046537
 20
-126.272359
 30
0.0
  0
VERTEX
  5
487
330
47A
100
AcDbEntity
  8
0
  6
Continuous
 62
    18
420
  4980736
100
AcDbVertex
100
AcDb2dVertex
 10
-82.07355
 20
-127.311493
 30
0.0
  0
VERTEX
  5
488
330
47A
100
AcDbEntity
  8
0
  6
Continuous
 62
    18
420
  4980736
100
AcDbVertex
100
AcDb2dVertex
 10
-82.154517
 20
-128.347821
 30
0.0
  0
VERTEX
  5
489
330
47A
100
AcDbEntity
  8
0
  6
Continuous
 62
    18
420
  4980736
100
AcDbVertex
100
AcDb2dVertex
 10
-82.237566
 20
-128.766901
 30
0.0
  0
VERTEX
  5
48A
330
47A
100
AcDbEntity
  8
0
  6
Continuous
 62
    18
420
  4980736
100
AcDbVertex
100
AcDb2dVertex
 10
-82.395632
 20
-129.163814
 30
0.0
  0
VERTEX
  5
48B
330
47A
100
AcDbEntity
  8
0
  6
Continuous
 62
    18
420
  4980736
100
AcDbVertex
100
AcDb2dVertex
 10
-82.623419
 20
-129.525253
 30
0.0
  0
VERTEX
  5
48C
330
47A
100
AcDbEntity
  8
0
  6
Continuous
 62
    18
420
  4980736
100
AcDbVertex
100
AcDb2dVertex
 10
-82.913287
 20
-129.839101
 30
0.0
  0
VERTEX
  5
48D
330
47A
100
AcDbEntity
  8
0
  6
Continuous
 62
    18
420
  4980736
100
AcDbVertex
100
AcDb2dVertex
 10
-83.255521
 20
-130.094837
 30
0.0
  0
VERTEX
  5
48E
330
47A
100
AcDbEntity
  8
0
  6
Continuous
 62
    18
420
  4980736
100
AcDbVertex
100
AcDb2dVertex
 10
-83.638646
 20
-130.283887
 30
0.0
  0
VERTEX
  5
48F
330
47A
100
AcDbEntity
  8
0
  6
Continuous
 62
    18
420
  4980736
100
AcDbVertex
100
AcDb2dVertex
 10
-84.049818
 20
-130.399913
 30
0.0
  0
VERTEX
  5
490
330
47A
100
AcDbEntity
  8
0
  6
Continuous
 62
    18
420
  4980736
100
AcDbVertex
100
AcDb2dVertex
 10
-84.475255
 20
-130.439026
 30
0.0
  0
VERTEX
  5
491
330
47A
100
AcDbEntity
  8
0
  6
Continuous
 62
    18
420
  4980736
100
AcDbVertex
100
AcDb2dVertex
 10
-86.520162
 20
-130.439026
 30
0.0
  0
SEQEND
  5
492
330
47A
100
AcDbEntity
  8
0
  6
Continuous
 62
    18
420
  4980736
  0
POLYLINE
  5
493
330
1F
100
AcDbEntity
  8
0
  6
Continuous
 62
    18
420
  4980736
100
AcDb2dPolyline
 66
     1
 10
0.0
 20
0.0
 30
0.0
  0
VERTEX
  5
494
330
493
100
AcDbEntity
  8
0
  6
Continuous
 62
    18
420
  4980736
100
AcDbVertex
100
AcDb2dVertex
 10
-86.520162
 20
-129.780228
 30
0.0
  0
VERTEX
  5
495
330
493
100
AcDbEntity
  8
0
  6
Continuous
 62
    18
420
  4980736
100
AcDbVertex
100
AcDb2dVertex
 10
-83.343798
 20
-129.780241
 30
0.0
  0
VERTEX
  5
496
330
493
100
AcDbEntity
  8
0
  6
Continuous
 62
    18
420
  4980736
100
AcDbVertex
100
AcDb2dVertex
 10
-83.088508
 20
-129.496079
 30
0.0
  0
VERTEX
  5
497
330
493
100
AcDbEntity
  8
0
  6
Continuous
 62
    18
420
  4980736
100
AcDbVertex
100
AcDb2dVertex
 10
-82.88442
 20
-129.173172
 30
0.0
  0
VERTEX
  5
498
330
493
100
AcDbEntity
  8
0
  6
Continuous
 62
    18
420
  4980736
100
AcDbVertex
100
AcDb2dVertex
 10
-82.7373
 20
-128.820643
 30
0.0
  0
VERTEX
  5
499
330
493
100
AcDbEntity
  8
0
  6
Continuous
 62
    18
420
  4980736
100
AcDbVertex
100
AcDb2dVertex
 10
-82.651304
 20
-128.448453
 30
0.0
  0
VERTEX
  5
49A
330
493
100
AcDbEntity
  8
0
  6
Continuous
 62
    18
420
  4980736
100
AcDbVertex
100
AcDb2dVertex
 10
-82.564822
 20
-127.725842
 30
0.0
  0
VERTEX
  5
49B
330
493
100
AcDbEntity
  8
0
  6
Continuous
 62
    18
420
  4980736
100
AcDbVertex
100
AcDb2dVertex
 10
-82.512861
 20
-126.999927
 30
0.0
  0
VERTEX
  5
49C
330
493
100
AcDbEntity
  8
0
  6
Continuous
 62
    18
420
  4980736
100
AcDbVertex
100
AcDb2dVertex
 10
-82.495528
 20
-126.272363
 30
0.0
  0
VERTEX
  5
49D
330
493
100
AcDbEntity
  8
0
  6
Continuous
 62
    18
420
  4980736
100
AcDbVertex
100
AcDb2dVertex
 10
-82.512861
 20
-125.544796
 30
0.0
  0
VERTEX
  5
49E
330
493
100
AcDbEntity
  8
0
  6
Continuous
 62
    18
420
  4980736
100
AcDbVertex
100
AcDb2dVertex
 10
-82.564831
 20
-124.818895
 30
0.0
  0
VERTEX
  5
49F
330
493
100
AcDbEntity
  8
0
  6
Continuous
 62
    18
420
  4980736
100
AcDbVertex
100
AcDb2dVertex
 10
-82.651299
 20
-124.096269
 30
0.0
  0
VERTEX
  5
4A0
330
493
100
AcDbEntity
  8
0
  6
Continuous
 62
    18
420
  4980736
100
AcDbVertex
100
AcDb2dVertex
 10
-82.737296
 20
-123.724074
 30
0.0
  0
VERTEX
  5
4A1
330
493
100
AcDbEntity
  8
0
  6
Continuous
 62
    18
420
  4980736
100
AcDbVertex
100
AcDb2dVertex
 10
-82.884417
 20
-123.371545
 30
0.0
  0
VERTEX
  5
4A2
330
493
100
AcDbEntity
  8
0
  6
Continuous
 62
    18
420
  4980736
100
AcDbVertex
100
AcDb2dVertex
 10
-83.088506
 20
-123.048638
 30
0.0
  0
VERTEX
  5
4A3
330
493
100
AcDbEntity
  8
0
  6
Continuous
 62
    18
420
  4980736
100
AcDbVertex
100
AcDb2dVertex
 10
-83.343798
 20
-122.764478
 30
0.0
  0
VERTEX
  5
4A4
330
493
100
AcDbEntity
  8
0
  6
Continuous
 62
    18
420
  4980736
100
AcDbVertex
100
AcDb2dVertex
 10
-86.520162
 20
-122.764478
 30
0.0
  0
SEQEND
  5
4A5
330
493
100
AcDbEntity
  8
0
  6
Continuous
 62
    18
420
  4980736
  0
ENDSEC
  0
SECTION
  2
OBJECTS
  0
DICTIONARY
  5
C
330
0
100
AcDbDictionary
281
     1
  3
ACAD_DETAILVIEWSTYLE
350
4E1
  3
ACAD_GROUP
350
D
  3
ACAD_LAYOUT
350
1A
  3
ACAD_MATERIAL
350
43
  3
ACAD_MLEADERSTYLE
350
5B
  3
ACAD_MLINESTYLE
350
17
  3
ACAD_PLOTSETTINGS
350
19
  3
ACAD_PLOTSTYLENAME
350
E
  3
ACAD_SCALELIST
350
47
  3
ACAD_SECTIONVIEWSTYLE
350
4E2
  3
ACAD_TABLESTYLE
350
59
  3
ACAD_VISUALSTYLE
350
2A
  3
ACDB_RECOMPOSE_DATA
350
4DE
  3
AcDbVariableDictionary
350
4A6
  0
SUN
  5
5D
330
29
100
AcDbSun
 90
        1
290
     0
 63
     7
421
 16777215
 40
1.0
291
     1
 91
  2455826
 92
 54000000
292
     0
 70
     2
 71
   256
280
     1
  0
DICTIONARY
  5
4E1
102
{ACAD_REACTORS
330
C
102
}
330
C
100
AcDbDictionary
281
     1
  0
DICTIONARY
  5
D
102
{ACAD_REACTORS
330
C
102
}
330
C
100
AcDbDictionary
281
     1
  0
DICTIONARY
  5
1A
102
{ACAD_REACTORS
330
C
102
}
330
C
100
AcDbDictionary
281
     1
  3
Layout1
350
1E
  3
Layout2
350
26
  3
Model
350
22
  0
DICTIONARY
  5
43
102
{ACAD_REACTORS
330
C
102
}
330
C
100
AcDbDictionary
281
     1
  3
ByBlock
350
45
  3
ByLayer
350
44
  3
Global
350
46
  0
DICTIONARY
  5
5B
102
{ACAD_REACTORS
330
C
102
}
330
C
100
AcDbDictionary
281
     1
  3
Standard
350
5C
  0
DICTIONARY
  5
17
102
{ACAD_REACTORS
330
C
102
}
330
C
100
AcDbDictionary
281
     1
  3
Standard
350
18
  0
DICTIONARY
  5
19
102
{ACAD_REACTORS
330
C
102
}
330
C
100
AcDbDictionary
281
     1
  0
ACDBDICTIONARYWDFLT
  5
E
102
{ACAD_REACTORS
330
C
102
}
330
C
100
AcDbDictionary
281
     1
  3
Normal
350
F
100
AcDbDictionaryWithDefault
340
F
  0
DICTIONARY
  5
47
102
{ACAD_REACTORS
330
C
102
}
330
C
100
AcDbDictionary
281
     1
  3
A0
350
48
  3
A1
350
49
  3
A2
350
4A
  3
A3
350
4B
  3
A4
350
4C
  3
A5
350
4D
  3
A6
350
4E
  3
A7
350
4F
  3
A8
350
50
  3
A9
350
51
  3
B1
350
52
  3
B2
350
53
  3
B3
350
54
  3
B4
350
55
  3
B5
350
56
  3
B6
350
57
  3
B7
350
58
  0
DICTIONARY
  5
4E2
102
{ACAD_REACTORS
330
C
102
}
330
C
100
AcDbDictionary
281
     1
  0
DICTIONARY
  5
59
102
{ACAD_REACTORS
330
C
102
}
330
C
100
AcDbDictionary
281
     1
  3
Standard
350
5A
  0
DICTIONARY
  5
2A
102
{ACAD_REACTORS
330
C
102
}
330
C
100
AcDbDictionary
281
     1
  3
2dWireframe
350
2F
  3
Basic
350
32
  3
Brighten
350
36
  3
ColorChange
350
3A
  3
Conceptual
350
34
  3
Dim
350
35
  3
EdgeColorOff
350
3D
  3
Facepattern
350
39
  3
Flat
350
2B
  3
FlatWithEdges
350
2C
  3
Gouraud
350
2D
  3
GouraudWithEdges
350
2E
  3
Hidden
350
31
  3
JitterOff
350
3B
  3
Linepattern
350
38
  3
OverhangOff
350
3C
  3
Realistic
350
33
  3
Shaded
350
42
  3
Shaded with edges
350
41
  3
Shades of Gray
350
3E
  3
Sketchy
350
3F
  3
Thicken
350
37
  3
Wireframe
350
30
  3
X-Ray
350
40
  0
XRECORD
  5
4DE
102
{ACAD_REACTORS
330
C
102
}
330
C
100
AcDbXrecord
280
     1
 90
        1
330
5A
  0
DICTIONARY
  5
4A6
102
{ACAD_REACTORS
330
C
102
}
330
C
100
AcDbDictionary
281
     1
  3
CANNOSCALE
350
4A7
  3
CMLEADERSTYLE
350
4E0
  3
CTABLESTYLE
350
4DF
  3
XCLIPFRAME
350
4A8
  0
LAYOUT
  5
1E
102
{ACAD_REACTORS
330
1A
102
}
330
1A
100
AcDbPlotSettings
  1

  2
none_device
  4

  6

 40
0.0
 41
0.0
 42
0.0
 43
0.0
 44
0.0
 45
0.0
 46
0.0
 47
0.0
 48
0.0
 49
0.0
140
0.0
141
0.0
142
1.0
143
1.0
 70
   688
 72
     0
 73
     0
 74
     5
  7

 75
    16
 76
     0
 77
     2
 78
   300
147
1.0
148
0.0
149
0.0
100
AcDbLayout
  1
Layout1
 70
     1
 71
     1
 10
0.0
 20
0.0
 11
12.0
 21
9.0
 12
0.0
 22
0.0
 32
0.0
 14
1.000000000000000E+20
 24
1.000000000000000E+20
 34
1.000000000000000E+20
 15
-1.000000000000000E+20
 25
-1.000000000000000E+20
 35
-1.000000000000000E+20
146
0.0
 13
0.0
 23
0.0
 33
0.0
 16
1.0
 26
0.0
 36
0.0
 17
0.0
 27
1.0
 37
0.0
 76
     0
330
1B
  0
LAYOUT
  5
26
102
{ACAD_REACTORS
330
1A
102
}
330
1A
100
AcDbPlotSettings
  1

  2
none_device
  4

  6

 40
0.0
 41
0.0
 42
0.0
 43
0.0
 44
0.0
 45
0.0
 46
0.0
 47
0.0
 48
0.0
 49
0.0
140
0.0
141
0.0
142
1.0
143
1.0
 70
   688
 72
     0
 73
     0
 74
     5
  7

 75
    16
 76
     0
 77
     2
 78
   300
147
1.0
148
0.0
149
0.0
100
AcDbLayout
  1
Layout2
 70
     1
 71
     2
 10
0.0
 20
0.0
 11
0.0
 21
0.0
 12
0.0
 22
0.0
 32
0.0
 14
0.0
 24
0.0
 34
0.0
 15
0.0
 25
0.0
 35
0.0
146
0.0
 13
0.0
 23
0.0
 33
0.0
 16
1.0
 26
0.0
 36
0.0
 17
0.0
 27
1.0
 37
0.0
 76
     0
330
23
  0
LAYOUT
  5
22
102
{ACAD_REACTORS
330
1A
102
}
330
1A
100
AcDbPlotSettings
  1

  2
none_device
  4
Letter_(8.50_x_11.00_Inches)
  6

 40
6.35
 41
6.35
 42
6.35000508
 43
6.35000508
 44
215.9
 45
279.4
 46
0.0
 47
0.0
 48
0.0
 49
0.0
140
0.0
141
0.0
142
1.0
143
1.0
 70
  1712
 72
     0
 73
     0
 74
     0
  7

 75
     0
 76
     0
 77
     2
 78
   300
147
1.0
148
0.0
149
0.0
100
AcDbLayout
  1
Model
 70
     1
 71
     0
 10
0.0
 20
0.0
 11
12.0
 21
9.0
 12
0.0
 22
0.0
 32
0.0
 14
-100.299955
 24
-144.002582
 34
0.0
 15
100.299955
 25
-102.997418
 35
0.0
146
0.0
 13
0.0
 23
0.0
 33
0.0
 16
1.0
 26
0.0
 36
0.0
 17
0.0
 27
1.0
 37
0.0
 76
     0
330
1F
331
29
  0
MATERIAL
  5
45
102
{ACAD_REACTORS
330
43
102
}
330
43
100
AcDbMaterial
  1
ByBlock
 72
     1
 94
      127
  0
MATERIAL
  5
44
102
{ACAD_REACTORS
330
43
102
}
330
43
100
AcDbMaterial
  1
ByLayer
 72
     1
 94
      127
  0
MATERIAL
  5
46
102
{ACAD_REACTORS
330
43
102
}
330
43
100
AcDbMaterial
  1
Global
 72
     1
 94
      127
  0
MLEADERSTYLE
  5
5C
102
{ACAD_REACTORS
330
5B
102
}
102
{ACAD_XDICTIONARY
360
4DC
102
}
330
5B
100
AcDbMLeaderStyle
170
     2
171
     1
172
     0
 90
        2
 40
0.0
 41
0.0
173
     1
 91
-1056964608
340
14
 92
       -2
290
     1
 42
0.09
291
     1
 43
0.36
  3
Standard
341
0
 44
0.18
300

342
11
174
     1
178
     6
175
     1
176
     0
 93
-1056964608
 45
0.18
292
     0
297
     0
 46
0.18
343
0
 94
-1056964608
 47
1.0
 49
1.0
140
1.0
293
     1
141
0.0
294
     1
177
     0
142
1.0
295
     0
296
     0
143
0.125
1001
ACAD_MLEADERVER
1070
     2
  0
MLINESTYLE
  5
18
102
{ACAD_REACTORS
330
17
102
}
330
17
100
AcDbMlineStyle
  2
Standard
 70
     0
  3

 62
   256
 51
90.0
 52
90.0
 71
     2
 49
0.5
 62
   256
  6
BYLAYER
 49
-0.5
 62
   256
  6
BYLAYER
  0
ACDBPLACEHOLDER
  5
F
102
{ACAD_REACTORS
330
E
102
}
330
E
  0
SCALE
  5
48
102
{ACAD_REACTORS
330
47
102
}
330
47
100
AcDbScale
 70
     0
300
1:1
140
1.0
141
1.0
290
     1
  0
SCALE
  5
49
102
{ACAD_REACTORS
330
47
102
}
330
47
100
AcDbScale
 70
     0
300
1/128" = 1'-0"
140
0.0078125
141
12.0
290
     0
  0
SCALE
  5
4A
102
{ACAD_REACTORS
330
47
102
}
330
47
100
AcDbScale
 70
     0
300
1/64" = 1'-0"
140
0.015625
141
12.0
290
     0
  0
SCALE
  5
4B
102
{ACAD_REACTORS
330
47
102
}
330
47
100
AcDbScale
 70
     0
300
1/32" = 1'-0"
140
0.03125
141
12.0
290
     0
  0
SCALE
  5
4C
102
{ACAD_REACTORS
330
47
102
}
330
47
100
AcDbScale
 70
     0
300
1/16" = 1'-0"
140
0.0625
141
12.0
290
     0
  0
SCALE
  5
4D
102
{ACAD_REACTORS
330
47
102
}
330
47
100
AcDbScale
 70
     0
300
3/32" = 1'-0"
140
0.09375
141
12.0
290
     0
  0
SCALE
  5
4E
102
{ACAD_REACTORS
330
47
102
}
330
47
100
AcDbScale
 70
     0
300
1/8" = 1'-0"
140
0.125
141
12.0
290
     0
  0
SCALE
  5
4F
102
{ACAD_REACTORS
330
47
102
}
330
47
100
AcDbScale
 70
     0
300
3/16" = 1'-0"
140
0.1875
141
12.0
290
     0
  0
SCALE
  5
50
102
{ACAD_REACTORS
330
47
102
}
330
47
100
AcDbScale
 70
     0
300
1/4" = 1'-0"
140
0.25
141
12.0
290
     0
  0
SCALE
  5
51
102
{ACAD_REACTORS
330
47
102
}
330
47
100
AcDbScale
 70
     0
300
3/8" = 1'-0"
140
0.375
141
12.0
290
     0
  0
SCALE
  5
52
102
{ACAD_REACTORS
330
47
102
}
330
47
100
AcDbScale
 70
     0
300
1/2" = 1'-0"
140
0.5
141
12.0
290
     0
  0
SCALE
  5
53
102
{ACAD_REACTORS
330
47
102
}
330
47
100
AcDbScale
 70
     0
300
3/4" = 1'-0"
140
0.75
141
12.0
290
     0
  0
SCALE
  5
54
102
{ACAD_REACTORS
330
47
102
}
330
47
100
AcDbScale
 70
     0
300
1" = 1'-0"
140
1.0
141
12.0
290
     0
  0
SCALE
  5
55
102
{ACAD_REACTORS
330
47
102
}
330
47
100
AcDbScale
 70
     0
300
1-1/2" = 1'-0"
140
1.5
141
12.0
290
     0
  0
SCALE
  5
56
102
{ACAD_REACTORS
330
47
102
}
330
47
100
AcDbScale
 70
     0
300
3" = 1'-0"
140
3.0
141
12.0
290
     0
  0
SCALE
  5
57
102
{ACAD_REACTORS
330
47
102
}
330
47
100
AcDbScale
 70
     0
300
6" = 1'-0"
140
6.0
141
12.0
290
     0
  0
SCALE
  5
58
102
{ACAD_REACTORS
330
47
102
}
330
47
100
AcDbScale
 70
     0
300
1'-0" = 1'-0"
140
12.0
141
12.0
290
     0
  0
TABLESTYLE
  5
5A
102
{ACAD_REACTORS
330
59
102
}
102
{ACAD_XDICTIONARY
360
4D9
102
}
330
59
100
AcDbTableStyle
  3
Standard
 70
     0
 71
     0
 40
0.06
 41
0.06
280
     0
281
     0
  7
Standard
140
0.18
170
     2
 62
     0
 63
   257
283
     0
 90
        4
 91
        0
  1

274
    -2
284
     1
 64
     0
275
    -2
285
     1
 65
     0
276
    -2
286
     1
 66
     0
277
    -2
287
     1
 67
     0
278
    -2
288
     1
 68
     0
279
    -2
289
     1
 69
     0
  7
Standard
140
0.25
170
     5
 62
     0
 63
   257
283
     0
 90
        4
 91
        0
  1

274
    -2
284
     1
 64
     0
275
    -2
285
     1
 65
     0
276
    -2
286
     1
 66
     0
277
    -2
287
     1
 67
     0
278
    -2
288
     1
 68
     0
279
    -2
289
     1
 69
     0
  7
Standard
140
0.18
170
     5
 62
     0
 63
   257
283
     0
 90
        4
 91
        0
  1

274
    -2
284
     1
 64
     0
275
    -2
285
     1
 65
     0
276
    -2
286
     1
 66
     0
277
    -2
287
     1
 67
     0
278
    -2
288
     1
 68
     0
279
    -2
289
     1
 69
     0
  0
VISUALSTYLE
  5
2F
102
{ACAD_REACTORS
330
2A
102
}
102
{ACAD_XDICTIONARY
360
4B1
102
}
330
2A
100
AcDbVisualStyle
  2
2dWireframe
 70
     4
 71
     0
 72
     2
 73
     0
 90
        0
 40
0.6
 41
30.0
 62
     5
 63
     7
421
 16777215
 74
     1
 91
        4
 64
     7
 65
   257
 75
     1
175
     1
 42
1.0
 92
        0
 66
   257
 43
1.0
 76
     1
 77
     6
 78
     2
 67
     7
 79
     5
170
     0
171
     0
290
     0
174
     0
 93
        1
 44
0.0
173
     0
291
     0
 45
0.0
  0
VISUALSTYLE
  5
32
102
{ACAD_REACTORS
330
2A
102
}
102
{ACAD_XDICTIONARY
360
4B7
102
}
330
2A
100
AcDbVisualStyle
  2
Basic
 70
     7
 71
     1
 72
     0
 73
     1
 90
        0
 40
0.6
 41
30.0
 62
     5
 63
     7
421
 16777215
 74
     0
 91
        4
 64
     7
 65
   257
 75
     1
175
     1
 42
1.0
 92
        8
 66
     7
 43
1.0
 76
     1
 77
     6
 78
     2
 67
     7
 79
     5
170
     0
171
     0
290
     0
174
     0
 93
        1
 44
0.0
173
     0
291
     1
 45
0.0
  0
VISUALSTYLE
  5
36
102
{ACAD_REACTORS
330
2A
102
}
102
{ACAD_XDICTIONARY
360
4BF
102
}
330
2A
100
AcDbVisualStyle
  2
Brighten
 70
    12
 71
     2
 72
     2
 73
     0
 90
        0
 40
0.6
 41
30.0
 62
     5
 63
     7
421
 16777215
 74
     1
 91
        4
 64
     7
 65
   257
 75
     1
175
     1
 42
1.0
 92
        8
 66
     7
 43
1.0
 76
     1
 77
     6
 78
     2
 67
     7
 79
     5
170
     0
171
     0
290
     0
174
     0
 93
        1
 44
50.0
173
     0
291
     1
 45
0.0
  0
VISUALSTYLE
  5
3A
102
{ACAD_REACTORS
330
2A
102
}
102
{ACAD_XDICTIONARY
360
4C7
102
}
330
2A
100
AcDbVisualStyle
  2
ColorChange
 70
    16
 71
     2
 72
     2
 73
     3
 90
        0
 40
0.6
 41
30.0
 62
     5
 63
     8
421
  8421504
 74
     1
 91
        4
 64
     7
 65
   257
 75
     1
175
     1
 42
1.0
 92
        8
 66
     8
424
  8421504
 43
1.0
 76
     1
 77
     6
 78
     2
 67
     7
 79
     5
170
     0
171
     0
290
     0
174
     0
 93
        1
 44
0.0
173
     0
291
     1
 45
0.0
  0
VISUALSTYLE
  5
34
102
{ACAD_REACTORS
330
2A
102
}
102
{ACAD_XDICTIONARY
360
4BB
102
}
330
2A
100
AcDbVisualStyle
  2
Conceptual
 70
     9
 71
     3
 72
     2
 73
     0
 90
        0
 40
0.6
 41
30.0
 62
     5
 63
     7
421
 16777215
 74
     2
 91
        2
 64
     7
 65
   257
 75
     1
175
     1
 42
179.0
 92
        8
 66
     7
 43
1.0
 76
     1
 77
     6
 78
     2
 67
     7
 79
     3
170
     0
171
     0
290
     0
174
     0
 93
        1
 44
0.0
173
     0
291
     0
 45
0.0
  0
VISUALSTYLE
  5
35
102
{ACAD_REACTORS
330
2A
102
}
102
{ACAD_XDICTIONARY
360
4BD
102
}
330
2A
100
AcDbVisualStyle
  2
Dim
 70
    11
 71
     2
 72
     2
 73
     0
 90
        0
 40
0.6
 41
30.0
 62
     5
 63
     7
421
 16777215
 74
     1
 91
        4
 64
     7
 65
   257
 75
     1
175
     1
 42
1.0
 92
        8
 66
     7
 43
1.0
 76
     1
 77
     6
 78
     2
 67
     7
 79
     5
170
     0
171
     0
290
     0
174
     0
 93
        1
 44
-50.0
173
     0
291
     1
 45
0.0
  0
VISUALSTYLE
  5
3D
102
{ACAD_REACTORS
330
2A
102
}
102
{ACAD_XDICTIONARY
360
4CD
102
}
330
2A
100
AcDbVisualStyle
  2
EdgeColorOff
 70
    22
 71
     2
 72
     2
 73
     0
 90
        0
 40
0.6
 41
30.0
 62
     5
 63
     7
421
 16777215
 74
     1
 91
        4
 64
     7
 65
   257
 75
     1
175
     1
 42
1.0
 92
        8
 66
     7
 43
1.0
 76
     1
 77
     6
 78
     2
 67
     7
 79
     5
170
     0
171
     0
290
     0
174
     0
 93
        1
 44
0.0
173
     0
291
     1
 45
0.0
  0
VISUALSTYLE
  5
39
102
{ACAD_REACTORS
330
2A
102
}
102
{ACAD_XDICTIONARY
360
4C5
102
}
330
2A
100
AcDbVisualStyle
  2
Facepattern
 70
    15
 71
     2
 72
     2
 73
     0
 90
        0
 40
0.6
 41
30.0
 62
     5
 63
     7
421
 16777215
 74
     1
 91
        4
 64
     7
 65
   257
 75
     1
175
     1
 42
1.0
 92
        8
 66
     7
 43
1.0
 76
     1
 77
     6
 78
     2
 67
     7
 79
     5
170
     0
171
     0
290
     0
174
     0
 93
        1
 44
0.0
173
     0
291
     1
 45
0.0
  0
VISUALSTYLE
  5
2B
102
{ACAD_REACTORS
330
2A
102
}
102
{ACAD_XDICTIONARY
360
4A9
102
}
330
2A
100
AcDbVisualStyle
  2
Flat
 70
     0
 71
     2
 72
     1
 73
     1
 90
        2
 40
0.6
 41
30.0
 62
     5
 63
     7
421
 16777215
 74
     0
 91
        0
 64
     7
 65
   257
 75
     1
175
     1
 42
1.0
 92
        8
 66
     7
 43
1.0
 76
     1
 77
     6
 78
     2
 67
     7
 79
     5
170
     0
171
     0
290
     0
174
     0
 93
       13
 44
0.0
173
     0
291
     1
 45
0.0
  0
VISUALSTYLE
  5
2C
102
{ACAD_REACTORS
330
2A
102
}
102
{ACAD_XDICTIONARY
360
4AB
102
}
330
2A
100
AcDbVisualStyle
  2
FlatWithEdges
 70
     1
 71
     2
 72
     1
 73
     1
 90
        2
 40
0.6
 41
30.0
 62
     5
 63
     7
421
 16777215
 74
     1
 91
        0
 64
     7
 65
   257
 75
     1
175
     1
 42
1.0
 92
        0
 66
   257
 43
1.0
 76
     1
 77
     6
 78
     2
 67
     7
 79
     5
170
     0
171
     0
290
     0
174
     0
 93
       13
 44
0.0
173
     0
291
     1
 45
0.0
  0
VISUALSTYLE
  5
2D
102
{ACAD_REACTORS
330
2A
102
}
102
{ACAD_XDICTIONARY
360
4AD
102
}
330
2A
100
AcDbVisualStyle
  2
Gouraud
 70
     2
 71
     2
 72
     2
 73
     1
 90
        2
 40
0.6
 41
30.0
 62
     5
 63
     7
421
 16777215
 74
     0
 91
        0
 64
     7
 65
   257
 75
     1
175
     1
 42
1.0
 92
        0
 66
     7
 43
1.0
 76
     1
 77
     6
 78
     2
 67
     7
 79
     5
170
     0
171
     0
290
     0
174
     0
 93
       13
 44
0.0
173
     0
291
     1
 45
0.0
  0
VISUALSTYLE
  5
2E
102
{ACAD_REACTORS
330
2A
102
}
102
{ACAD_XDICTIONARY
360
4AF
102
}
330
2A
100
AcDbVisualStyle
  2
GouraudWithEdges
 70
     3
 71
     2
 72
     2
 73
     1
 90
        2
 40
0.6
 41
30.0
 62
     5
 63
     7
421
 16777215
 74
     1
 91
        0
 64
     7
 65
   257
 75
     1
175
     1
 42
1.0
 92
        0
 66
   257
 43
1.0
 76
     1
 77
     6
 78
     2
 67
     7
 79
     5
170
     0
171
     0
290
     0
174
     0
 93
       13
 44
0.0
173
     0
291
     1
 45
0.0
  0
VISUALSTYLE
  5
31
102
{ACAD_REACTORS
330
2A
102
}
102
{ACAD_XDICTIONARY
360
4B5
102
}
330
2A
100
AcDbVisualStyle
  2
Hidden
 70
     6
 71
     1
 72
     2
 73
     2
 90
        0
 40
0.6
 41
30.0
 62
     5
 63
     7
421
 16777215
 74
     2
 91
        2
 64
     7
 65
   257
 75
     2
175
     1
 42
40.0
 92
        0
 66
   257
 43
1.0
 76
     1
 77
     6
 78
     2
 67
     7
 79
     3
170
     0
171
     0
290
     0
174
     0
 93
        1
 44
0.0
173
     0
291
     0
 45
0.0
  0
VISUALSTYLE
  5
3B
102
{ACAD_REACTORS
330
2A
102
}
102
{ACAD_XDICTIONARY
360
4C9
102
}
330
2A
100
AcDbVisualStyle
  2
JitterOff
 70
    20
 71
     2
 72
     2
 73
     0
 90
        0
 40
0.6
 41
30.0
 62
     5
 63
     7
421
 16777215
 74
     1
 91
        4
 64
     7
 65
   257
 75
     1
175
     1
 42
1.0
 92
       10
 66
     7
 43
1.0
 76
     1
 77
     6
 78
     2
 67
     7
 79
     5
170
     0
171
     0
290
     0
174
     0
 93
        1
 44
0.0
173
     0
291
     1
 45
0.0
  0
VISUALSTYLE
  5
38
102
{ACAD_REACTORS
330
2A
102
}
102
{ACAD_XDICTIONARY
360
4C3
102
}
330
2A
100
AcDbVisualStyle
  2
Linepattern
 70
    14
 71
     2
 72
     2
 73
     0
 90
        0
 40
0.6
 41
30.0
 62
     5
 63
     7
421
 16777215
 74
     1
 91
        4
 64
     7
 65
   257
 75
     7
175
     7
 42
1.0
 92
        8
 66
     7
 43
1.0
 76
     1
 77
     6
 78
     2
 67
     7
 79
     5
170
     0
171
     0
290
     0
174
     0
 93
        1
 44
0.0
173
     0
291
     1
 45
0.0
  0
VISUALSTYLE
  5
3C
102
{ACAD_REACTORS
330
2A
102
}
102
{ACAD_XDICTIONARY
360
4CB
102
}
330
2A
100
AcDbVisualStyle
  2
OverhangOff
 70
    21
 71
     2
 72
     2
 73
     0
 90
        0
 40
0.6
 41
30.0
 62
     5
 63
     7
421
 16777215
 74
     1
 91
        4
 64
     7
 65
   257
 75
     1
175
     1
 42
1.0
 92
        9
 66
     7
 43
1.0
 76
     1
 77
     6
 78
     2
 67
     7
 79
     5
170
     0
171
     0
290
     0
174
     0
 93
        1
 44
0.0
173
     0
291
     1
 45
0.0
  0
VISUALSTYLE
  5
33
102
{ACAD_REACTORS
330
2A
102
}
102
{ACAD_XDICTIONARY
360
4B9
102
}
330
2A
100
AcDbVisualStyle
  2
Realistic
 70
     8
 71
     2
 72
     3
 73
     0
 90
        2
 40
0.6
 41
30.0
 62
     5
 63
     7
421
 16777215
 74
     0
 91
        0
 64
     7
 65
   257
 75
     1
175
     1
 42
1.0
 92
        8
 66
   257
 43
1.0
 76
     1
 77
     6
 78
     2
 67
     7
 79
     3
170
     0
171
     0
290
     0
174
     0
 93
       13
 44
0.0
173
     0
291
     0
 45
0.0
  0
VISUALSTYLE
  5
42
102
{ACAD_REACTORS
330
2A
102
}
102
{ACAD_XDICTIONARY
360
4D7
102
}
330
2A
100
AcDbVisualStyle
  2
Shaded
 70
    27
 71
     2
 72
     2
 73
     1
 90
        2
 40
0.6
 41
30.0
 62
     5
 63
     7
421
 16777215
 74
     0
 91
        4
 64
     7
 65
   257
 75
     1
175
     1
 42
1.0
 92
        8
 66
   257
 43
1.0
 76
     1
 77
     6
 78
     2
 67
     8
425
  7895160
 79
     3
170
     0
171
     0
290
     0
174
     0
 93
        5
 44
0.0
173
     0
291
     0
 45
0.0
  0
VISUALSTYLE
  5
41
102
{ACAD_REACTORS
330
2A
102
}
102
{ACAD_XDICTIONARY
360
4D5
102
}
330
2A
100
AcDbVisualStyle
  2
Shaded with edges
 70
    26
 71
     2
 72
     2
 73
     1
 90
        2
 40
0.6
 41
30.0
 62
     5
 63
     7
421
 16777215
 74
     1
 91
       10
 64
     7
 65
   257
 75
     2
175
     1
 42
1.0
 92
        8
 66
   257
 43
1.0
 76
     1
 77
     6
 78
     2
 67
     7
 79
     3
170
     0
171
     0
290
     0
174
     0
 93
        5
 44
0.0
173
     0
291
     0
 45
0.0
  0
VISUALSTYLE
  5
3E
102
{ACAD_REACTORS
330
2A
102
}
102
{ACAD_XDICTIONARY
360
4CF
102
}
330
2A
100
AcDbVisualStyle
  2
Shades of Gray
 70
    23
 71
     2
 72
     2
 73
     3
 90
        0
 40
0.6
 41
30.0
 62
     5
 63
     7
421
 16777215
 74
     2
 91
        2
 64
     7
 65
     7
 75
     1
175
     1
 42
40.0
 92
        8
 66
     7
 43
1.0
 76
     1
 77
     6
 78
     2
 67
     7
 79
     3
170
     0
171
     0
290
     0
174
     0
 93
        1
 44
0.0
173
     0
291
     0
 45
0.0
  0
VISUALSTYLE
  5
3F
102
{ACAD_REACTORS
330
2A
102
}
102
{ACAD_XDICTIONARY
360
4D1
102
}
330
2A
100
AcDbVisualStyle
  2
Sketchy
 70
    24
 71
     1
 72
     2
 73
     2
 90
        0
 40
0.6
 41
30.0
 62
     5
 63
     7
421
 16777215
 74
     2
 91
        2
 64
     7
 65
     7
 75
     1
175
     1
 42
40.0
 92
       11
 66
     7
 43
1.0
 76
     1
 77
     6
 78
     2
 67
     7
 79
     6
170
     0
171
     0
290
     0
174
     0
 93
        1
 44
0.0
173
     0
291
     0
 45
0.0
  0
VISUALSTYLE
  5
37
102
{ACAD_REACTORS
330
2A
102
}
102
{ACAD_XDICTIONARY
360
4C1
102
}
330
2A
100
AcDbVisualStyle
  2
Thicken
 70
    13
 71
     2
 72
     2
 73
     0
 90
        0
 40
0.6
 41
30.0
 62
     5
 63
     7
421
 16777215
 74
     1
 91
        4
 64
     7
 65
   257
 75
     1
175
     1
 42
1.0
 92
       12
 66
     7
 43
1.0
 76
     1
 77
     6
 78
     2
 67
     7
 79
     5
170
     0
171
     0
290
     0
174
     0
 93
        1
 44
0.0
173
     0
291
     1
 45
0.0
  0
VISUALSTYLE
  5
30
102
{ACAD_REACTORS
330
2A
102
}
102
{ACAD_XDICTIONARY
360
4B3
102
}
330
2A
100
AcDbVisualStyle
  2
Wireframe
 70
     5
 71
     0
 72
     2
 73
     0
 90
        0
 40
0.6
 41
30.0
 62
     5
 63
     7
421
 16777215
 74
     1
 91
        4
 64
     7
 65
   257
 75
     1
175
     1
 42
1.0
 92
        0
 66
   257
 43
1.0
 76
     1
 77
     6
 78
     2
 67
     7
 79
     3
170
     0
171
     0
290
     0
174
     0
 93
        1
 44
0.0
173
     0
291
     0
 45
0.0
  0
VISUALSTYLE
  5
40
102
{ACAD_REACTORS
330
2A
102
}
102
{ACAD_XDICTIONARY
360
4D3
102
}
330
2A
100
AcDbVisualStyle
  2
X-Ray
 70
    25
 71
     2
 72
     2
 73
     1
 90
        1
 40
0.5
 41
30.0
 62
     5
 63
     7
421
 16777215
 74
     1
 91
        0
 64
     7
 65
   257
 75
     1
175
     1
 42
1.0
 92
        8
 66
     7
 43
1.0
 76
     1
 77
     6
 78
     2
 67
     7
 79
     3
170
     0
171
     0
290
     0
174
     0
 93
       13
 44
0.0
173
     0
291
     0
 45
0.0
  0
DICTIONARYVAR
  5
4A7
102
{ACAD_REACTORS
330
4A6
102
}
330
4A6
100
DictionaryVariables
280
     0
  1
1:1
  0
DICTIONARYVAR
  5
4E0
102
{ACAD_REACTORS
330
4A6
102
}
330
4A6
100
DictionaryVariables
280
     0
  1
Standard
  0
DICTIONARYVAR
  5
4DF
102
{ACAD_REACTORS
330
4A6
102
}
330
4A6
100
DictionaryVariables
280
     0
  1
Standard
  0
DICTIONARYVAR
  5
4A8
102
{ACAD_REACTORS
330
4A6
102
}
330
4A6
100
DictionaryVariables
280
     0
  1
2
  0
DICTIONARY
  5
4DC
330
5C
100
AcDbDictionary
280
     1
281
     1
  3
ACAD_XREC_ROUNDTRIP
360
4DD
  0
DICTIONARY
  5
4D9
330
5A
100
AcDbDictionary
280
     1
281
     1
  3
ACAD_ROUNDTRIP_2008_TABLESTYLE_CELLSTYLEMAP
360
4DA
  0
DICTIONARY
  5
4B1
330
2F
100
AcDbDictionary
280
     1
281
     1
  3
ACAD_XREC_ROUNDTRIP
360
4B2
  0
DICTIONARY
  5
4B7
330
32
100
AcDbDictionary
280
     1
281
     1
  3
ACAD_XREC_ROUNDTRIP
360
4B8
  0
DICTIONARY
  5
4BF
330
36
100
AcDbDictionary
280
     1
281
     1
  3
ACAD_XREC_ROUNDTRIP
360
4C0
  0
DICTIONARY
  5
4C7
330
3A
100
AcDbDictionary
280
     1
281
     1
  3
ACAD_XREC_ROUNDTRIP
360
4C8
  0
DICTIONARY
  5
4BB
330
34
100
AcDbDictionary
280
     1
281
     1
  3
ACAD_XREC_ROUNDTRIP
360
4BC
  0
DICTIONARY
  5
4BD
330
35
100
AcDbDictionary
280
     1
281
     1
  3
ACAD_XREC_ROUNDTRIP
360
4BE
  0
DICTIONARY
  5
4CD
330
3D
100
AcDbDictionary
280
     1
281
     1
  3
ACAD_XREC_ROUNDTRIP
360
4CE
  0
DICTIONARY
  5
4C5
330
39
100
AcDbDictionary
280
     1
281
     1
  3
ACAD_XREC_ROUNDTRIP
360
4C6
  0
DICTIONARY
  5
4A9
330
2B
100
AcDbDictionary
280
     1
281
     1
  3
ACAD_XREC_ROUNDTRIP
360
4AA
  0
DICTIONARY
  5
4AB
330
2C
100
AcDbDictionary
280
     1
281
     1
  3
ACAD_XREC_ROUNDTRIP
360
4AC
  0
DICTIONARY
  5
4AD
330
2D
100
AcDbDictionary
280
     1
281
     1
  3
ACAD_XREC_ROUNDTRIP
360
4AE
  0
DICTIONARY
  5
4AF
330
2E
100
AcDbDictionary
280
     1
281
     1
  3
ACAD_XREC_ROUNDTRIP
360
4B0
  0
DICTIONARY
  5
4B5
330
31
100
AcDbDictionary
280
     1
281
     1
  3
ACAD_XREC_ROUNDTRIP
360
4B6
  0
DICTIONARY
  5
4C9
330
3B
100
AcDbDictionary
280
     1
281
     1
  3
ACAD_XREC_ROUNDTRIP
360
4CA
  0
DICTIONARY
  5
4C3
330
38
100
AcDbDictionary
280
     1
281
     1
  3
ACAD_XREC_ROUNDTRIP
360
4C4
  0
DICTIONARY
  5
4CB
330
3C
100
AcDbDictionary
280
     1
281
     1
  3
ACAD_XREC_ROUNDTRIP
360
4CC
  0
DICTIONARY
  5
4B9
330
33
100
AcDbDictionary
280
     1
281
     1
  3
ACAD_XREC_ROUNDTRIP
360
4BA
  0
DICTIONARY
  5
4D7
330
42
100
AcDbDictionary
280
     1
281
     1
  3
ACAD_XREC_ROUNDTRIP
360
4D8
  0
DICTIONARY
  5
4D5
330
41
100
AcDbDictionary
280
     1
281
     1
  3
ACAD_XREC_ROUNDTRIP
360
4D6
  0
DICTIONARY
  5
4CF
330
3E
100
AcDbDictionary
280
     1
281
     1
  3
ACAD_XREC_ROUNDTRIP
360
4D0
  0
DICTIONARY
  5
4D1
330
3F
100
AcDbDictionary
280
     1
281
     1
  3
ACAD_XREC_ROUNDTRIP
360
4D2
  0
DICTIONARY
  5
4C1
330
37
100
AcDbDictionary
280
     1
281
     1
  3
ACAD_XREC_ROUNDTRIP
360
4C2
  0
DICTIONARY
  5
4B3
330
30
100
AcDbDictionary
280
     1
281
     1
  3
ACAD_XREC_ROUNDTRIP
360
4B4
  0
DICTIONARY
  5
4D3
330
40
100
AcDbDictionary
280
     1
281
     1
  3
ACAD_XREC_ROUNDTRIP
360
4D4
  0
XRECORD
  5
4DD
102
{ACAD_REACTORS
330
4DC
102
}
330
4DC
100
AcDbXrecord
280
     1
102
ACAD_ROUNDTRIP_2010_MLEADER_STYLE
  0
CELLSTYLEMAP
  5
4DA
102
{ACAD_REACTORS
330
4D9
102
}
330
4D9
100
AcDbCellStyleMap
 90
        3
300
CELLSTYLE
  1
TABLEFORMAT_BEGIN
 90
        5
170
     1
 91
        0
 92
    32768
 62
   257
 93
        1
300
CONTENTFORMAT
  1
CONTENTFORMAT_BEGIN
 90
        0
 91
        0
 92
        4
 93
        0
300

 40
0.0
140
1.0
 94
        5
 62
     0
340
11
144
0.25
309
CONTENTFORMAT_END
171
     1
301
MARGIN
  1
CELLMARGIN_BEGIN
 40
0.06
 40
0.06
 40
0.06
 40
0.06
 40
0.06
 40
0.06
309
CELLMARGIN_END
 94
        6
 95
        1
302
GRIDFORMAT
  1
GRIDFORMAT_BEGIN
 90
        0
 91
        1
 62
     0
 92
       -2
340
14
 93
        0
 40
0.045
309
GRIDFORMAT_END
 95
        2
302
GRIDFORMAT
  1
GRIDFORMAT_BEGIN
 90
        0
 91
        1
 62
     0
 92
       -2
340
14
 93
        0
 40
0.045
309
GRIDFORMAT_END
 95
        4
302
GRIDFORMAT
  1
GRIDFORMAT_BEGIN
 90
        0
 91
        1
 62
     0
 92
       -2
340
14
 93
        0
 40
0.045
309
GRIDFORMAT_END
 95
        8
302
GRIDFORMAT
  1
GRIDFORMAT_BEGIN
 90
        0
 91
        1
 62
     0
 92
       -2
340
14
 93
        0
 40
0.045
309
GRIDFORMAT_END
 95
       16
302
GRIDFORMAT
  1
GRIDFORMAT_BEGIN
 90
        0
 91
        1
 62
     0
 92
       -2
340
14
 93
        0
 40
0.045
309
GRIDFORMAT_END
 95
       32
302
GRIDFORMAT
  1
GRIDFORMAT_BEGIN
 90
        0
 91
        1
 62
     0
 92
       -2
340
14
 93
        0
 40
0.045
309
GRIDFORMAT_END
309
TABLEFORMAT_END
  1
CELLSTYLE_BEGIN
 90
        1
 91
        1
300
_TITLE
309
CELLSTYLE_END
300
CELLSTYLE
  1
TABLEFORMAT_BEGIN
 90
        5
170
     1
 91
        0
 92
        0
 62
   257
 93
        1
300
CONTENTFORMAT
  1
CONTENTFORMAT_BEGIN
 90
        0
 91
        0
 92
        4
 93
        0
300

 40
0.0
140
1.0
 94
        5
 62
     0
340
11
144
0.18
309
CONTENTFORMAT_END
171
     1
301
MARGIN
  1
CELLMARGIN_BEGIN
 40
0.06
 40
0.06
 40
0.06
 40
0.06
 40
0.06
 40
0.06
309
CELLMARGIN_END
 94
        6
 95
        1
302
GRIDFORMAT
  1
GRIDFORMAT_BEGIN
 90
        0
 91
        1
 62
     0
 92
       -2
340
14
 93
        0
 40
0.045
309
GRIDFORMAT_END
 95
        2
302
GRIDFORMAT
  1
GRIDFORMAT_BEGIN
 90
        0
 91
        1
 62
     0
 92
       -2
340
14
 93
        0
 40
0.045
309
GRIDFORMAT_END
 95
        4
302
GRIDFORMAT
  1
GRIDFORMAT_BEGIN
 90
        0
 91
        1
 62
     0
 92
       -2
340
14
 93
        0
 40
0.045
309
GRIDFORMAT_END
 95
        8
302
GRIDFORMAT
  1
GRIDFORMAT_BEGIN
 90
        0
 91
        1
 62
     0
 92
       -2
340
14
 93
        0
 40
0.045
309
GRIDFORMAT_END
 95
       16
302
GRIDFORMAT
  1
GRIDFORMAT_BEGIN
 90
        0
 91
        1
 62
     0
 92
       -2
340
14
 93
        0
 40
0.045
309
GRIDFORMAT_END
 95
       32
302
GRIDFORMAT
  1
GRIDFORMAT_BEGIN
 90
        0
 91
        1
 62
     0
 92
       -2
340
14
 93
        0
 40
0.045
309
GRIDFORMAT_END
309
TABLEFORMAT_END
  1
CELLSTYLE_BEGIN
 90
        2
 91
        1
300
_HEADER
309
CELLSTYLE_END
300
CELLSTYLE
  1
TABLEFORMAT_BEGIN
 90
        5
170
     1
 91
        0
 92
        0
 62
   257
 93
        1
300
CONTENTFORMAT
  1
CONTENTFORMAT_BEGIN
 90
        0
 91
        0
 92
        4
 93
        0
300

 40
0.0
140
1.0
 94
        2
 62
     0
340
11
144
0.18
309
CONTENTFORMAT_END
171
     1
301
MARGIN
  1
CELLMARGIN_BEGIN
 40
0.06
 40
0.06
 40
0.06
 40
0.06
 40
0.06
 40
0.06
309
CELLMARGIN_END
 94
        6
 95
        1
302
GRIDFORMAT
  1
GRIDFORMAT_BEGIN
 90
        0
 91
        1
 62
     0
 92
       -2
340
14
 93
        0
 40
0.045
309
GRIDFORMAT_END
 95
        2
302
GRIDFORMAT
  1
GRIDFORMAT_BEGIN
 90
        0
 91
        1
 62
     0
 92
       -2
340
14
 93
        0
 40
0.045
309
GRIDFORMAT_END
 95
        4
302
GRIDFORMAT
  1
GRIDFORMAT_BEGIN
 90
        0
 91
        1
 62
     0
 92
       -2
340
14
 93
        0
 40
0.045
309
GRIDFORMAT_END
 95
        8
302
GRIDFORMAT
  1
GRIDFORMAT_BEGIN
 90
        0
 91
        1
 62
     0
 92
       -2
340
14
 93
        0
 40
0.045
309
GRIDFORMAT_END
 95
       16
302
GRIDFORMAT
  1
GRIDFORMAT_BEGIN
 90
        0
 91
        1
 62
     0
 92
       -2
340
14
 93
        0
 40
0.045
309
GRIDFORMAT_END
 95
       32
302
GRIDFORMAT
  1
GRIDFORMAT_BEGIN
 90
        0
 91
        1
 62
     0
 92
       -2
340
14
 93
        0
 40
0.045
309
GRIDFORMAT_END
309
TABLEFORMAT_END
  1
CELLSTYLE_BEGIN
 90
        3
 91
        2
300
_DATA
309
CELLSTYLE_END
  0
XRECORD
  5
4B2
102
{ACAD_REACTORS
330
4B1
102
}
330
4B1
100
AcDbXrecord
280
     1
102
RTVSPropertyOp0
 70
     1
102
RTVSPropertyOp1
 70
     1
102
RTVSPropertyOp2
 70
     1
102
RTVSPropertyOp3
 70
     1
102
RTVSPropertyOp4
 70
     1
102
RTVSPropertyOp5
 70
     1
102
RTVSPropertyOp6
 70
     1
102
RTVSPropertyOp7
 70
     1
102
RTVSPropertyOp8
 70
     1
102
RTVSPropertyOp9
 70
     1
102
RTVSPropertyOp10
 70
     1
102
RTVSPropertyOp11
 70
     1
102
RTVSPropertyOp12
 70
     1
102
RTVSPropertyOp13
 70
     1
102
RTVSPropertyOp14
 70
     1
102
RTVSPropertyOp15
 70
     1
102
RTVSPropertyOp16
 70
     1
102
RTVSPropertyOp17
 70
     1
102
RTVSPropertyOp18
 70
     1
102
RTVSPropertyOp19
 70
     1
102
RTVSPropertyOp20
 70
     1
102
RTVSPropertyOp21
 70
     1
102
RTVSPropertyOp22
 70
     1
102
RTVSPropertyOp23
 70
     1
102
RTVSPropertyOp24
 70
     1
102
RTVSPropertyOp25
 70
     1
102
RTVSPropertyOp26
 70
     1
102
RTVSPropertyOp27
 70
     1
102
RTVSPropertyOp28
 70
     1
102
RTVSPropertyOp29
 70
     1
102
RTVSPropertyOp30
 70
     1
102
RTVSPropertyOp31
 70
     1
102
RTVSPropertyOp32
 70
     1
102
RTVSPropertyOp33
 70
     1
102
RTVSPropertyOp34
 70
     1
102
RTVSPropertyOp35
 70
     1
102
RTVSPropertyOp36
 70
     1
102
RTVSPropertyOp37
 70
     1
102
RTVSPropertyOp38
 70
     1
102
RTVSPropertyOp39
 70
     1
102
RTVSPropertyOp40
 70
     1
102
RTVSPropertyOp41
 70
     1
102
RTVSPropertyOp42
 70
     1
102
RTVSPropertyOp43
 70
     1
102
RTVSPropertyOp44
 70
     1
102
RTVSPropertyOp45
 70
     1
102
RTVSPropertyOp46
 70
     1
102
RTVSPropertyOp47
 70
     1
102
RTVSPropertyOp48
 70
     1
102
RTVSPropertyOp49
 70
     1
102
RTVSPropertyOp50
 70
     1
102
RTVSPropertyOp51
 70
     0
102
RTVSPropertyOp52
 70
     0
102
RTVSPropertyOp53
 70
     1
102
RTVSPropertyOp54
 70
     1
102
RTVSPropertyOp55
 70
     1
102
RTVSPropertyOp56
 70
     1
102
RTVSPropertyOp57
 70
     1
102
RTVSPost2010Prop28
280
     1
102
RTVSPost2010PropOp28
 70
     1
102
RTVSPost2010Prop29
280
     1
102
RTVSPost2010PropOp29
 70
     1
102
RTVSPost2010Prop30
280
     0
102
RTVSPost2010PropOp30
 70
     1
102
RTVSPost2010Prop31
280
     0
102
RTVSPost2010PropOp31
 70
     1
102
RTVSPost2010Prop32
280
     0
102
RTVSPost2010PropOp32
 70
     1
102
RTVSPost2010Prop33
280
     0
102
RTVSPost2010PropOp33
 70
     1
102
RTVSPost2010Prop34
280
     0
102
RTVSPost2010PropOp34
 70
     1
102
RTVSPost2010Prop35
280
     0
102
RTVSPost2010PropOp35
 70
     1
102
RTVSPost2010Prop36
280
     0
102
RTVSPost2010PropOp36
 70
     1
102
RTVSPost2010Prop37
 90
       50
102
RTVSPost2010PropOp37
 70
     1
102
RTVSPost2010Prop38
140
0.0
102
RTVSPost2010PropOp38
 70
     1
102
RTVSPost2010Prop39
140
1.0
102
RTVSPost2010PropOp39
 70
     1
102
RTVSPost2010Prop40
 90
        0
102
RTVSPost2010PropOp40
 70
     1
102
RTVSPost2010Prop41ColorIndex
 90
       18
102
RTVSPost2010Prop41ColorRGB
 90
        0
102
RTVSPost2010PropOp41
 70
     1
102
RTVSPost2010Prop42
 90
       50
102
RTVSPost2010PropOp42
 70
     1
102
RTVSPost2010Prop43
 90
        3
102
RTVSPost2010PropOp43
 70
     1
102
RTVSPost2010Prop44ColorIndex
 90
        5
102
RTVSPost2010Prop44ColorRGB
 90
      255
102
RTVSPost2010PropOp44
 70
     1
102
RTVSPost2010Prop45
280
     0
102
RTVSPost2010PropOp45
 70
     1
102
RTVSPost2010Prop46
 90
       50
102
RTVSPost2010PropOp46
 70
     1
102
RTVSPost2010Prop47
 90
       50
102
RTVSPost2010PropOp47
 70
     1
102
RTVSPost2010Prop48
 90
       50
102
RTVSPost2010PropOp48
 70
     1
102
RTVSPost2010Prop49
280
     0
102
RTVSPost2010PropOp49
 70
     1
102
RTVSPost2010Prop50
 90
       50
102
RTVSPost2010PropOp50
 70
     1
102
RTVSPost2010Prop51ColorIndex
 90
      256
102
RTVSPost2010Prop51ColorRGB
 90
-16777216
102
RTVSPost2010PropOp51
 70
     0
102
RTVSPost2010Prop52
140
1.0
102
RTVSPost2010PropOp52
 70
     0
102
RTVSPost2010Prop53
 90
        2
102
RTVSPost2010PropOp53
 70
     1
102
RTVSPost2010Prop54
  1
strokes_ogs.tif
102
RTVSPost2010PropOp54
 70
     1
102
RTVSPost2010Prop55
280
     0
102
RTVSPost2010PropOp55
 70
     1
102
RTVSPost2010Prop56
140
1.0
102
RTVSPost2010PropOp56
 70
     1
102
RTVSPost2010Prop57
140
1.0
102
RTVSPost2010PropOp57
 70
     1
  0
XRECORD
  5
4B8
102
{ACAD_REACTORS
330
4B7
102
}
330
4B7
100
AcDbXrecord
280
     1
102
RTVSPropertyOp0
 70
     1
102
RTVSPropertyOp1
 70
     1
102
RTVSPropertyOp2
 70
     1
102
RTVSPropertyOp3
 70
     1
102
RTVSPropertyOp4
 70
     1
102
RTVSPropertyOp5
 70
     1
102
RTVSPropertyOp6
 70
     1
102
RTVSPropertyOp7
 70
     1
102
RTVSPropertyOp8
 70
     1
102
RTVSPropertyOp9
 70
     1
102
RTVSPropertyOp10
 70
     1
102
RTVSPropertyOp11
 70
     1
102
RTVSPropertyOp12
 70
     1
102
RTVSPropertyOp13
 70
     1
102
RTVSPropertyOp14
 70
     1
102
RTVSPropertyOp15
 70
     1
102
RTVSPropertyOp16
 70
     1
102
RTVSPropertyOp17
 70
     1
102
RTVSPropertyOp18
 70
     1
102
RTVSPropertyOp19
 70
     1
102
RTVSPropertyOp20
 70
     1
102
RTVSPropertyOp21
 70
     1
102
RTVSPropertyOp22
 70
     1
102
RTVSPropertyOp23
 70
     1
102
RTVSPropertyOp24
 70
     1
102
RTVSPropertyOp25
 70
     1
102
RTVSPropertyOp26
 70
     1
102
RTVSPropertyOp27
 70
     1
102
RTVSPropertyOp28
 70
     1
102
RTVSPropertyOp29
 70
     1
102
RTVSPropertyOp30
 70
     1
102
RTVSPropertyOp31
 70
     1
102
RTVSPropertyOp32
 70
     1
102
RTVSPropertyOp33
 70
     1
102
RTVSPropertyOp34
 70
     1
102
RTVSPropertyOp35
 70
     1
102
RTVSPropertyOp36
 70
     1
102
RTVSPropertyOp37
 70
     1
102
RTVSPropertyOp38
 70
     1
102
RTVSPropertyOp39
 70
     1
102
RTVSPropertyOp40
 70
     1
102
RTVSPropertyOp41
 70
     1
102
RTVSPropertyOp42
 70
     1
102
RTVSPropertyOp43
 70
     1
102
RTVSPropertyOp44
 70
     1
102
RTVSPropertyOp45
 70
     1
102
RTVSPropertyOp46
 70
     1
102
RTVSPropertyOp47
 70
     1
102
RTVSPropertyOp48
 70
     1
102
RTVSPropertyOp49
 70
     1
102
RTVSPropertyOp50
 70
     1
102
RTVSPropertyOp51
 70
     0
102
RTVSPropertyOp52
 70
     0
102
RTVSPropertyOp53
 70
     1
102
RTVSPropertyOp54
 70
     1
102
RTVSPropertyOp55
 70
     1
102
RTVSPropertyOp56
 70
     1
102
RTVSPropertyOp57
 70
     1
102
RTVSPost2010Prop28
280
     0
102
RTVSPost2010PropOp28
 70
     1
102
RTVSPost2010Prop29
280
     1
102
RTVSPost2010PropOp29
 70
     1
102
RTVSPost2010Prop30
280
     1
102
RTVSPost2010PropOp30
 70
     1
102
RTVSPost2010Prop31
280
     0
102
RTVSPost2010PropOp31
 70
     1
102
RTVSPost2010Prop32
280
     0
102
RTVSPost2010PropOp32
 70
     1
102
RTVSPost2010Prop33
280
     0
102
RTVSPost2010PropOp33
 70
     1
102
RTVSPost2010Prop34
280
     0
102
RTVSPost2010PropOp34
 70
     1
102
RTVSPost2010Prop35
280
     0
102
RTVSPost2010PropOp35
 70
     1
102
RTVSPost2010Prop36
280
     0
102
RTVSPost2010PropOp36
 70
     1
102
RTVSPost2010Prop37
 90
       50
102
RTVSPost2010PropOp37
 70
     1
102
RTVSPost2010Prop38
140
0.0
102
RTVSPost2010PropOp38
 70
     1
102
RTVSPost2010Prop39
140
1.0
102
RTVSPost2010PropOp39
 70
     1
102
RTVSPost2010Prop40
 90
        0
102
RTVSPost2010PropOp40
 70
     1
102
RTVSPost2010Prop41ColorIndex
 90
       18
102
RTVSPost2010Prop41ColorRGB
 90
        0
102
RTVSPost2010PropOp41
 70
     1
102
RTVSPost2010Prop42
 90
       50
102
RTVSPost2010PropOp42
 70
     1
102
RTVSPost2010Prop43
 90
        3
102
RTVSPost2010PropOp43
 70
     1
102
RTVSPost2010Prop44ColorIndex
 90
        5
102
RTVSPost2010Prop44ColorRGB
 90
      255
102
RTVSPost2010PropOp44
 70
     1
102
RTVSPost2010Prop45
280
     0
102
RTVSPost2010PropOp45
 70
     1
102
RTVSPost2010Prop46
 90
       50
102
RTVSPost2010PropOp46
 70
     1
102
RTVSPost2010Prop47
 90
       50
102
RTVSPost2010PropOp47
 70
     1
102
RTVSPost2010Prop48
 90
       50
102
RTVSPost2010PropOp48
 70
     1
102
RTVSPost2010Prop49
280
     0
102
RTVSPost2010PropOp49
 70
     1
102
RTVSPost2010Prop50
 90
       50
102
RTVSPost2010PropOp50
 70
     1
102
RTVSPost2010Prop51ColorIndex
 90
      256
102
RTVSPost2010Prop51ColorRGB
 90
-16777216
102
RTVSPost2010PropOp51
 70
     0
102
RTVSPost2010Prop52
140
1.0
102
RTVSPost2010PropOp52
 70
     0
102
RTVSPost2010Prop53
 90
        2
102
RTVSPost2010PropOp53
 70
     1
102
RTVSPost2010Prop54
  1
strokes_ogs.tif
102
RTVSPost2010PropOp54
 70
     1
102
RTVSPost2010Prop55
280
     0
102
RTVSPost2010PropOp55
 70
     1
102
RTVSPost2010Prop56
140
1.0
102
RTVSPost2010PropOp56
 70
     1
102
RTVSPost2010Prop57
140
1.0
102
RTVSPost2010PropOp57
 70
     1
  0
XRECORD
  5
4C0
102
{ACAD_REACTORS
330
4BF
102
}
330
4BF
100
AcDbXrecord
280
     1
102
RTVSPropertyOp0
 70
     1
102
RTVSPropertyOp1
 70
     1
102
RTVSPropertyOp2
 70
     1
102
RTVSPropertyOp3
 70
     1
102
RTVSPropertyOp4
 70
     1
102
RTVSPropertyOp5
 70
     1
102
RTVSPropertyOp6
 70
     1
102
RTVSPropertyOp7
 70
     1
102
RTVSPropertyOp8
 70
     1
102
RTVSPropertyOp9
 70
     1
102
RTVSPropertyOp10
 70
     1
102
RTVSPropertyOp11
 70
     1
102
RTVSPropertyOp12
 70
     1
102
RTVSPropertyOp13
 70
     1
102
RTVSPropertyOp14
 70
     1
102
RTVSPropertyOp15
 70
     1
102
RTVSPropertyOp16
 70
     1
102
RTVSPropertyOp17
 70
     1
102
RTVSPropertyOp18
 70
     1
102
RTVSPropertyOp19
 70
     1
102
RTVSPropertyOp20
 70
     1
102
RTVSPropertyOp21
 70
     1
102
RTVSPropertyOp22
 70
     1
102
RTVSPropertyOp23
 70
     1
102
RTVSPropertyOp24
 70
     1
102
RTVSPropertyOp25
 70
     1
102
RTVSPropertyOp26
 70
     1
102
RTVSPropertyOp27
 70
     1
102
RTVSPropertyOp28
 70
     1
102
RTVSPropertyOp29
 70
     1
102
RTVSPropertyOp30
 70
     1
102
RTVSPropertyOp31
 70
     1
102
RTVSPropertyOp32
 70
     1
102
RTVSPropertyOp33
 70
     1
102
RTVSPropertyOp34
 70
     1
102
RTVSPropertyOp35
 70
     1
102
RTVSPropertyOp36
 70
     1
102
RTVSPropertyOp37
 70
     1
102
RTVSPropertyOp38
 70
     1
102
RTVSPropertyOp39
 70
     1
102
RTVSPropertyOp40
 70
     1
102
RTVSPropertyOp41
 70
     1
102
RTVSPropertyOp42
 70
     1
102
RTVSPropertyOp43
 70
     1
102
RTVSPropertyOp44
 70
     1
102
RTVSPropertyOp45
 70
     1
102
RTVSPropertyOp46
 70
     1
102
RTVSPropertyOp47
 70
     1
102
RTVSPropertyOp48
 70
     1
102
RTVSPropertyOp49
 70
     1
102
RTVSPropertyOp50
 70
     1
102
RTVSPropertyOp51
 70
     0
102
RTVSPropertyOp52
 70
     0
102
RTVSPropertyOp53
 70
     1
102
RTVSPropertyOp54
 70
     1
102
RTVSPropertyOp55
 70
     1
102
RTVSPropertyOp56
 70
     1
102
RTVSPropertyOp57
 70
     1
102
RTVSPost2010Prop28
280
     0
102
RTVSPost2010PropOp28
 70
     1
102
RTVSPost2010Prop29
280
     1
102
RTVSPost2010PropOp29
 70
     1
102
RTVSPost2010Prop30
280
     1
102
RTVSPost2010PropOp30
 70
     1
102
RTVSPost2010Prop31
280
     0
102
RTVSPost2010PropOp31
 70
     1
102
RTVSPost2010Prop32
280
     0
102
RTVSPost2010PropOp32
 70
     1
102
RTVSPost2010Prop33
280
     0
102
RTVSPost2010PropOp33
 70
     1
102
RTVSPost2010Prop34
280
     0
102
RTVSPost2010PropOp34
 70
     1
102
RTVSPost2010Prop35
280
     0
102
RTVSPost2010PropOp35
 70
     1
102
RTVSPost2010Prop36
280
     0
102
RTVSPost2010PropOp36
 70
     1
102
RTVSPost2010Prop37
 90
       50
102
RTVSPost2010PropOp37
 70
     1
102
RTVSPost2010Prop38
140
0.0
102
RTVSPost2010PropOp38
 70
     1
102
RTVSPost2010Prop39
140
1.0
102
RTVSPost2010PropOp39
 70
     1
102
RTVSPost2010Prop40
 90
        0
102
RTVSPost2010PropOp40
 70
     1
102
RTVSPost2010Prop41ColorIndex
 90
       18
102
RTVSPost2010Prop41ColorRGB
 90
        0
102
RTVSPost2010PropOp41
 70
     1
102
RTVSPost2010Prop42
 90
       50
102
RTVSPost2010PropOp42
 70
     1
102
RTVSPost2010Prop43
 90
        3
102
RTVSPost2010PropOp43
 70
     1
102
RTVSPost2010Prop44ColorIndex
 90
        5
102
RTVSPost2010Prop44ColorRGB
 90
      255
102
RTVSPost2010PropOp44
 70
     1
102
RTVSPost2010Prop45
280
     0
102
RTVSPost2010PropOp45
 70
     1
102
RTVSPost2010Prop46
 90
       50
102
RTVSPost2010PropOp46
 70
     1
102
RTVSPost2010Prop47
 90
       50
102
RTVSPost2010PropOp47
 70
     1
102
RTVSPost2010Prop48
 90
       50
102
RTVSPost2010PropOp48
 70
     1
102
RTVSPost2010Prop49
280
     0
102
RTVSPost2010PropOp49
 70
     1
102
RTVSPost2010Prop50
 90
       50
102
RTVSPost2010PropOp50
 70
     1
102
RTVSPost2010Prop51ColorIndex
 90
      256
102
RTVSPost2010Prop51ColorRGB
 90
-16777216
102
RTVSPost2010PropOp51
 70
     0
102
RTVSPost2010Prop52
140
1.0
102
RTVSPost2010PropOp52
 70
     0
102
RTVSPost2010Prop53
 90
        2
102
RTVSPost2010PropOp53
 70
     1
102
RTVSPost2010Prop54
  1
strokes_ogs.tif
102
RTVSPost2010PropOp54
 70
     1
102
RTVSPost2010Prop55
280
     0
102
RTVSPost2010PropOp55
 70
     1
102
RTVSPost2010Prop56
140
1.0
102
RTVSPost2010PropOp56
 70
     1
102
RTVSPost2010Prop57
140
1.0
102
RTVSPost2010PropOp57
 70
     1
  0
XRECORD
  5
4C8
102
{ACAD_REACTORS
330
4C7
102
}
330
4C7
100
AcDbXrecord
280
     1
102
RTVSPropertyOp0
 70
     1
102
RTVSPropertyOp1
 70
     1
102
RTVSPropertyOp2
 70
     1
102
RTVSPropertyOp3
 70
     1
102
RTVSPropertyOp4
 70
     1
102
RTVSPropertyOp5
 70
     1
102
RTVSPropertyOp6
 70
     1
102
RTVSPropertyOp7
 70
     1
102
RTVSPropertyOp8
 70
     1
102
RTVSPropertyOp9
 70
     1
102
RTVSPropertyOp10
 70
     1
102
RTVSPropertyOp11
 70
     1
102
RTVSPropertyOp12
 70
     1
102
RTVSPropertyOp13
 70
     1
102
RTVSPropertyOp14
 70
     1
102
RTVSPropertyOp15
 70
     1
102
RTVSPropertyOp16
 70
     1
102
RTVSPropertyOp17
 70
     1
102
RTVSPropertyOp18
 70
     1
102
RTVSPropertyOp19
 70
     1
102
RTVSPropertyOp20
 70
     1
102
RTVSPropertyOp21
 70
     1
102
RTVSPropertyOp22
 70
     1
102
RTVSPropertyOp23
 70
     1
102
RTVSPropertyOp24
 70
     1
102
RTVSPropertyOp25
 70
     1
102
RTVSPropertyOp26
 70
     1
102
RTVSPropertyOp27
 70
     1
102
RTVSPropertyOp28
 70
     1
102
RTVSPropertyOp29
 70
     1
102
RTVSPropertyOp30
 70
     1
102
RTVSPropertyOp31
 70
     1
102
RTVSPropertyOp32
 70
     1
102
RTVSPropertyOp33
 70
     1
102
RTVSPropertyOp34
 70
     1
102
RTVSPropertyOp35
 70
     1
102
RTVSPropertyOp36
 70
     1
102
RTVSPropertyOp37
 70
     1
102
RTVSPropertyOp38
 70
     1
102
RTVSPropertyOp39
 70
     1
102
RTVSPropertyOp40
 70
     1
102
RTVSPropertyOp41
 70
     1
102
RTVSPropertyOp42
 70
     1
102
RTVSPropertyOp43
 70
     1
102
RTVSPropertyOp44
 70
     1
102
RTVSPropertyOp45
 70
     1
102
RTVSPropertyOp46
 70
     1
102
RTVSPropertyOp47
 70
     1
102
RTVSPropertyOp48
 70
     1
102
RTVSPropertyOp49
 70
     1
102
RTVSPropertyOp50
 70
     1
102
RTVSPropertyOp51
 70
     0
102
RTVSPropertyOp52
 70
     0
102
RTVSPropertyOp53
 70
     1
102
RTVSPropertyOp54
 70
     1
102
RTVSPropertyOp55
 70
     1
102
RTVSPropertyOp56
 70
     1
102
RTVSPropertyOp57
 70
     1
102
RTVSPost2010Prop28
280
     0
102
RTVSPost2010PropOp28
 70
     1
102
RTVSPost2010Prop29
280
     1
102
RTVSPost2010PropOp29
 70
     1
102
RTVSPost2010Prop30
280
     1
102
RTVSPost2010PropOp30
 70
     1
102
RTVSPost2010Prop31
280
     0
102
RTVSPost2010PropOp31
 70
     1
102
RTVSPost2010Prop32
280
     0
102
RTVSPost2010PropOp32
 70
     1
102
RTVSPost2010Prop33
280
     0
102
RTVSPost2010PropOp33
 70
     1
102
RTVSPost2010Prop34
280
     0
102
RTVSPost2010PropOp34
 70
     1
102
RTVSPost2010Prop35
280
     0
102
RTVSPost2010PropOp35
 70
     1
102
RTVSPost2010Prop36
280
     0
102
RTVSPost2010PropOp36
 70
     1
102
RTVSPost2010Prop37
 90
       50
102
RTVSPost2010PropOp37
 70
     1
102
RTVSPost2010Prop38
140
0.0
102
RTVSPost2010PropOp38
 70
     1
102
RTVSPost2010Prop39
140
1.0
102
RTVSPost2010PropOp39
 70
     1
102
RTVSPost2010Prop40
 90
        0
102
RTVSPost2010PropOp40
 70
     1
102
RTVSPost2010Prop41ColorIndex
 90
       18
102
RTVSPost2010Prop41ColorRGB
 90
        0
102
RTVSPost2010PropOp41
 70
     1
102
RTVSPost2010Prop42
 90
       50
102
RTVSPost2010PropOp42
 70
     1
102
RTVSPost2010Prop43
 90
        3
102
RTVSPost2010PropOp43
 70
     1
102
RTVSPost2010Prop44ColorIndex
 90
        5
102
RTVSPost2010Prop44ColorRGB
 90
      255
102
RTVSPost2010PropOp44
 70
     1
102
RTVSPost2010Prop45
280
     0
102
RTVSPost2010PropOp45
 70
     1
102
RTVSPost2010Prop46
 90
       50
102
RTVSPost2010PropOp46
 70
     1
102
RTVSPost2010Prop47
 90
       50
102
RTVSPost2010PropOp47
 70
     1
102
RTVSPost2010Prop48
 90
       50
102
RTVSPost2010PropOp48
 70
     1
102
RTVSPost2010Prop49
280
     0
102
RTVSPost2010PropOp49
 70
     1
102
RTVSPost2010Prop50
 90
       50
102
RTVSPost2010PropOp50
 70
     1
102
RTVSPost2010Prop51ColorIndex
 90
      256
102
RTVSPost2010Prop51ColorRGB
 90
-16777216
102
RTVSPost2010PropOp51
 70
     0
102
RTVSPost2010Prop52
140
1.0
102
RTVSPost2010PropOp52
 70
     0
102
RTVSPost2010Prop53
 90
        2
102
RTVSPost2010PropOp53
 70
     1
102
RTVSPost2010Prop54
  1
strokes_ogs.tif
102
RTVSPost2010PropOp54
 70
     1
102
RTVSPost2010Prop55
280
     0
102
RTVSPost2010PropOp55
 70
     1
102
RTVSPost2010Prop56
140
1.0
102
RTVSPost2010PropOp56
 70
     1
102
RTVSPost2010Prop57
140
1.0
102
RTVSPost2010PropOp57
 70
     1
  0
XRECORD
  5
4BC
102
{ACAD_REACTORS
330
4BB
102
}
330
4BB
100
AcDbXrecord
280
     1
102
RTVSPropertyOp0
 70
     1
102
RTVSPropertyOp1
 70
     1
102
RTVSPropertyOp2
 70
     1
102
RTVSPropertyOp3
 70
     1
102
RTVSPropertyOp4
 70
     1
102
RTVSPropertyOp5
 70
     1
102
RTVSPropertyOp6
 70
     1
102
RTVSPropertyOp7
 70
     1
102
RTVSPropertyOp8
 70
     1
102
RTVSPropertyOp9
 70
     1
102
RTVSPropertyOp10
 70
     1
102
RTVSPropertyOp11
 70
     1
102
RTVSPropertyOp12
 70
     1
102
RTVSPropertyOp13
 70
     1
102
RTVSPropertyOp14
 70
     1
102
RTVSPropertyOp15
 70
     1
102
RTVSPropertyOp16
 70
     1
102
RTVSPropertyOp17
 70
     1
102
RTVSPropertyOp18
 70
     1
102
RTVSPropertyOp19
 70
     1
102
RTVSPropertyOp20
 70
     1
102
RTVSPropertyOp21
 70
     1
102
RTVSPropertyOp22
 70
     1
102
RTVSPropertyOp23
 70
     1
102
RTVSPropertyOp24
 70
     1
102
RTVSPropertyOp25
 70
     1
102
RTVSPropertyOp26
 70
     1
102
RTVSPropertyOp27
 70
     1
102
RTVSPropertyOp28
 70
     1
102
RTVSPropertyOp29
 70
     1
102
RTVSPropertyOp30
 70
     1
102
RTVSPropertyOp31
 70
     1
102
RTVSPropertyOp32
 70
     1
102
RTVSPropertyOp33
 70
     1
102
RTVSPropertyOp34
 70
     1
102
RTVSPropertyOp35
 70
     1
102
RTVSPropertyOp36
 70
     1
102
RTVSPropertyOp37
 70
     1
102
RTVSPropertyOp38
 70
     1
102
RTVSPropertyOp39
 70
     1
102
RTVSPropertyOp40
 70
     1
102
RTVSPropertyOp41
 70
     1
102
RTVSPropertyOp42
 70
     1
102
RTVSPropertyOp43
 70
     1
102
RTVSPropertyOp44
 70
     1
102
RTVSPropertyOp45
 70
     1
102
RTVSPropertyOp46
 70
     1
102
RTVSPropertyOp47
 70
     1
102
RTVSPropertyOp48
 70
     1
102
RTVSPropertyOp49
 70
     1
102
RTVSPropertyOp50
 70
     1
102
RTVSPropertyOp51
 70
     0
102
RTVSPropertyOp52
 70
     0
102
RTVSPropertyOp53
 70
     1
102
RTVSPropertyOp54
 70
     1
102
RTVSPropertyOp55
 70
     1
102
RTVSPropertyOp56
 70
     1
102
RTVSPropertyOp57
 70
     1
102
RTVSPost2010Prop28
280
     0
102
RTVSPost2010PropOp28
 70
     1
102
RTVSPost2010Prop29
280
     1
102
RTVSPost2010PropOp29
 70
     1
102
RTVSPost2010Prop30
280
     1
102
RTVSPost2010PropOp30
 70
     1
102
RTVSPost2010Prop31
280
     0
102
RTVSPost2010PropOp31
 70
     1
102
RTVSPost2010Prop32
280
     0
102
RTVSPost2010PropOp32
 70
     1
102
RTVSPost2010Prop33
280
     0
102
RTVSPost2010PropOp33
 70
     1
102
RTVSPost2010Prop34
280
     0
102
RTVSPost2010PropOp34
 70
     1
102
RTVSPost2010Prop35
280
     0
102
RTVSPost2010PropOp35
 70
     1
102
RTVSPost2010Prop36
280
     0
102
RTVSPost2010PropOp36
 70
     1
102
RTVSPost2010Prop37
 90
       50
102
RTVSPost2010PropOp37
 70
     1
102
RTVSPost2010Prop38
140
0.0
102
RTVSPost2010PropOp38
 70
     1
102
RTVSPost2010Prop39
140
1.0
102
RTVSPost2010PropOp39
 70
     1
102
RTVSPost2010Prop40
 90
        0
102
RTVSPost2010PropOp40
 70
     1
102
RTVSPost2010Prop41ColorIndex
 90
       18
102
RTVSPost2010Prop41ColorRGB
 90
        0
102
RTVSPost2010PropOp41
 70
     1
102
RTVSPost2010Prop42
 90
       50
102
RTVSPost2010PropOp42
 70
     1
102
RTVSPost2010Prop43
 90
        3
102
RTVSPost2010PropOp43
 70
     1
102
RTVSPost2010Prop44ColorIndex
 90
        5
102
RTVSPost2010Prop44ColorRGB
 90
      255
102
RTVSPost2010PropOp44
 70
     1
102
RTVSPost2010Prop45
280
     0
102
RTVSPost2010PropOp45
 70
     1
102
RTVSPost2010Prop46
 90
       50
102
RTVSPost2010PropOp46
 70
     1
102
RTVSPost2010Prop47
 90
       50
102
RTVSPost2010PropOp47
 70
     1
102
RTVSPost2010Prop48
 90
       50
102
RTVSPost2010PropOp48
 70
     1
102
RTVSPost2010Prop49
280
     0
102
RTVSPost2010PropOp49
 70
     1
102
RTVSPost2010Prop50
 90
       50
102
RTVSPost2010PropOp50
 70
     1
102
RTVSPost2010Prop51ColorIndex
 90
      256
102
RTVSPost2010Prop51ColorRGB
 90
-16777216
102
RTVSPost2010PropOp51
 70
     0
102
RTVSPost2010Prop52
140
1.0
102
RTVSPost2010PropOp52
 70
     0
102
RTVSPost2010Prop53
 90
        2
102
RTVSPost2010PropOp53
 70
     1
102
RTVSPost2010Prop54
  1
strokes_ogs.tif
102
RTVSPost2010PropOp54
 70
     1
102
RTVSPost2010Prop55
280
     0
102
RTVSPost2010PropOp55
 70
     1
102
RTVSPost2010Prop56
140
1.0
102
RTVSPost2010PropOp56
 70
     1
102
RTVSPost2010Prop57
140
1.0
102
RTVSPost2010PropOp57
 70
     1
  0
XRECORD
  5
4BE
102
{ACAD_REACTORS
330
4BD
102
}
330
4BD
100
AcDbXrecord
280
     1
102
RTVSPropertyOp0
 70
     1
102
RTVSPropertyOp1
 70
     1
102
RTVSPropertyOp2
 70
     1
102
RTVSPropertyOp3
 70
     1
102
RTVSPropertyOp4
 70
     1
102
RTVSPropertyOp5
 70
     1
102
RTVSPropertyOp6
 70
     1
102
RTVSPropertyOp7
 70
     1
102
RTVSPropertyOp8
 70
     1
102
RTVSPropertyOp9
 70
     1
102
RTVSPropertyOp10
 70
     1
102
RTVSPropertyOp11
 70
     1
102
RTVSPropertyOp12
 70
     1
102
RTVSPropertyOp13
 70
     1
102
RTVSPropertyOp14
 70
     1
102
RTVSPropertyOp15
 70
     1
102
RTVSPropertyOp16
 70
     1
102
RTVSPropertyOp17
 70
     1
102
RTVSPropertyOp18
 70
     1
102
RTVSPropertyOp19
 70
     1
102
RTVSPropertyOp20
 70
     1
102
RTVSPropertyOp21
 70
     1
102
RTVSPropertyOp22
 70
     1
102
RTVSPropertyOp23
 70
     1
102
RTVSPropertyOp24
 70
     1
102
RTVSPropertyOp25
 70
     1
102
RTVSPropertyOp26
 70
     1
102
RTVSPropertyOp27
 70
     1
102
RTVSPropertyOp28
 70
     1
102
RTVSPropertyOp29
 70
     1
102
RTVSPropertyOp30
 70
     1
102
RTVSPropertyOp31
 70
     1
102
RTVSPropertyOp32
 70
     1
102
RTVSPropertyOp33
 70
     1
102
RTVSPropertyOp34
 70
     1
102
RTVSPropertyOp35
 70
     1
102
RTVSPropertyOp36
 70
     1
102
RTVSPropertyOp37
 70
     1
102
RTVSPropertyOp38
 70
     1
102
RTVSPropertyOp39
 70
     1
102
RTVSPropertyOp40
 70
     1
102
RTVSPropertyOp41
 70
     1
102
RTVSPropertyOp42
 70
     1
102
RTVSPropertyOp43
 70
     1
102
RTVSPropertyOp44
 70
     1
102
RTVSPropertyOp45
 70
     1
102
RTVSPropertyOp46
 70
     1
102
RTVSPropertyOp47
 70
     1
102
RTVSPropertyOp48
 70
     1
102
RTVSPropertyOp49
 70
     1
102
RTVSPropertyOp50
 70
     1
102
RTVSPropertyOp51
 70
     0
102
RTVSPropertyOp52
 70
     0
102
RTVSPropertyOp53
 70
     1
102
RTVSPropertyOp54
 70
     1
102
RTVSPropertyOp55
 70
     1
102
RTVSPropertyOp56
 70
     1
102
RTVSPropertyOp57
 70
     1
102
RTVSPost2010Prop28
280
     0
102
RTVSPost2010PropOp28
 70
     1
102
RTVSPost2010Prop29
280
     1
102
RTVSPost2010PropOp29
 70
     1
102
RTVSPost2010Prop30
280
     1
102
RTVSPost2010PropOp30
 70
     1
102
RTVSPost2010Prop31
280
     0
102
RTVSPost2010PropOp31
 70
     1
102
RTVSPost2010Prop32
280
     0
102
RTVSPost2010PropOp32
 70
     1
102
RTVSPost2010Prop33
280
     0
102
RTVSPost2010PropOp33
 70
     1
102
RTVSPost2010Prop34
280
     0
102
RTVSPost2010PropOp34
 70
     1
102
RTVSPost2010Prop35
280
     0
102
RTVSPost2010PropOp35
 70
     1
102
RTVSPost2010Prop36
280
     0
102
RTVSPost2010PropOp36
 70
     1
102
RTVSPost2010Prop37
 90
       50
102
RTVSPost2010PropOp37
 70
     1
102
RTVSPost2010Prop38
140
0.0
102
RTVSPost2010PropOp38
 70
     1
102
RTVSPost2010Prop39
140
1.0
102
RTVSPost2010PropOp39
 70
     1
102
RTVSPost2010Prop40
 90
        0
102
RTVSPost2010PropOp40
 70
     1
102
RTVSPost2010Prop41ColorIndex
 90
       18
102
RTVSPost2010Prop41ColorRGB
 90
        0
102
RTVSPost2010PropOp41
 70
     1
102
RTVSPost2010Prop42
 90
       50
102
RTVSPost2010PropOp42
 70
     1
102
RTVSPost2010Prop43
 90
        3
102
RTVSPost2010PropOp43
 70
     1
102
RTVSPost2010Prop44ColorIndex
 90
        5
102
RTVSPost2010Prop44ColorRGB
 90
      255
102
RTVSPost2010PropOp44
 70
     1
102
RTVSPost2010Prop45
280
     0
102
RTVSPost2010PropOp45
 70
     1
102
RTVSPost2010Prop46
 90
       50
102
RTVSPost2010PropOp46
 70
     1
102
RTVSPost2010Prop47
 90
       50
102
RTVSPost2010PropOp47
 70
     1
102
RTVSPost2010Prop48
 90
       50
102
RTVSPost2010PropOp48
 70
     1
102
RTVSPost2010Prop49
280
     0
102
RTVSPost2010PropOp49
 70
     1
102
RTVSPost2010Prop50
 90
       50
102
RTVSPost2010PropOp50
 70
     1
102
RTVSPost2010Prop51ColorIndex
 90
      256
102
RTVSPost2010Prop51ColorRGB
 90
-16777216
102
RTVSPost2010PropOp51
 70
     0
102
RTVSPost2010Prop52
140
1.0
102
RTVSPost2010PropOp52
 70
     0
102
RTVSPost2010Prop53
 90
        2
102
RTVSPost2010PropOp53
 70
     1
102
RTVSPost2010Prop54
  1
strokes_ogs.tif
102
RTVSPost2010PropOp54
 70
     1
102
RTVSPost2010Prop55
280
     0
102
RTVSPost2010PropOp55
 70
     1
102
RTVSPost2010Prop56
140
1.0
102
RTVSPost2010PropOp56
 70
     1
102
RTVSPost2010Prop57
140
1.0
102
RTVSPost2010PropOp57
 70
     1
  0
XRECORD
  5
4CE
102
{ACAD_REACTORS
330
4CD
102
}
330
4CD
100
AcDbXrecord
280
     1
102
RTVSPropertyOp0
 70
     0
102
RTVSPropertyOp1
 70
     0
102
RTVSPropertyOp2
 70
     0
102
RTVSPropertyOp3
 70
     0
102
RTVSPropertyOp4
 70
     0
102
RTVSPropertyOp5
 70
     0
102
RTVSPropertyOp6
 70
     0
102
RTVSPropertyOp7
 70
     0
102
RTVSPropertyOp8
 70
     0
102
RTVSPropertyOp9
 70
     0
102
RTVSPropertyOp10
 70
     0
102
RTVSPropertyOp11
 70
     0
102
RTVSPropertyOp12
 70
     0
102
RTVSPropertyOp13
 70
     0
102
RTVSPropertyOp14
 70
     2
102
RTVSPropertyOp15
 70
     0
102
RTVSPropertyOp16
 70
     0
102
RTVSPropertyOp17
 70
     0
102
RTVSPropertyOp18
 70
     0
102
RTVSPropertyOp19
 70
     0
102
RTVSPropertyOp20
 70
     0
102
RTVSPropertyOp21
 70
     0
102
RTVSPropertyOp22
 70
     0
102
RTVSPropertyOp23
 70
     0
102
RTVSPropertyOp24
 70
     0
102
RTVSPropertyOp25
 70
     0
102
RTVSPropertyOp26
 70
     0
102
RTVSPropertyOp27
 70
     0
102
RTVSPropertyOp28
 70
     0
102
RTVSPropertyOp29
 70
     0
102
RTVSPropertyOp30
 70
     0
102
RTVSPropertyOp31
 70
     0
102
RTVSPropertyOp32
 70
     0
102
RTVSPropertyOp33
 70
     0
102
RTVSPropertyOp34
 70
     0
102
RTVSPropertyOp35
 70
     0
102
RTVSPropertyOp36
 70
     0
102
RTVSPropertyOp37
 70
     0
102
RTVSPropertyOp38
 70
     0
102
RTVSPropertyOp39
 70
     0
102
RTVSPropertyOp40
 70
     0
102
RTVSPropertyOp41
 70
     0
102
RTVSPropertyOp42
 70
     0
102
RTVSPropertyOp43
 70
     0
102
RTVSPropertyOp44
 70
     0
102
RTVSPropertyOp45
 70
     0
102
RTVSPropertyOp46
 70
     0
102
RTVSPropertyOp47
 70
     0
102
RTVSPropertyOp48
 70
     0
102
RTVSPropertyOp49
 70
     0
102
RTVSPropertyOp50
 70
     0
102
RTVSPropertyOp51
 70
     0
102
RTVSPropertyOp52
 70
     0
102
RTVSPropertyOp53
 70
     0
102
RTVSPropertyOp54
 70
     0
102
RTVSPropertyOp55
 70
     0
102
RTVSPropertyOp56
 70
     0
102
RTVSPropertyOp57
 70
     0
102
RTVSPost2010Prop28
280
     0
102
RTVSPost2010PropOp28
 70
     0
102
RTVSPost2010Prop29
280
     1
102
RTVSPost2010PropOp29
 70
     0
102
RTVSPost2010Prop30
280
     1
102
RTVSPost2010PropOp30
 70
     0
102
RTVSPost2010Prop31
280
     0
102
RTVSPost2010PropOp31
 70
     0
102
RTVSPost2010Prop32
280
     0
102
RTVSPost2010PropOp32
 70
     0
102
RTVSPost2010Prop33
280
     0
102
RTVSPost2010PropOp33
 70
     0
102
RTVSPost2010Prop34
280
     0
102
RTVSPost2010PropOp34
 70
     0
102
RTVSPost2010Prop35
280
     0
102
RTVSPost2010PropOp35
 70
     0
102
RTVSPost2010Prop36
280
     0
102
RTVSPost2010PropOp36
 70
     0
102
RTVSPost2010Prop37
 90
       50
102
RTVSPost2010PropOp37
 70
     0
102
RTVSPost2010Prop38
140
0.0
102
RTVSPost2010PropOp38
 70
     0
102
RTVSPost2010Prop39
140
1.0
102
RTVSPost2010PropOp39
 70
     0
102
RTVSPost2010Prop40
 90
        0
102
RTVSPost2010PropOp40
 70
     0
102
RTVSPost2010Prop41ColorIndex
 90
       18
102
RTVSPost2010Prop41ColorRGB
 90
        0
102
RTVSPost2010PropOp41
 70
     0
102
RTVSPost2010Prop42
 90
       50
102
RTVSPost2010PropOp42
 70
     0
102
RTVSPost2010Prop43
 90
        3
102
RTVSPost2010PropOp43
 70
     0
102
RTVSPost2010Prop44ColorIndex
 90
        5
102
RTVSPost2010Prop44ColorRGB
 90
      255
102
RTVSPost2010PropOp44
 70
     0
102
RTVSPost2010Prop45
280
     0
102
RTVSPost2010PropOp45
 70
     0
102
RTVSPost2010Prop46
 90
       50
102
RTVSPost2010PropOp46
 70
     0
102
RTVSPost2010Prop47
 90
       50
102
RTVSPost2010PropOp47
 70
     0
102
RTVSPost2010Prop48
 90
       50
102
RTVSPost2010PropOp48
 70
     0
102
RTVSPost2010Prop49
280
     0
102
RTVSPost2010PropOp49
 70
     0
102
RTVSPost2010Prop50
 90
       50
102
RTVSPost2010PropOp50
 70
     0
102
RTVSPost2010Prop51ColorIndex
 90
      256
102
RTVSPost2010Prop51ColorRGB
 90
-16777216
102
RTVSPost2010PropOp51
 70
     0
102
RTVSPost2010Prop52
140
1.0
102
RTVSPost2010PropOp52
 70
     0
102
RTVSPost2010Prop53
 90
        2
102
RTVSPost2010PropOp53
 70
     0
102
RTVSPost2010Prop54
  1
strokes_ogs.tif
102
RTVSPost2010PropOp54
 70
     0
102
RTVSPost2010Prop55
280
     0
102
RTVSPost2010PropOp55
 70
     0
102
RTVSPost2010Prop56
140
1.0
102
RTVSPost2010PropOp56
 70
     0
102
RTVSPost2010Prop57
140
1.0
102
RTVSPost2010PropOp57
 70
     0
  0
XRECORD
  5
4C6
102
{ACAD_REACTORS
330
4C5
102
}
330
4C5
100
AcDbXrecord
280
     1
102
RTVSPropertyOp0
 70
     1
102
RTVSPropertyOp1
 70
     1
102
RTVSPropertyOp2
 70
     1
102
RTVSPropertyOp3
 70
     1
102
RTVSPropertyOp4
 70
     1
102
RTVSPropertyOp5
 70
     1
102
RTVSPropertyOp6
 70
     1
102
RTVSPropertyOp7
 70
     1
102
RTVSPropertyOp8
 70
     1
102
RTVSPropertyOp9
 70
     1
102
RTVSPropertyOp10
 70
     1
102
RTVSPropertyOp11
 70
     1
102
RTVSPropertyOp12
 70
     1
102
RTVSPropertyOp13
 70
     1
102
RTVSPropertyOp14
 70
     1
102
RTVSPropertyOp15
 70
     1
102
RTVSPropertyOp16
 70
     1
102
RTVSPropertyOp17
 70
     1
102
RTVSPropertyOp18
 70
     1
102
RTVSPropertyOp19
 70
     1
102
RTVSPropertyOp20
 70
     1
102
RTVSPropertyOp21
 70
     1
102
RTVSPropertyOp22
 70
     1
102
RTVSPropertyOp23
 70
     1
102
RTVSPropertyOp24
 70
     1
102
RTVSPropertyOp25
 70
     1
102
RTVSPropertyOp26
 70
     1
102
RTVSPropertyOp27
 70
     1
102
RTVSPropertyOp28
 70
     1
102
RTVSPropertyOp29
 70
     1
102
RTVSPropertyOp30
 70
     1
102
RTVSPropertyOp31
 70
     1
102
RTVSPropertyOp32
 70
     1
102
RTVSPropertyOp33
 70
     1
102
RTVSPropertyOp34
 70
     1
102
RTVSPropertyOp35
 70
     1
102
RTVSPropertyOp36
 70
     1
102
RTVSPropertyOp37
 70
     1
102
RTVSPropertyOp38
 70
     1
102
RTVSPropertyOp39
 70
     1
102
RTVSPropertyOp40
 70
     1
102
RTVSPropertyOp41
 70
     1
102
RTVSPropertyOp42
 70
     1
102
RTVSPropertyOp43
 70
     1
102
RTVSPropertyOp44
 70
     1
102
RTVSPropertyOp45
 70
     1
102
RTVSPropertyOp46
 70
     1
102
RTVSPropertyOp47
 70
     1
102
RTVSPropertyOp48
 70
     1
102
RTVSPropertyOp49
 70
     1
102
RTVSPropertyOp50
 70
     1
102
RTVSPropertyOp51
 70
     0
102
RTVSPropertyOp52
 70
     0
102
RTVSPropertyOp53
 70
     1
102
RTVSPropertyOp54
 70
     1
102
RTVSPropertyOp55
 70
     1
102
RTVSPropertyOp56
 70
     1
102
RTVSPropertyOp57
 70
     1
102
RTVSPost2010Prop28
280
     0
102
RTVSPost2010PropOp28
 70
     1
102
RTVSPost2010Prop29
280
     1
102
RTVSPost2010PropOp29
 70
     1
102
RTVSPost2010Prop30
280
     1
102
RTVSPost2010PropOp30
 70
     1
102
RTVSPost2010Prop31
280
     0
102
RTVSPost2010PropOp31
 70
     1
102
RTVSPost2010Prop32
280
     0
102
RTVSPost2010PropOp32
 70
     1
102
RTVSPost2010Prop33
280
     0
102
RTVSPost2010PropOp33
 70
     1
102
RTVSPost2010Prop34
280
     0
102
RTVSPost2010PropOp34
 70
     1
102
RTVSPost2010Prop35
280
     0
102
RTVSPost2010PropOp35
 70
     1
102
RTVSPost2010Prop36
280
     0
102
RTVSPost2010PropOp36
 70
     1
102
RTVSPost2010Prop37
 90
       50
102
RTVSPost2010PropOp37
 70
     1
102
RTVSPost2010Prop38
140
0.0
102
RTVSPost2010PropOp38
 70
     1
102
RTVSPost2010Prop39
140
1.0
102
RTVSPost2010PropOp39
 70
     1
102
RTVSPost2010Prop40
 90
        0
102
RTVSPost2010PropOp40
 70
     1
102
RTVSPost2010Prop41ColorIndex
 90
       18
102
RTVSPost2010Prop41ColorRGB
 90
        0
102
RTVSPost2010PropOp41
 70
     1
102
RTVSPost2010Prop42
 90
       50
102
RTVSPost2010PropOp42
 70
     1
102
RTVSPost2010Prop43
 90
        3
102
RTVSPost2010PropOp43
 70
     1
102
RTVSPost2010Prop44ColorIndex
 90
        5
102
RTVSPost2010Prop44ColorRGB
 90
      255
102
RTVSPost2010PropOp44
 70
     1
102
RTVSPost2010Prop45
280
     0
102
RTVSPost2010PropOp45
 70
     1
102
RTVSPost2010Prop46
 90
       50
102
RTVSPost2010PropOp46
 70
     1
102
RTVSPost2010Prop47
 90
       50
102
RTVSPost2010PropOp47
 70
     1
102
RTVSPost2010Prop48
 90
       50
102
RTVSPost2010PropOp48
 70
     1
102
RTVSPost2010Prop49
280
     0
102
RTVSPost2010PropOp49
 70
     1
102
RTVSPost2010Prop50
 90
       50
102
RTVSPost2010PropOp50
 70
     1
102
RTVSPost2010Prop51ColorIndex
 90
      256
102
RTVSPost2010Prop51ColorRGB
 90
-16777216
102
RTVSPost2010PropOp51
 70
     0
102
RTVSPost2010Prop52
140
1.0
102
RTVSPost2010PropOp52
 70
     0
102
RTVSPost2010Prop53
 90
        2
102
RTVSPost2010PropOp53
 70
     1
102
RTVSPost2010Prop54
  1
strokes_ogs.tif
102
RTVSPost2010PropOp54
 70
     1
102
RTVSPost2010Prop55
280
     0
102
RTVSPost2010PropOp55
 70
     1
102
RTVSPost2010Prop56
140
1.0
102
RTVSPost2010PropOp56
 70
     1
102
RTVSPost2010Prop57
140
1.0
102
RTVSPost2010PropOp57
 70
     1
  0
XRECORD
  5
4AA
102
{ACAD_REACTORS
330
4A9
102
}
330
4A9
100
AcDbXrecord
280
     1
102
RTVSPropertyOp0
 70
     1
102
RTVSPropertyOp1
 70
     1
102
RTVSPropertyOp2
 70
     1
102
RTVSPropertyOp3
 70
     1
102
RTVSPropertyOp4
 70
     1
102
RTVSPropertyOp5
 70
     1
102
RTVSPropertyOp6
 70
     1
102
RTVSPropertyOp7
 70
     1
102
RTVSPropertyOp8
 70
     1
102
RTVSPropertyOp9
 70
     1
102
RTVSPropertyOp10
 70
     1
102
RTVSPropertyOp11
 70
     1
102
RTVSPropertyOp12
 70
     1
102
RTVSPropertyOp13
 70
     1
102
RTVSPropertyOp14
 70
     1
102
RTVSPropertyOp15
 70
     1
102
RTVSPropertyOp16
 70
     1
102
RTVSPropertyOp17
 70
     1
102
RTVSPropertyOp18
 70
     1
102
RTVSPropertyOp19
 70
     1
102
RTVSPropertyOp20
 70
     1
102
RTVSPropertyOp21
 70
     1
102
RTVSPropertyOp22
 70
     1
102
RTVSPropertyOp23
 70
     1
102
RTVSPropertyOp24
 70
     1
102
RTVSPropertyOp25
 70
     1
102
RTVSPropertyOp26
 70
     1
102
RTVSPropertyOp27
 70
     1
102
RTVSPropertyOp28
 70
     1
102
RTVSPropertyOp29
 70
     1
102
RTVSPropertyOp30
 70
     1
102
RTVSPropertyOp31
 70
     1
102
RTVSPropertyOp32
 70
     1
102
RTVSPropertyOp33
 70
     1
102
RTVSPropertyOp34
 70
     1
102
RTVSPropertyOp35
 70
     1
102
RTVSPropertyOp36
 70
     1
102
RTVSPropertyOp37
 70
     1
102
RTVSPropertyOp38
 70
     1
102
RTVSPropertyOp39
 70
     1
102
RTVSPropertyOp40
 70
     1
102
RTVSPropertyOp41
 70
     1
102
RTVSPropertyOp42
 70
     1
102
RTVSPropertyOp43
 70
     1
102
RTVSPropertyOp44
 70
     1
102
RTVSPropertyOp45
 70
     1
102
RTVSPropertyOp46
 70
     1
102
RTVSPropertyOp47
 70
     1
102
RTVSPropertyOp48
 70
     1
102
RTVSPropertyOp49
 70
     1
102
RTVSPropertyOp50
 70
     1
102
RTVSPropertyOp51
 70
     0
102
RTVSPropertyOp52
 70
     0
102
RTVSPropertyOp53
 70
     1
102
RTVSPropertyOp54
 70
     1
102
RTVSPropertyOp55
 70
     1
102
RTVSPropertyOp56
 70
     1
102
RTVSPropertyOp57
 70
     1
102
RTVSPost2010Prop28
280
     0
102
RTVSPost2010PropOp28
 70
     1
102
RTVSPost2010Prop29
280
     1
102
RTVSPost2010PropOp29
 70
     1
102
RTVSPost2010Prop30
280
     1
102
RTVSPost2010PropOp30
 70
     1
102
RTVSPost2010Prop31
280
     0
102
RTVSPost2010PropOp31
 70
     1
102
RTVSPost2010Prop32
280
     0
102
RTVSPost2010PropOp32
 70
     1
102
RTVSPost2010Prop33
280
     0
102
RTVSPost2010PropOp33
 70
     1
102
RTVSPost2010Prop34
280
     0
102
RTVSPost2010PropOp34
 70
     1
102
RTVSPost2010Prop35
280
     0
102
RTVSPost2010PropOp35
 70
     1
102
RTVSPost2010Prop36
280
     0
102
RTVSPost2010PropOp36
 70
     1
102
RTVSPost2010Prop37
 90
       50
102
RTVSPost2010PropOp37
 70
     1
102
RTVSPost2010Prop38
140
0.0
102
RTVSPost2010PropOp38
 70
     1
102
RTVSPost2010Prop39
140
1.0
102
RTVSPost2010PropOp39
 70
     1
102
RTVSPost2010Prop40
 90
        0
102
RTVSPost2010PropOp40
 70
     1
102
RTVSPost2010Prop41ColorIndex
 90
       18
102
RTVSPost2010Prop41ColorRGB
 90
        0
102
RTVSPost2010PropOp41
 70
     1
102
RTVSPost2010Prop42
 90
       50
102
RTVSPost2010PropOp42
 70
     1
102
RTVSPost2010Prop43
 90
        3
102
RTVSPost2010PropOp43
 70
     1
102
RTVSPost2010Prop44ColorIndex
 90
        5
102
RTVSPost2010Prop44ColorRGB
 90
      255
102
RTVSPost2010PropOp44
 70
     1
102
RTVSPost2010Prop45
280
     0
102
RTVSPost2010PropOp45
 70
     1
102
RTVSPost2010Prop46
 90
       50
102
RTVSPost2010PropOp46
 70
     1
102
RTVSPost2010Prop47
 90
       50
102
RTVSPost2010PropOp47
 70
     1
102
RTVSPost2010Prop48
 90
       50
102
RTVSPost2010PropOp48
 70
     1
102
RTVSPost2010Prop49
280
     0
102
RTVSPost2010PropOp49
 70
     1
102
RTVSPost2010Prop50
 90
       50
102
RTVSPost2010PropOp50
 70
     1
102
RTVSPost2010Prop51ColorIndex
 90
      256
102
RTVSPost2010Prop51ColorRGB
 90
-16777216
102
RTVSPost2010PropOp51
 70
     0
102
RTVSPost2010Prop52
140
1.0
102
RTVSPost2010PropOp52
 70
     0
102
RTVSPost2010Prop53
 90
        2
102
RTVSPost2010PropOp53
 70
     1
102
RTVSPost2010Prop54
  1
strokes_ogs.tif
102
RTVSPost2010PropOp54
 70
     1
102
RTVSPost2010Prop55
280
     0
102
RTVSPost2010PropOp55
 70
     1
102
RTVSPost2010Prop56
140
1.0
102
RTVSPost2010PropOp56
 70
     1
102
RTVSPost2010Prop57
140
1.0
102
RTVSPost2010PropOp57
 70
     1
  0
XRECORD
  5
4AC
102
{ACAD_REACTORS
330
4AB
102
}
330
4AB
100
AcDbXrecord
280
     1
102
RTVSPropertyOp0
 70
     1
102
RTVSPropertyOp1
 70
     1
102
RTVSPropertyOp2
 70
     1
102
RTVSPropertyOp3
 70
     1
102
RTVSPropertyOp4
 70
     1
102
RTVSPropertyOp5
 70
     1
102
RTVSPropertyOp6
 70
     1
102
RTVSPropertyOp7
 70
     1
102
RTVSPropertyOp8
 70
     1
102
RTVSPropertyOp9
 70
     1
102
RTVSPropertyOp10
 70
     1
102
RTVSPropertyOp11
 70
     1
102
RTVSPropertyOp12
 70
     1
102
RTVSPropertyOp13
 70
     1
102
RTVSPropertyOp14
 70
     1
102
RTVSPropertyOp15
 70
     1
102
RTVSPropertyOp16
 70
     1
102
RTVSPropertyOp17
 70
     1
102
RTVSPropertyOp18
 70
     1
102
RTVSPropertyOp19
 70
     1
102
RTVSPropertyOp20
 70
     1
102
RTVSPropertyOp21
 70
     1
102
RTVSPropertyOp22
 70
     1
102
RTVSPropertyOp23
 70
     1
102
RTVSPropertyOp24
 70
     1
102
RTVSPropertyOp25
 70
     1
102
RTVSPropertyOp26
 70
     1
102
RTVSPropertyOp27
 70
     1
102
RTVSPropertyOp28
 70
     1
102
RTVSPropertyOp29
 70
     1
102
RTVSPropertyOp30
 70
     1
102
RTVSPropertyOp31
 70
     1
102
RTVSPropertyOp32
 70
     1
102
RTVSPropertyOp33
 70
     1
102
RTVSPropertyOp34
 70
     1
102
RTVSPropertyOp35
 70
     1
102
RTVSPropertyOp36
 70
     1
102
RTVSPropertyOp37
 70
     1
102
RTVSPropertyOp38
 70
     1
102
RTVSPropertyOp39
 70
     1
102
RTVSPropertyOp40
 70
     1
102
RTVSPropertyOp41
 70
     1
102
RTVSPropertyOp42
 70
     1
102
RTVSPropertyOp43
 70
     1
102
RTVSPropertyOp44
 70
     1
102
RTVSPropertyOp45
 70
     1
102
RTVSPropertyOp46
 70
     1
102
RTVSPropertyOp47
 70
     1
102
RTVSPropertyOp48
 70
     1
102
RTVSPropertyOp49
 70
     1
102
RTVSPropertyOp50
 70
     1
102
RTVSPropertyOp51
 70
     0
102
RTVSPropertyOp52
 70
     0
102
RTVSPropertyOp53
 70
     1
102
RTVSPropertyOp54
 70
     1
102
RTVSPropertyOp55
 70
     1
102
RTVSPropertyOp56
 70
     1
102
RTVSPropertyOp57
 70
     1
102
RTVSPost2010Prop28
280
     0
102
RTVSPost2010PropOp28
 70
     1
102
RTVSPost2010Prop29
280
     1
102
RTVSPost2010PropOp29
 70
     1
102
RTVSPost2010Prop30
280
     1
102
RTVSPost2010PropOp30
 70
     1
102
RTVSPost2010Prop31
280
     0
102
RTVSPost2010PropOp31
 70
     1
102
RTVSPost2010Prop32
280
     0
102
RTVSPost2010PropOp32
 70
     1
102
RTVSPost2010Prop33
280
     0
102
RTVSPost2010PropOp33
 70
     1
102
RTVSPost2010Prop34
280
     0
102
RTVSPost2010PropOp34
 70
     1
102
RTVSPost2010Prop35
280
     0
102
RTVSPost2010PropOp35
 70
     1
102
RTVSPost2010Prop36
280
     0
102
RTVSPost2010PropOp36
 70
     1
102
RTVSPost2010Prop37
 90
       50
102
RTVSPost2010PropOp37
 70
     1
102
RTVSPost2010Prop38
140
0.0
102
RTVSPost2010PropOp38
 70
     1
102
RTVSPost2010Prop39
140
1.0
102
RTVSPost2010PropOp39
 70
     1
102
RTVSPost2010Prop40
 90
        0
102
RTVSPost2010PropOp40
 70
     1
102
RTVSPost2010Prop41ColorIndex
 90
       18
102
RTVSPost2010Prop41ColorRGB
 90
        0
102
RTVSPost2010PropOp41
 70
     1
102
RTVSPost2010Prop42
 90
       50
102
RTVSPost2010PropOp42
 70
     1
102
RTVSPost2010Prop43
 90
        3
102
RTVSPost2010PropOp43
 70
     1
102
RTVSPost2010Prop44ColorIndex
 90
        5
102
RTVSPost2010Prop44ColorRGB
 90
      255
102
RTVSPost2010PropOp44
 70
     1
102
RTVSPost2010Prop45
280
     0
102
RTVSPost2010PropOp45
 70
     1
102
RTVSPost2010Prop46
 90
       50
102
RTVSPost2010PropOp46
 70
     1
102
RTVSPost2010Prop47
 90
       50
102
RTVSPost2010PropOp47
 70
     1
102
RTVSPost2010Prop48
 90
       50
102
RTVSPost2010PropOp48
 70
     1
102
RTVSPost2010Prop49
280
     0
102
RTVSPost2010PropOp49
 70
     1
102
RTVSPost2010Prop50
 90
       50
102
RTVSPost2010PropOp50
 70
     1
102
RTVSPost2010Prop51ColorIndex
 90
      256
102
RTVSPost2010Prop51ColorRGB
 90
-16777216
102
RTVSPost2010PropOp51
 70
     0
102
RTVSPost2010Prop52
140
1.0
102
RTVSPost2010PropOp52
 70
     0
102
RTVSPost2010Prop53
 90
        2
102
RTVSPost2010PropOp53
 70
     1
102
RTVSPost2010Prop54
  1
strokes_ogs.tif
102
RTVSPost2010PropOp54
 70
     1
102
RTVSPost2010Prop55
280
     0
102
RTVSPost2010PropOp55
 70
     1
102
RTVSPost2010Prop56
140
1.0
102
RTVSPost2010PropOp56
 70
     1
102
RTVSPost2010Prop57
140
1.0
102
RTVSPost2010PropOp57
 70
     1
  0
XRECORD
  5
4AE
102
{ACAD_REACTORS
330
4AD
102
}
330
4AD
100
AcDbXrecord
280
     1
102
RTVSPropertyOp0
 70
     1
102
RTVSPropertyOp1
 70
     1
102
RTVSPropertyOp2
 70
     1
102
RTVSPropertyOp3
 70
     1
102
RTVSPropertyOp4
 70
     1
102
RTVSPropertyOp5
 70
     1
102
RTVSPropertyOp6
 70
     1
102
RTVSPropertyOp7
 70
     1
102
RTVSPropertyOp8
 70
     1
102
RTVSPropertyOp9
 70
     1
102
RTVSPropertyOp10
 70
     1
102
RTVSPropertyOp11
 70
     1
102
RTVSPropertyOp12
 70
     1
102
RTVSPropertyOp13
 70
     1
102
RTVSPropertyOp14
 70
     1
102
RTVSPropertyOp15
 70
     1
102
RTVSPropertyOp16
 70
     1
102
RTVSPropertyOp17
 70
     1
102
RTVSPropertyOp18
 70
     1
102
RTVSPropertyOp19
 70
     1
102
RTVSPropertyOp20
 70
     1
102
RTVSPropertyOp21
 70
     1
102
RTVSPropertyOp22
 70
     1
102
RTVSPropertyOp23
 70
     1
102
RTVSPropertyOp24
 70
     1
102
RTVSPropertyOp25
 70
     1
102
RTVSPropertyOp26
 70
     1
102
RTVSPropertyOp27
 70
     1
102
RTVSPropertyOp28
 70
     1
102
RTVSPropertyOp29
 70
     1
102
RTVSPropertyOp30
 70
     1
102
RTVSPropertyOp31
 70
     1
102
RTVSPropertyOp32
 70
     1
102
RTVSPropertyOp33
 70
     1
102
RTVSPropertyOp34
 70
     1
102
RTVSPropertyOp35
 70
     1
102
RTVSPropertyOp36
 70
     1
102
RTVSPropertyOp37
 70
     1
102
RTVSPropertyOp38
 70
     1
102
RTVSPropertyOp39
 70
     1
102
RTVSPropertyOp40
 70
     1
102
RTVSPropertyOp41
 70
     1
102
RTVSPropertyOp42
 70
     1
102
RTVSPropertyOp43
 70
     1
102
RTVSPropertyOp44
 70
     1
102
RTVSPropertyOp45
 70
     1
102
RTVSPropertyOp46
 70
     1
102
RTVSPropertyOp47
 70
     1
102
RTVSPropertyOp48
 70
     1
102
RTVSPropertyOp49
 70
     1
102
RTVSPropertyOp50
 70
     1
102
RTVSPropertyOp51
 70
     0
102
RTVSPropertyOp52
 70
     0
102
RTVSPropertyOp53
 70
     1
102
RTVSPropertyOp54
 70
     1
102
RTVSPropertyOp55
 70
     1
102
RTVSPropertyOp56
 70
     1
102
RTVSPropertyOp57
 70
     1
102
RTVSPost2010Prop28
280
     0
102
RTVSPost2010PropOp28
 70
     1
102
RTVSPost2010Prop29
280
     1
102
RTVSPost2010PropOp29
 70
     1
102
RTVSPost2010Prop30
280
     1
102
RTVSPost2010PropOp30
 70
     1
102
RTVSPost2010Prop31
280
     0
102
RTVSPost2010PropOp31
 70
     1
102
RTVSPost2010Prop32
280
     0
102
RTVSPost2010PropOp32
 70
     1
102
RTVSPost2010Prop33
280
     0
102
RTVSPost2010PropOp33
 70
     1
102
RTVSPost2010Prop34
280
     0
102
RTVSPost2010PropOp34
 70
     1
102
RTVSPost2010Prop35
280
     0
102
RTVSPost2010PropOp35
 70
     1
102
RTVSPost2010Prop36
280
     0
102
RTVSPost2010PropOp36
 70
     1
102
RTVSPost2010Prop37
 90
       50
102
RTVSPost2010PropOp37
 70
     1
102
RTVSPost2010Prop38
140
0.0
102
RTVSPost2010PropOp38
 70
     1
102
RTVSPost2010Prop39
140
1.0
102
RTVSPost2010PropOp39
 70
     1
102
RTVSPost2010Prop40
 90
        0
102
RTVSPost2010PropOp40
 70
     1
102
RTVSPost2010Prop41ColorIndex
 90
       18
102
RTVSPost2010Prop41ColorRGB
 90
        0
102
RTVSPost2010PropOp41
 70
     1
102
RTVSPost2010Prop42
 90
       50
102
RTVSPost2010PropOp42
 70
     1
102
RTVSPost2010Prop43
 90
        3
102
RTVSPost2010PropOp43
 70
     1
102
RTVSPost2010Prop44ColorIndex
 90
        5
102
RTVSPost2010Prop44ColorRGB
 90
      255
102
RTVSPost2010PropOp44
 70
     1
102
RTVSPost2010Prop45
280
     0
102
RTVSPost2010PropOp45
 70
     1
102
RTVSPost2010Prop46
 90
       50
102
RTVSPost2010PropOp46
 70
     1
102
RTVSPost2010Prop47
 90
       50
102
RTVSPost2010PropOp47
 70
     1
102
RTVSPost2010Prop48
 90
       50
102
RTVSPost2010PropOp48
 70
     1
102
RTVSPost2010Prop49
280
     0
102
RTVSPost2010PropOp49
 70
     1
102
RTVSPost2010Prop50
 90
       50
102
RTVSPost2010PropOp50
 70
     1
102
RTVSPost2010Prop51ColorIndex
 90
      256
102
RTVSPost2010Prop51ColorRGB
 90
-16777216
102
RTVSPost2010PropOp51
 70
     0
102
RTVSPost2010Prop52
140
1.0
102
RTVSPost2010PropOp52
 70
     0
102
RTVSPost2010Prop53
 90
        2
102
RTVSPost2010PropOp53
 70
     1
102
RTVSPost2010Prop54
  1
strokes_ogs.tif
102
RTVSPost2010PropOp54
 70
     1
102
RTVSPost2010Prop55
280
     0
102
RTVSPost2010PropOp55
 70
     1
102
RTVSPost2010Prop56
140
1.0
102
RTVSPost2010PropOp56
 70
     1
102
RTVSPost2010Prop57
140
1.0
102
RTVSPost2010PropOp57
 70
     1
  0
XRECORD
  5
4B0
102
{ACAD_REACTORS
330
4AF
102
}
330
4AF
100
AcDbXrecord
280
     1
102
RTVSPropertyOp0
 70
     1
102
RTVSPropertyOp1
 70
     1
102
RTVSPropertyOp2
 70
     1
102
RTVSPropertyOp3
 70
     1
102
RTVSPropertyOp4
 70
     1
102
RTVSPropertyOp5
 70
     1
102
RTVSPropertyOp6
 70
     1
102
RTVSPropertyOp7
 70
     1
102
RTVSPropertyOp8
 70
     1
102
RTVSPropertyOp9
 70
     1
102
RTVSPropertyOp10
 70
     1
102
RTVSPropertyOp11
 70
     1
102
RTVSPropertyOp12
 70
     1
102
RTVSPropertyOp13
 70
     1
102
RTVSPropertyOp14
 70
     1
102
RTVSPropertyOp15
 70
     1
102
RTVSPropertyOp16
 70
     1
102
RTVSPropertyOp17
 70
     1
102
RTVSPropertyOp18
 70
     1
102
RTVSPropertyOp19
 70
     1
102
RTVSPropertyOp20
 70
     1
102
RTVSPropertyOp21
 70
     1
102
RTVSPropertyOp22
 70
     1
102
RTVSPropertyOp23
 70
     1
102
RTVSPropertyOp24
 70
     1
102
RTVSPropertyOp25
 70
     1
102
RTVSPropertyOp26
 70
     1
102
RTVSPropertyOp27
 70
     1
102
RTVSPropertyOp28
 70
     1
102
RTVSPropertyOp29
 70
     1
102
RTVSPropertyOp30
 70
     1
102
RTVSPropertyOp31
 70
     1
102
RTVSPropertyOp32
 70
     1
102
RTVSPropertyOp33
 70
     1
102
RTVSPropertyOp34
 70
     1
102
RTVSPropertyOp35
 70
     1
102
RTVSPropertyOp36
 70
     1
102
RTVSPropertyOp37
 70
     1
102
RTVSPropertyOp38
 70
     1
102
RTVSPropertyOp39
 70
     1
102
RTVSPropertyOp40
 70
     1
102
RTVSPropertyOp41
 70
     1
102
RTVSPropertyOp42
 70
     1
102
RTVSPropertyOp43
 70
     1
102
RTVSPropertyOp44
 70
     1
102
RTVSPropertyOp45
 70
     1
102
RTVSPropertyOp46
 70
     1
102
RTVSPropertyOp47
 70
     1
102
RTVSPropertyOp48
 70
     1
102
RTVSPropertyOp49
 70
     1
102
RTVSPropertyOp50
 70
     1
102
RTVSPropertyOp51
 70
     0
102
RTVSPropertyOp52
 70
     0
102
RTVSPropertyOp53
 70
     1
102
RTVSPropertyOp54
 70
     1
102
RTVSPropertyOp55
 70
     1
102
RTVSPropertyOp56
 70
     1
102
RTVSPropertyOp57
 70
     1
102
RTVSPost2010Prop28
280
     0
102
RTVSPost2010PropOp28
 70
     1
102
RTVSPost2010Prop29
280
     1
102
RTVSPost2010PropOp29
 70
     1
102
RTVSPost2010Prop30
280
     1
102
RTVSPost2010PropOp30
 70
     1
102
RTVSPost2010Prop31
280
     0
102
RTVSPost2010PropOp31
 70
     1
102
RTVSPost2010Prop32
280
     0
102
RTVSPost2010PropOp32
 70
     1
102
RTVSPost2010Prop33
280
     0
102
RTVSPost2010PropOp33
 70
     1
102
RTVSPost2010Prop34
280
     0
102
RTVSPost2010PropOp34
 70
     1
102
RTVSPost2010Prop35
280
     0
102
RTVSPost2010PropOp35
 70
     1
102
RTVSPost2010Prop36
280
     0
102
RTVSPost2010PropOp36
 70
     1
102
RTVSPost2010Prop37
 90
       50
102
RTVSPost2010PropOp37
 70
     1
102
RTVSPost2010Prop38
140
0.0
102
RTVSPost2010PropOp38
 70
     1
102
RTVSPost2010Prop39
140
1.0
102
RTVSPost2010PropOp39
 70
     1
102
RTVSPost2010Prop40
 90
        0
102
RTVSPost2010PropOp40
 70
     1
102
RTVSPost2010Prop41ColorIndex
 90
       18
102
RTVSPost2010Prop41ColorRGB
 90
        0
102
RTVSPost2010PropOp41
 70
     1
102
RTVSPost2010Prop42
 90
       50
102
RTVSPost2010PropOp42
 70
     1
102
RTVSPost2010Prop43
 90
        3
102
RTVSPost2010PropOp43
 70
     1
102
RTVSPost2010Prop44ColorIndex
 90
        5
102
RTVSPost2010Prop44ColorRGB
 90
      255
102
RTVSPost2010PropOp44
 70
     1
102
RTVSPost2010Prop45
280
     0
102
RTVSPost2010PropOp45
 70
     1
102
RTVSPost2010Prop46
 90
       50
102
RTVSPost2010PropOp46
 70
     1
102
RTVSPost2010Prop47
 90
       50
102
RTVSPost2010PropOp47
 70
     1
102
RTVSPost2010Prop48
 90
       50
102
RTVSPost2010PropOp48
 70
     1
102
RTVSPost2010Prop49
280
     0
102
RTVSPost2010PropOp49
 70
     1
102
RTVSPost2010Prop50
 90
       50
102
RTVSPost2010PropOp50
 70
     1
102
RTVSPost2010Prop51ColorIndex
 90
      256
102
RTVSPost2010Prop51ColorRGB
 90
-16777216
102
RTVSPost2010PropOp51
 70
     0
102
RTVSPost2010Prop52
140
1.0
102
RTVSPost2010PropOp52
 70
     0
102
RTVSPost2010Prop53
 90
        2
102
RTVSPost2010PropOp53
 70
     1
102
RTVSPost2010Prop54
  1
strokes_ogs.tif
102
RTVSPost2010PropOp54
 70
     1
102
RTVSPost2010Prop55
280
     0
102
RTVSPost2010PropOp55
 70
     1
102
RTVSPost2010Prop56
140
1.0
102
RTVSPost2010PropOp56
 70
     1
102
RTVSPost2010Prop57
140
1.0
102
RTVSPost2010PropOp57
 70
     1
  0
XRECORD
  5
4B6
102
{ACAD_REACTORS
330
4B5
102
}
330
4B5
100
AcDbXrecord
280
     1
102
RTVSPropertyOp0
 70
     1
102
RTVSPropertyOp1
 70
     1
102
RTVSPropertyOp2
 70
     1
102
RTVSPropertyOp3
 70
     1
102
RTVSPropertyOp4
 70
     1
102
RTVSPropertyOp5
 70
     1
102
RTVSPropertyOp6
 70
     1
102
RTVSPropertyOp7
 70
     1
102
RTVSPropertyOp8
 70
     1
102
RTVSPropertyOp9
 70
     1
102
RTVSPropertyOp10
 70
     1
102
RTVSPropertyOp11
 70
     1
102
RTVSPropertyOp12
 70
     1
102
RTVSPropertyOp13
 70
     1
102
RTVSPropertyOp14
 70
     1
102
RTVSPropertyOp15
 70
     1
102
RTVSPropertyOp16
 70
     1
102
RTVSPropertyOp17
 70
     1
102
RTVSPropertyOp18
 70
     1
102
RTVSPropertyOp19
 70
     1
102
RTVSPropertyOp20
 70
     1
102
RTVSPropertyOp21
 70
     1
102
RTVSPropertyOp22
 70
     1
102
RTVSPropertyOp23
 70
     1
102
RTVSPropertyOp24
 70
     1
102
RTVSPropertyOp25
 70
     1
102
RTVSPropertyOp26
 70
     1
102
RTVSPropertyOp27
 70
     1
102
RTVSPropertyOp28
 70
     1
102
RTVSPropertyOp29
 70
     1
102
RTVSPropertyOp30
 70
     1
102
RTVSPropertyOp31
 70
     1
102
RTVSPropertyOp32
 70
     1
102
RTVSPropertyOp33
 70
     1
102
RTVSPropertyOp34
 70
     1
102
RTVSPropertyOp35
 70
     1
102
RTVSPropertyOp36
 70
     1
102
RTVSPropertyOp37
 70
     1
102
RTVSPropertyOp38
 70
     1
102
RTVSPropertyOp39
 70
     1
102
RTVSPropertyOp40
 70
     1
102
RTVSPropertyOp41
 70
     1
102
RTVSPropertyOp42
 70
     1
102
RTVSPropertyOp43
 70
     1
102
RTVSPropertyOp44
 70
     1
102
RTVSPropertyOp45
 70
     1
102
RTVSPropertyOp46
 70
     1
102
RTVSPropertyOp47
 70
     1
102
RTVSPropertyOp48
 70
     1
102
RTVSPropertyOp49
 70
     1
102
RTVSPropertyOp50
 70
     1
102
RTVSPropertyOp51
 70
     0
102
RTVSPropertyOp52
 70
     0
102
RTVSPropertyOp53
 70
     1
102
RTVSPropertyOp54
 70
     1
102
RTVSPropertyOp55
 70
     1
102
RTVSPropertyOp56
 70
     1
102
RTVSPropertyOp57
 70
     1
102
RTVSPost2010Prop28
280
     0
102
RTVSPost2010PropOp28
 70
     1
102
RTVSPost2010Prop29
280
     1
102
RTVSPost2010PropOp29
 70
     1
102
RTVSPost2010Prop30
280
     1
102
RTVSPost2010PropOp30
 70
     1
102
RTVSPost2010Prop31
280
     0
102
RTVSPost2010PropOp31
 70
     1
102
RTVSPost2010Prop32
280
     0
102
RTVSPost2010PropOp32
 70
     1
102
RTVSPost2010Prop33
280
     0
102
RTVSPost2010PropOp33
 70
     1
102
RTVSPost2010Prop34
280
     0
102
RTVSPost2010PropOp34
 70
     1
102
RTVSPost2010Prop35
280
     0
102
RTVSPost2010PropOp35
 70
     1
102
RTVSPost2010Prop36
280
     0
102
RTVSPost2010PropOp36
 70
     1
102
RTVSPost2010Prop37
 90
       50
102
RTVSPost2010PropOp37
 70
     1
102
RTVSPost2010Prop38
140
0.0
102
RTVSPost2010PropOp38
 70
     1
102
RTVSPost2010Prop39
140
1.0
102
RTVSPost2010PropOp39
 70
     1
102
RTVSPost2010Prop40
 90
        0
102
RTVSPost2010PropOp40
 70
     1
102
RTVSPost2010Prop41ColorIndex
 90
       18
102
RTVSPost2010Prop41ColorRGB
 90
        0
102
RTVSPost2010PropOp41
 70
     1
102
RTVSPost2010Prop42
 90
       50
102
RTVSPost2010PropOp42
 70
     1
102
RTVSPost2010Prop43
 90
        3
102
RTVSPost2010PropOp43
 70
     1
102
RTVSPost2010Prop44ColorIndex
 90
        5
102
RTVSPost2010Prop44ColorRGB
 90
      255
102
RTVSPost2010PropOp44
 70
     1
102
RTVSPost2010Prop45
280
     0
102
RTVSPost2010PropOp45
 70
     1
102
RTVSPost2010Prop46
 90
       50
102
RTVSPost2010PropOp46
 70
     1
102
RTVSPost2010Prop47
 90
       50
102
RTVSPost2010PropOp47
 70
     1
102
RTVSPost2010Prop48
 90
       50
102
RTVSPost2010PropOp48
 70
     1
102
RTVSPost2010Prop49
280
     0
102
RTVSPost2010PropOp49
 70
     1
102
RTVSPost2010Prop50
 90
       50
102
RTVSPost2010PropOp50
 70
     1
102
RTVSPost2010Prop51ColorIndex
 90
      256
102
RTVSPost2010Prop51ColorRGB
 90
-16777216
102
RTVSPost2010PropOp51
 70
     0
102
RTVSPost2010Prop52
140
1.0
102
RTVSPost2010PropOp52
 70
     0
102
RTVSPost2010Prop53
 90
        2
102
RTVSPost2010PropOp53
 70
     1
102
RTVSPost2010Prop54
  1
strokes_ogs.tif
102
RTVSPost2010PropOp54
 70
     1
102
RTVSPost2010Prop55
280
     0
102
RTVSPost2010PropOp55
 70
     1
102
RTVSPost2010Prop56
140
1.0
102
RTVSPost2010PropOp56
 70
     1
102
RTVSPost2010Prop57
140
1.0
102
RTVSPost2010PropOp57
 70
     1
  0
XRECORD
  5
4CA
102
{ACAD_REACTORS
330
4C9
102
}
330
4C9
100
AcDbXrecord
280
     1
102
RTVSPropertyOp0
 70
     0
102
RTVSPropertyOp1
 70
     0
102
RTVSPropertyOp2
 70
     0
102
RTVSPropertyOp3
 70
     0
102
RTVSPropertyOp4
 70
     0
102
RTVSPropertyOp5
 70
     0
102
RTVSPropertyOp6
 70
     0
102
RTVSPropertyOp7
 70
     0
102
RTVSPropertyOp8
 70
     0
102
RTVSPropertyOp9
 70
     0
102
RTVSPropertyOp10
 70
     0
102
RTVSPropertyOp11
 70
     0
102
RTVSPropertyOp12
 70
     0
102
RTVSPropertyOp13
 70
     0
102
RTVSPropertyOp14
 70
     2
102
RTVSPropertyOp15
 70
     0
102
RTVSPropertyOp16
 70
     0
102
RTVSPropertyOp17
 70
     0
102
RTVSPropertyOp18
 70
     0
102
RTVSPropertyOp19
 70
     0
102
RTVSPropertyOp20
 70
     0
102
RTVSPropertyOp21
 70
     0
102
RTVSPropertyOp22
 70
     0
102
RTVSPropertyOp23
 70
     0
102
RTVSPropertyOp24
 70
     0
102
RTVSPropertyOp25
 70
     0
102
RTVSPropertyOp26
 70
     0
102
RTVSPropertyOp27
 70
     0
102
RTVSPropertyOp28
 70
     0
102
RTVSPropertyOp29
 70
     0
102
RTVSPropertyOp30
 70
     0
102
RTVSPropertyOp31
 70
     0
102
RTVSPropertyOp32
 70
     0
102
RTVSPropertyOp33
 70
     0
102
RTVSPropertyOp34
 70
     0
102
RTVSPropertyOp35
 70
     0
102
RTVSPropertyOp36
 70
     0
102
RTVSPropertyOp37
 70
     0
102
RTVSPropertyOp38
 70
     0
102
RTVSPropertyOp39
 70
     0
102
RTVSPropertyOp40
 70
     0
102
RTVSPropertyOp41
 70
     0
102
RTVSPropertyOp42
 70
     0
102
RTVSPropertyOp43
 70
     0
102
RTVSPropertyOp44
 70
     0
102
RTVSPropertyOp45
 70
     0
102
RTVSPropertyOp46
 70
     0
102
RTVSPropertyOp47
 70
     0
102
RTVSPropertyOp48
 70
     0
102
RTVSPropertyOp49
 70
     0
102
RTVSPropertyOp50
 70
     0
102
RTVSPropertyOp51
 70
     0
102
RTVSPropertyOp52
 70
     0
102
RTVSPropertyOp53
 70
     0
102
RTVSPropertyOp54
 70
     0
102
RTVSPropertyOp55
 70
     0
102
RTVSPropertyOp56
 70
     0
102
RTVSPropertyOp57
 70
     0
102
RTVSPost2010Prop28
280
     0
102
RTVSPost2010PropOp28
 70
     0
102
RTVSPost2010Prop29
280
     1
102
RTVSPost2010PropOp29
 70
     0
102
RTVSPost2010Prop30
280
     1
102
RTVSPost2010PropOp30
 70
     0
102
RTVSPost2010Prop31
280
     0
102
RTVSPost2010PropOp31
 70
     0
102
RTVSPost2010Prop32
280
     0
102
RTVSPost2010PropOp32
 70
     0
102
RTVSPost2010Prop33
280
     0
102
RTVSPost2010PropOp33
 70
     0
102
RTVSPost2010Prop34
280
     0
102
RTVSPost2010PropOp34
 70
     0
102
RTVSPost2010Prop35
280
     0
102
RTVSPost2010PropOp35
 70
     0
102
RTVSPost2010Prop36
280
     0
102
RTVSPost2010PropOp36
 70
     0
102
RTVSPost2010Prop37
 90
       50
102
RTVSPost2010PropOp37
 70
     0
102
RTVSPost2010Prop38
140
0.0
102
RTVSPost2010PropOp38
 70
     0
102
RTVSPost2010Prop39
140
1.0
102
RTVSPost2010PropOp39
 70
     0
102
RTVSPost2010Prop40
 90
        0
102
RTVSPost2010PropOp40
 70
     0
102
RTVSPost2010Prop41ColorIndex
 90
       18
102
RTVSPost2010Prop41ColorRGB
 90
        0
102
RTVSPost2010PropOp41
 70
     0
102
RTVSPost2010Prop42
 90
       50
102
RTVSPost2010PropOp42
 70
     0
102
RTVSPost2010Prop43
 90
        3
102
RTVSPost2010PropOp43
 70
     0
102
RTVSPost2010Prop44ColorIndex
 90
        5
102
RTVSPost2010Prop44ColorRGB
 90
      255
102
RTVSPost2010PropOp44
 70
     0
102
RTVSPost2010Prop45
280
     0
102
RTVSPost2010PropOp45
 70
     0
102
RTVSPost2010Prop46
 90
       50
102
RTVSPost2010PropOp46
 70
     0
102
RTVSPost2010Prop47
 90
       50
102
RTVSPost2010PropOp47
 70
     0
102
RTVSPost2010Prop48
 90
       50
102
RTVSPost2010PropOp48
 70
     0
102
RTVSPost2010Prop49
280
     0
102
RTVSPost2010PropOp49
 70
     0
102
RTVSPost2010Prop50
 90
       50
102
RTVSPost2010PropOp50
 70
     0
102
RTVSPost2010Prop51ColorIndex
 90
      256
102
RTVSPost2010Prop51ColorRGB
 90
-16777216
102
RTVSPost2010PropOp51
 70
     0
102
RTVSPost2010Prop52
140
1.0
102
RTVSPost2010PropOp52
 70
     0
102
RTVSPost2010Prop53
 90
        2
102
RTVSPost2010PropOp53
 70
     0
102
RTVSPost2010Prop54
  1
strokes_ogs.tif
102
RTVSPost2010PropOp54
 70
     0
102
RTVSPost2010Prop55
280
     0
102
RTVSPost2010PropOp55
 70
     0
102
RTVSPost2010Prop56
140
1.0
102
RTVSPost2010PropOp56
 70
     0
102
RTVSPost2010Prop57
140
1.0
102
RTVSPost2010PropOp57
 70
     0
  0
XRECORD
  5
4C4
102
{ACAD_REACTORS
330
4C3
102
}
330
4C3
100
AcDbXrecord
280
     1
102
RTVSPropertyOp0
 70
     1
102
RTVSPropertyOp1
 70
     1
102
RTVSPropertyOp2
 70
     1
102
RTVSPropertyOp3
 70
     1
102
RTVSPropertyOp4
 70
     1
102
RTVSPropertyOp5
 70
     1
102
RTVSPropertyOp6
 70
     1
102
RTVSPropertyOp7
 70
     1
102
RTVSPropertyOp8
 70
     1
102
RTVSPropertyOp9
 70
     1
102
RTVSPropertyOp10
 70
     1
102
RTVSPropertyOp11
 70
     1
102
RTVSPropertyOp12
 70
     1
102
RTVSPropertyOp13
 70
     1
102
RTVSPropertyOp14
 70
     1
102
RTVSPropertyOp15
 70
     1
102
RTVSPropertyOp16
 70
     1
102
RTVSPropertyOp17
 70
     1
102
RTVSPropertyOp18
 70
     1
102
RTVSPropertyOp19
 70
     1
102
RTVSPropertyOp20
 70
     1
102
RTVSPropertyOp21
 70
     1
102
RTVSPropertyOp22
 70
     1
102
RTVSPropertyOp23
 70
     1
102
RTVSPropertyOp24
 70
     1
102
RTVSPropertyOp25
 70
     1
102
RTVSPropertyOp26
 70
     1
102
RTVSPropertyOp27
 70
     1
102
RTVSPropertyOp28
 70
     1
102
RTVSPropertyOp29
 70
     1
102
RTVSPropertyOp30
 70
     1
102
RTVSPropertyOp31
 70
     1
102
RTVSPropertyOp32
 70
     1
102
RTVSPropertyOp33
 70
     1
102
RTVSPropertyOp34
 70
     1
102
RTVSPropertyOp35
 70
     1
102
RTVSPropertyOp36
 70
     1
102
RTVSPropertyOp37
 70
     1
102
RTVSPropertyOp38
 70
     1
102
RTVSPropertyOp39
 70
     1
102
RTVSPropertyOp40
 70
     1
102
RTVSPropertyOp41
 70
     1
102
RTVSPropertyOp42
 70
     1
102
RTVSPropertyOp43
 70
     1
102
RTVSPropertyOp44
 70
     1
102
RTVSPropertyOp45
 70
     1
102
RTVSPropertyOp46
 70
     1
102
RTVSPropertyOp47
 70
     1
102
RTVSPropertyOp48
 70
     1
102
RTVSPropertyOp49
 70
     1
102
RTVSPropertyOp50
 70
     1
102
RTVSPropertyOp51
 70
     0
102
RTVSPropertyOp52
 70
     0
102
RTVSPropertyOp53
 70
     1
102
RTVSPropertyOp54
 70
     1
102
RTVSPropertyOp55
 70
     1
102
RTVSPropertyOp56
 70
     1
102
RTVSPropertyOp57
 70
     1
102
RTVSPost2010Prop28
280
     0
102
RTVSPost2010PropOp28
 70
     1
102
RTVSPost2010Prop29
280
     1
102
RTVSPost2010PropOp29
 70
     1
102
RTVSPost2010Prop30
280
     1
102
RTVSPost2010PropOp30
 70
     1
102
RTVSPost2010Prop31
280
     0
102
RTVSPost2010PropOp31
 70
     1
102
RTVSPost2010Prop32
280
     0
102
RTVSPost2010PropOp32
 70
     1
102
RTVSPost2010Prop33
280
     0
102
RTVSPost2010PropOp33
 70
     1
102
RTVSPost2010Prop34
280
     0
102
RTVSPost2010PropOp34
 70
     1
102
RTVSPost2010Prop35
280
     0
102
RTVSPost2010PropOp35
 70
     1
102
RTVSPost2010Prop36
280
     0
102
RTVSPost2010PropOp36
 70
     1
102
RTVSPost2010Prop37
 90
       50
102
RTVSPost2010PropOp37
 70
     1
102
RTVSPost2010Prop38
140
0.0
102
RTVSPost2010PropOp38
 70
     1
102
RTVSPost2010Prop39
140
1.0
102
RTVSPost2010PropOp39
 70
     1
102
RTVSPost2010Prop40
 90
        0
102
RTVSPost2010PropOp40
 70
     1
102
RTVSPost2010Prop41ColorIndex
 90
       18
102
RTVSPost2010Prop41ColorRGB
 90
        0
102
RTVSPost2010PropOp41
 70
     1
102
RTVSPost2010Prop42
 90
       50
102
RTVSPost2010PropOp42
 70
     1
102
RTVSPost2010Prop43
 90
        3
102
RTVSPost2010PropOp43
 70
     1
102
RTVSPost2010Prop44ColorIndex
 90
        5
102
RTVSPost2010Prop44ColorRGB
 90
      255
102
RTVSPost2010PropOp44
 70
     1
102
RTVSPost2010Prop45
280
     0
102
RTVSPost2010PropOp45
 70
     1
102
RTVSPost2010Prop46
 90
       50
102
RTVSPost2010PropOp46
 70
     1
102
RTVSPost2010Prop47
 90
       50
102
RTVSPost2010PropOp47
 70
     1
102
RTVSPost2010Prop48
 90
       50
102
RTVSPost2010PropOp48
 70
     1
102
RTVSPost2010Prop49
280
     0
102
RTVSPost2010PropOp49
 70
     1
102
RTVSPost2010Prop50
 90
       50
102
RTVSPost2010PropOp50
 70
     1
102
RTVSPost2010Prop51ColorIndex
 90
      256
102
RTVSPost2010Prop51ColorRGB
 90
-16777216
102
RTVSPost2010PropOp51
 70
     0
102
RTVSPost2010Prop52
140
1.0
102
RTVSPost2010PropOp52
 70
     0
102
RTVSPost2010Prop53
 90
        2
102
RTVSPost2010PropOp53
 70
     1
102
RTVSPost2010Prop54
  1
strokes_ogs.tif
102
RTVSPost2010PropOp54
 70
     1
102
RTVSPost2010Prop55
280
     0
102
RTVSPost2010PropOp55
 70
     1
102
RTVSPost2010Prop56
140
1.0
102
RTVSPost2010PropOp56
 70
     1
102
RTVSPost2010Prop57
140
1.0
102
RTVSPost2010PropOp57
 70
     1
  0
XRECORD
  5
4CC
102
{ACAD_REACTORS
330
4CB
102
}
330
4CB
100
AcDbXrecord
280
     1
102
RTVSPropertyOp0
 70
     0
102
RTVSPropertyOp1
 70
     0
102
RTVSPropertyOp2
 70
     0
102
RTVSPropertyOp3
 70
     0
102
RTVSPropertyOp4
 70
     0
102
RTVSPropertyOp5
 70
     0
102
RTVSPropertyOp6
 70
     0
102
RTVSPropertyOp7
 70
     0
102
RTVSPropertyOp8
 70
     0
102
RTVSPropertyOp9
 70
     0
102
RTVSPropertyOp10
 70
     0
102
RTVSPropertyOp11
 70
     0
102
RTVSPropertyOp12
 70
     0
102
RTVSPropertyOp13
 70
     0
102
RTVSPropertyOp14
 70
     2
102
RTVSPropertyOp15
 70
     0
102
RTVSPropertyOp16
 70
     0
102
RTVSPropertyOp17
 70
     0
102
RTVSPropertyOp18
 70
     0
102
RTVSPropertyOp19
 70
     0
102
RTVSPropertyOp20
 70
     0
102
RTVSPropertyOp21
 70
     0
102
RTVSPropertyOp22
 70
     0
102
RTVSPropertyOp23
 70
     0
102
RTVSPropertyOp24
 70
     0
102
RTVSPropertyOp25
 70
     0
102
RTVSPropertyOp26
 70
     0
102
RTVSPropertyOp27
 70
     0
102
RTVSPropertyOp28
 70
     0
102
RTVSPropertyOp29
 70
     0
102
RTVSPropertyOp30
 70
     0
102
RTVSPropertyOp31
 70
     0
102
RTVSPropertyOp32
 70
     0
102
RTVSPropertyOp33
 70
     0
102
RTVSPropertyOp34
 70
     0
102
RTVSPropertyOp35
 70
     0
102
RTVSPropertyOp36
 70
     0
102
RTVSPropertyOp37
 70
     0
102
RTVSPropertyOp38
 70
     0
102
RTVSPropertyOp39
 70
     0
102
RTVSPropertyOp40
 70
     0
102
RTVSPropertyOp41
 70
     0
102
RTVSPropertyOp42
 70
     0
102
RTVSPropertyOp43
 70
     0
102
RTVSPropertyOp44
 70
     0
102
RTVSPropertyOp45
 70
     0
102
RTVSPropertyOp46
 70
     0
102
RTVSPropertyOp47
 70
     0
102
RTVSPropertyOp48
 70
     0
102
RTVSPropertyOp49
 70
     0
102
RTVSPropertyOp50
 70
     0
102
RTVSPropertyOp51
 70
     0
102
RTVSPropertyOp52
 70
     0
102
RTVSPropertyOp53
 70
     0
102
RTVSPropertyOp54
 70
     0
102
RTVSPropertyOp55
 70
     0
102
RTVSPropertyOp56
 70
     0
102
RTVSPropertyOp57
 70
     0
102
RTVSPost2010Prop28
280
     0
102
RTVSPost2010PropOp28
 70
     0
102
RTVSPost2010Prop29
280
     1
102
RTVSPost2010PropOp29
 70
     0
102
RTVSPost2010Prop30
280
     1
102
RTVSPost2010PropOp30
 70
     0
102
RTVSPost2010Prop31
280
     0
102
RTVSPost2010PropOp31
 70
     0
102
RTVSPost2010Prop32
280
     0
102
RTVSPost2010PropOp32
 70
     0
102
RTVSPost2010Prop33
280
     0
102
RTVSPost2010PropOp33
 70
     0
102
RTVSPost2010Prop34
280
     0
102
RTVSPost2010PropOp34
 70
     0
102
RTVSPost2010Prop35
280
     0
102
RTVSPost2010PropOp35
 70
     0
102
RTVSPost2010Prop36
280
     0
102
RTVSPost2010PropOp36
 70
     0
102
RTVSPost2010Prop37
 90
       50
102
RTVSPost2010PropOp37
 70
     0
102
RTVSPost2010Prop38
140
0.0
102
RTVSPost2010PropOp38
 70
     0
102
RTVSPost2010Prop39
140
1.0
102
RTVSPost2010PropOp39
 70
     0
102
RTVSPost2010Prop40
 90
        0
102
RTVSPost2010PropOp40
 70
     0
102
RTVSPost2010Prop41ColorIndex
 90
       18
102
RTVSPost2010Prop41ColorRGB
 90
        0
102
RTVSPost2010PropOp41
 70
     0
102
RTVSPost2010Prop42
 90
       50
102
RTVSPost2010PropOp42
 70
     0
102
RTVSPost2010Prop43
 90
        3
102
RTVSPost2010PropOp43
 70
     0
102
RTVSPost2010Prop44ColorIndex
 90
        5
102
RTVSPost2010Prop44ColorRGB
 90
      255
102
RTVSPost2010PropOp44
 70
     0
102
RTVSPost2010Prop45
280
     0
102
RTVSPost2010PropOp45
 70
     0
102
RTVSPost2010Prop46
 90
       50
102
RTVSPost2010PropOp46
 70
     0
102
RTVSPost2010Prop47
 90
       50
102
RTVSPost2010PropOp47
 70
     0
102
RTVSPost2010Prop48
 90
       50
102
RTVSPost2010PropOp48
 70
     0
102
RTVSPost2010Prop49
280
     0
102
RTVSPost2010PropOp49
 70
     0
102
RTVSPost2010Prop50
 90
       50
102
RTVSPost2010PropOp50
 70
     0
102
RTVSPost2010Prop51ColorIndex
 90
      256
102
RTVSPost2010Prop51ColorRGB
 90
-16777216
102
RTVSPost2010PropOp51
 70
     0
102
RTVSPost2010Prop52
140
1.0
102
RTVSPost2010PropOp52
 70
     0
102
RTVSPost2010Prop53
 90
        2
102
RTVSPost2010PropOp53
 70
     0
102
RTVSPost2010Prop54
  1
strokes_ogs.tif
102
RTVSPost2010PropOp54
 70
     0
102
RTVSPost2010Prop55
280
     0
102
RTVSPost2010PropOp55
 70
     0
102
RTVSPost2010Prop56
140
1.0
102
RTVSPost2010PropOp56
 70
     0
102
RTVSPost2010Prop57
140
1.0
102
RTVSPost2010PropOp57
 70
     0
  0
XRECORD
  5
4BA
102
{ACAD_REACTORS
330
4B9
102
}
330
4B9
100
AcDbXrecord
280
     1
102
RTVSPropertyOp0
 70
     1
102
RTVSPropertyOp1
 70
     1
102
RTVSPropertyOp2
 70
     1
102
RTVSPropertyOp3
 70
     1
102
RTVSPropertyOp4
 70
     1
102
RTVSPropertyOp5
 70
     1
102
RTVSPropertyOp6
 70
     1
102
RTVSPropertyOp7
 70
     1
102
RTVSPropertyOp8
 70
     1
102
RTVSPropertyOp9
 70
     1
102
RTVSPropertyOp10
 70
     1
102
RTVSPropertyOp11
 70
     1
102
RTVSPropertyOp12
 70
     1
102
RTVSPropertyOp13
 70
     1
102
RTVSPropertyOp14
 70
     1
102
RTVSPropertyOp15
 70
     1
102
RTVSPropertyOp16
 70
     1
102
RTVSPropertyOp17
 70
     1
102
RTVSPropertyOp18
 70
     1
102
RTVSPropertyOp19
 70
     1
102
RTVSPropertyOp20
 70
     1
102
RTVSPropertyOp21
 70
     1
102
RTVSPropertyOp22
 70
     1
102
RTVSPropertyOp23
 70
     1
102
RTVSPropertyOp24
 70
     1
102
RTVSPropertyOp25
 70
     1
102
RTVSPropertyOp26
 70
     1
102
RTVSPropertyOp27
 70
     1
102
RTVSPropertyOp28
 70
     1
102
RTVSPropertyOp29
 70
     1
102
RTVSPropertyOp30
 70
     1
102
RTVSPropertyOp31
 70
     1
102
RTVSPropertyOp32
 70
     1
102
RTVSPropertyOp33
 70
     1
102
RTVSPropertyOp34
 70
     1
102
RTVSPropertyOp35
 70
     1
102
RTVSPropertyOp36
 70
     1
102
RTVSPropertyOp37
 70
     1
102
RTVSPropertyOp38
 70
     1
102
RTVSPropertyOp39
 70
     1
102
RTVSPropertyOp40
 70
     1
102
RTVSPropertyOp41
 70
     1
102
RTVSPropertyOp42
 70
     1
102
RTVSPropertyOp43
 70
     1
102
RTVSPropertyOp44
 70
     1
102
RTVSPropertyOp45
 70
     1
102
RTVSPropertyOp46
 70
     1
102
RTVSPropertyOp47
 70
     1
102
RTVSPropertyOp48
 70
     1
102
RTVSPropertyOp49
 70
     1
102
RTVSPropertyOp50
 70
     1
102
RTVSPropertyOp51
 70
     0
102
RTVSPropertyOp52
 70
     0
102
RTVSPropertyOp53
 70
     1
102
RTVSPropertyOp54
 70
     1
102
RTVSPropertyOp55
 70
     1
102
RTVSPropertyOp56
 70
     1
102
RTVSPropertyOp57
 70
     1
102
RTVSPost2010Prop28
280
     0
102
RTVSPost2010PropOp28
 70
     1
102
RTVSPost2010Prop29
280
     1
102
RTVSPost2010PropOp29
 70
     1
102
RTVSPost2010Prop30
280
     1
102
RTVSPost2010PropOp30
 70
     1
102
RTVSPost2010Prop31
280
     0
102
RTVSPost2010PropOp31
 70
     1
102
RTVSPost2010Prop32
280
     0
102
RTVSPost2010PropOp32
 70
     1
102
RTVSPost2010Prop33
280
     0
102
RTVSPost2010PropOp33
 70
     1
102
RTVSPost2010Prop34
280
     0
102
RTVSPost2010PropOp34
 70
     1
102
RTVSPost2010Prop35
280
     0
102
RTVSPost2010PropOp35
 70
     1
102
RTVSPost2010Prop36
280
     0
102
RTVSPost2010PropOp36
 70
     1
102
RTVSPost2010Prop37
 90
       50
102
RTVSPost2010PropOp37
 70
     1
102
RTVSPost2010Prop38
140
0.0
102
RTVSPost2010PropOp38
 70
     1
102
RTVSPost2010Prop39
140
1.0
102
RTVSPost2010PropOp39
 70
     1
102
RTVSPost2010Prop40
 90
        0
102
RTVSPost2010PropOp40
 70
     1
102
RTVSPost2010Prop41ColorIndex
 90
       18
102
RTVSPost2010Prop41ColorRGB
 90
        0
102
RTVSPost2010PropOp41
 70
     1
102
RTVSPost2010Prop42
 90
       50
102
RTVSPost2010PropOp42
 70
     1
102
RTVSPost2010Prop43
 90
        3
102
RTVSPost2010PropOp43
 70
     1
102
RTVSPost2010Prop44ColorIndex
 90
        5
102
RTVSPost2010Prop44ColorRGB
 90
      255
102
RTVSPost2010PropOp44
 70
     1
102
RTVSPost2010Prop45
280
     0
102
RTVSPost2010PropOp45
 70
     1
102
RTVSPost2010Prop46
 90
       50
102
RTVSPost2010PropOp46
 70
     1
102
RTVSPost2010Prop47
 90
       50
102
RTVSPost2010PropOp47
 70
     1
102
RTVSPost2010Prop48
 90
       50
102
RTVSPost2010PropOp48
 70
     1
102
RTVSPost2010Prop49
280
     0
102
RTVSPost2010PropOp49
 70
     1
102
RTVSPost2010Prop50
 90
       50
102
RTVSPost2010PropOp50
 70
     1
102
RTVSPost2010Prop51ColorIndex
 90
      256
102
RTVSPost2010Prop51ColorRGB
 90
-16777216
102
RTVSPost2010PropOp51
 70
     0
102
RTVSPost2010Prop52
140
1.0
102
RTVSPost2010PropOp52
 70
     0
102
RTVSPost2010Prop53
 90
        2
102
RTVSPost2010PropOp53
 70
     1
102
RTVSPost2010Prop54
  1
strokes_ogs.tif
102
RTVSPost2010PropOp54
 70
     1
102
RTVSPost2010Prop55
280
     0
102
RTVSPost2010PropOp55
 70
     1
102
RTVSPost2010Prop56
140
1.0
102
RTVSPost2010PropOp56
 70
     1
102
RTVSPost2010Prop57
140
1.0
102
RTVSPost2010PropOp57
 70
     1
  0
XRECORD
  5
4D8
102
{ACAD_REACTORS
330
4D7
102
}
330
4D7
100
AcDbXrecord
280
     1
102
RTVSPropertyOp0
 70
     1
102
RTVSPropertyOp1
 70
     1
102
RTVSPropertyOp2
 70
     1
102
RTVSPropertyOp3
 70
     1
102
RTVSPropertyOp4
 70
     1
102
RTVSPropertyOp5
 70
     1
102
RTVSPropertyOp6
 70
     1
102
RTVSPropertyOp7
 70
     1
102
RTVSPropertyOp8
 70
     1
102
RTVSPropertyOp9
 70
     1
102
RTVSPropertyOp10
 70
     1
102
RTVSPropertyOp11
 70
     1
102
RTVSPropertyOp12
 70
     1
102
RTVSPropertyOp13
 70
     1
102
RTVSPropertyOp14
 70
     1
102
RTVSPropertyOp15
 70
     1
102
RTVSPropertyOp16
 70
     1
102
RTVSPropertyOp17
 70
     1
102
RTVSPropertyOp18
 70
     1
102
RTVSPropertyOp19
 70
     1
102
RTVSPropertyOp20
 70
     1
102
RTVSPropertyOp21
 70
     1
102
RTVSPropertyOp22
 70
     1
102
RTVSPropertyOp23
 70
     1
102
RTVSPropertyOp24
 70
     1
102
RTVSPropertyOp25
 70
     1
102
RTVSPropertyOp26
 70
     1
102
RTVSPropertyOp27
 70
     1
102
RTVSPropertyOp28
 70
     1
102
RTVSPropertyOp29
 70
     1
102
RTVSPropertyOp30
 70
     1
102
RTVSPropertyOp31
 70
     1
102
RTVSPropertyOp32
 70
     1
102
RTVSPropertyOp33
 70
     1
102
RTVSPropertyOp34
 70
     1
102
RTVSPropertyOp35
 70
     1
102
RTVSPropertyOp36
 70
     1
102
RTVSPropertyOp37
 70
     1
102
RTVSPropertyOp38
 70
     1
102
RTVSPropertyOp39
 70
     1
102
RTVSPropertyOp40
 70
     1
102
RTVSPropertyOp41
 70
     1
102
RTVSPropertyOp42
 70
     1
102
RTVSPropertyOp43
 70
     1
102
RTVSPropertyOp44
 70
     1
102
RTVSPropertyOp45
 70
     1
102
RTVSPropertyOp46
 70
     1
102
RTVSPropertyOp47
 70
     1
102
RTVSPropertyOp48
 70
     1
102
RTVSPropertyOp49
 70
     1
102
RTVSPropertyOp50
 70
     1
102
RTVSPropertyOp51
 70
     0
102
RTVSPropertyOp52
 70
     0
102
RTVSPropertyOp53
 70
     1
102
RTVSPropertyOp54
 70
     1
102
RTVSPropertyOp55
 70
     1
102
RTVSPropertyOp56
 70
     1
102
RTVSPropertyOp57
 70
     1
102
RTVSPost2010Prop28
280
     0
102
RTVSPost2010PropOp28
 70
     1
102
RTVSPost2010Prop29
280
     1
102
RTVSPost2010PropOp29
 70
     1
102
RTVSPost2010Prop30
280
     1
102
RTVSPost2010PropOp30
 70
     1
102
RTVSPost2010Prop31
280
     0
102
RTVSPost2010PropOp31
 70
     1
102
RTVSPost2010Prop32
280
     0
102
RTVSPost2010PropOp32
 70
     1
102
RTVSPost2010Prop33
280
     0
102
RTVSPost2010PropOp33
 70
     1
102
RTVSPost2010Prop34
280
     0
102
RTVSPost2010PropOp34
 70
     1
102
RTVSPost2010Prop35
280
     0
102
RTVSPost2010PropOp35
 70
     1
102
RTVSPost2010Prop36
280
     0
102
RTVSPost2010PropOp36
 70
     1
102
RTVSPost2010Prop37
 90
       50
102
RTVSPost2010PropOp37
 70
     1
102
RTVSPost2010Prop38
140
0.0
102
RTVSPost2010PropOp38
 70
     1
102
RTVSPost2010Prop39
140
1.0
102
RTVSPost2010PropOp39
 70
     1
102
RTVSPost2010Prop40
 90
        0
102
RTVSPost2010PropOp40
 70
     1
102
RTVSPost2010Prop41ColorIndex
 90
       18
102
RTVSPost2010Prop41ColorRGB
 90
        0
102
RTVSPost2010PropOp41
 70
     1
102
RTVSPost2010Prop42
 90
       50
102
RTVSPost2010PropOp42
 70
     1
102
RTVSPost2010Prop43
 90
        3
102
RTVSPost2010PropOp43
 70
     1
102
RTVSPost2010Prop44ColorIndex
 90
        5
102
RTVSPost2010Prop44ColorRGB
 90
      255
102
RTVSPost2010PropOp44
 70
     1
102
RTVSPost2010Prop45
280
     0
102
RTVSPost2010PropOp45
 70
     1
102
RTVSPost2010Prop46
 90
       50
102
RTVSPost2010PropOp46
 70
     1
102
RTVSPost2010Prop47
 90
       50
102
RTVSPost2010PropOp47
 70
     1
102
RTVSPost2010Prop48
 90
       50
102
RTVSPost2010PropOp48
 70
     1
102
RTVSPost2010Prop49
280
     0
102
RTVSPost2010PropOp49
 70
     1
102
RTVSPost2010Prop50
 90
       50
102
RTVSPost2010PropOp50
 70
     1
102
RTVSPost2010Prop51ColorIndex
 90
      256
102
RTVSPost2010Prop51ColorRGB
 90
-16777216
102
RTVSPost2010PropOp51
 70
     0
102
RTVSPost2010Prop52
140
1.0
102
RTVSPost2010PropOp52
 70
     0
102
RTVSPost2010Prop53
 90
        2
102
RTVSPost2010PropOp53
 70
     1
102
RTVSPost2010Prop54
  1
strokes_ogs.tif
102
RTVSPost2010PropOp54
 70
     1
102
RTVSPost2010Prop55
280
     0
102
RTVSPost2010PropOp55
 70
     1
102
RTVSPost2010Prop56
140
1.0
102
RTVSPost2010PropOp56
 70
     1
102
RTVSPost2010Prop57
140
1.0
102
RTVSPost2010PropOp57
 70
     1
  0
XRECORD
  5
4D6
102
{ACAD_REACTORS
330
4D5
102
}
330
4D5
100
AcDbXrecord
280
     1
102
RTVSPropertyOp0
 70
     1
102
RTVSPropertyOp1
 70
     1
102
RTVSPropertyOp2
 70
     1
102
RTVSPropertyOp3
 70
     1
102
RTVSPropertyOp4
 70
     1
102
RTVSPropertyOp5
 70
     1
102
RTVSPropertyOp6
 70
     1
102
RTVSPropertyOp7
 70
     1
102
RTVSPropertyOp8
 70
     1
102
RTVSPropertyOp9
 70
     1
102
RTVSPropertyOp10
 70
     1
102
RTVSPropertyOp11
 70
     1
102
RTVSPropertyOp12
 70
     1
102
RTVSPropertyOp13
 70
     1
102
RTVSPropertyOp14
 70
     1
102
RTVSPropertyOp15
 70
     1
102
RTVSPropertyOp16
 70
     1
102
RTVSPropertyOp17
 70
     1
102
RTVSPropertyOp18
 70
     1
102
RTVSPropertyOp19
 70
     1
102
RTVSPropertyOp20
 70
     1
102
RTVSPropertyOp21
 70
     1
102
RTVSPropertyOp22
 70
     1
102
RTVSPropertyOp23
 70
     1
102
RTVSPropertyOp24
 70
     1
102
RTVSPropertyOp25
 70
     1
102
RTVSPropertyOp26
 70
     1
102
RTVSPropertyOp27
 70
     1
102
RTVSPropertyOp28
 70
     1
102
RTVSPropertyOp29
 70
     1
102
RTVSPropertyOp30
 70
     1
102
RTVSPropertyOp31
 70
     1
102
RTVSPropertyOp32
 70
     1
102
RTVSPropertyOp33
 70
     1
102
RTVSPropertyOp34
 70
     1
102
RTVSPropertyOp35
 70
     1
102
RTVSPropertyOp36
 70
     1
102
RTVSPropertyOp37
 70
     1
102
RTVSPropertyOp38
 70
     1
102
RTVSPropertyOp39
 70
     1
102
RTVSPropertyOp40
 70
     1
102
RTVSPropertyOp41
 70
     1
102
RTVSPropertyOp42
 70
     1
102
RTVSPropertyOp43
 70
     1
102
RTVSPropertyOp44
 70
     1
102
RTVSPropertyOp45
 70
     1
102
RTVSPropertyOp46
 70
     1
102
RTVSPropertyOp47
 70
     1
102
RTVSPropertyOp48
 70
     1
102
RTVSPropertyOp49
 70
     1
102
RTVSPropertyOp50
 70
     1
102
RTVSPropertyOp51
 70
     0
102
RTVSPropertyOp52
 70
     0
102
RTVSPropertyOp53
 70
     1
102
RTVSPropertyOp54
 70
     1
102
RTVSPropertyOp55
 70
     1
102
RTVSPropertyOp56
 70
     1
102
RTVSPropertyOp57
 70
     1
102
RTVSPost2010Prop28
280
     0
102
RTVSPost2010PropOp28
 70
     1
102
RTVSPost2010Prop29
280
     1
102
RTVSPost2010PropOp29
 70
     1
102
RTVSPost2010Prop30
280
     1
102
RTVSPost2010PropOp30
 70
     1
102
RTVSPost2010Prop31
280
     0
102
RTVSPost2010PropOp31
 70
     1
102
RTVSPost2010Prop32
280
     0
102
RTVSPost2010PropOp32
 70
     1
102
RTVSPost2010Prop33
280
     0
102
RTVSPost2010PropOp33
 70
     1
102
RTVSPost2010Prop34
280
     0
102
RTVSPost2010PropOp34
 70
     1
102
RTVSPost2010Prop35
280
     0
102
RTVSPost2010PropOp35
 70
     1
102
RTVSPost2010Prop36
280
     0
102
RTVSPost2010PropOp36
 70
     1
102
RTVSPost2010Prop37
 90
       50
102
RTVSPost2010PropOp37
 70
     1
102
RTVSPost2010Prop38
140
0.0
102
RTVSPost2010PropOp38
 70
     1
102
RTVSPost2010Prop39
140
1.0
102
RTVSPost2010PropOp39
 70
     1
102
RTVSPost2010Prop40
 90
        0
102
RTVSPost2010PropOp40
 70
     1
102
RTVSPost2010Prop41ColorIndex
 90
       18
102
RTVSPost2010Prop41ColorRGB
 90
        0
102
RTVSPost2010PropOp41
 70
     1
102
RTVSPost2010Prop42
 90
       50
102
RTVSPost2010PropOp42
 70
     1
102
RTVSPost2010Prop43
 90
        3
102
RTVSPost2010PropOp43
 70
     1
102
RTVSPost2010Prop44ColorIndex
 90
        5
102
RTVSPost2010Prop44ColorRGB
 90
      255
102
RTVSPost2010PropOp44
 70
     1
102
RTVSPost2010Prop45
280
     0
102
RTVSPost2010PropOp45
 70
     1
102
RTVSPost2010Prop46
 90
       50
102
RTVSPost2010PropOp46
 70
     1
102
RTVSPost2010Prop47
 90
       50
102
RTVSPost2010PropOp47
 70
     1
102
RTVSPost2010Prop48
 90
       50
102
RTVSPost2010PropOp48
 70
     1
102
RTVSPost2010Prop49
280
     0
102
RTVSPost2010PropOp49
 70
     1
102
RTVSPost2010Prop50
 90
       50
102
RTVSPost2010PropOp50
 70
     1
102
RTVSPost2010Prop51ColorIndex
 90
      256
102
RTVSPost2010Prop51ColorRGB
 90
-16777216
102
RTVSPost2010PropOp51
 70
     0
102
RTVSPost2010Prop52
140
1.0
102
RTVSPost2010PropOp52
 70
     0
102
RTVSPost2010Prop53
 90
        2
102
RTVSPost2010PropOp53
 70
     1
102
RTVSPost2010Prop54
  1
strokes_ogs.tif
102
RTVSPost2010PropOp54
 70
     1
102
RTVSPost2010Prop55
280
     0
102
RTVSPost2010PropOp55
 70
     1
102
RTVSPost2010Prop56
140
1.0
102
RTVSPost2010PropOp56
 70
     1
102
RTVSPost2010Prop57
140
1.0
102
RTVSPost2010PropOp57
 70
     1
  0
XRECORD
  5
4D0
102
{ACAD_REACTORS
330
4CF
102
}
330
4CF
100
AcDbXrecord
280
     1
102
RTVSPropertyOp0
 70
     1
102
RTVSPropertyOp1
 70
     1
102
RTVSPropertyOp2
 70
     1
102
RTVSPropertyOp3
 70
     1
102
RTVSPropertyOp4
 70
     1
102
RTVSPropertyOp5
 70
     1
102
RTVSPropertyOp6
 70
     1
102
RTVSPropertyOp7
 70
     1
102
RTVSPropertyOp8
 70
     1
102
RTVSPropertyOp9
 70
     1
102
RTVSPropertyOp10
 70
     1
102
RTVSPropertyOp11
 70
     1
102
RTVSPropertyOp12
 70
     1
102
RTVSPropertyOp13
 70
     1
102
RTVSPropertyOp14
 70
     1
102
RTVSPropertyOp15
 70
     1
102
RTVSPropertyOp16
 70
     1
102
RTVSPropertyOp17
 70
     1
102
RTVSPropertyOp18
 70
     1
102
RTVSPropertyOp19
 70
     1
102
RTVSPropertyOp20
 70
     1
102
RTVSPropertyOp21
 70
     1
102
RTVSPropertyOp22
 70
     1
102
RTVSPropertyOp23
 70
     1
102
RTVSPropertyOp24
 70
     1
102
RTVSPropertyOp25
 70
     1
102
RTVSPropertyOp26
 70
     1
102
RTVSPropertyOp27
 70
     1
102
RTVSPropertyOp28
 70
     1
102
RTVSPropertyOp29
 70
     1
102
RTVSPropertyOp30
 70
     1
102
RTVSPropertyOp31
 70
     1
102
RTVSPropertyOp32
 70
     1
102
RTVSPropertyOp33
 70
     1
102
RTVSPropertyOp34
 70
     1
102
RTVSPropertyOp35
 70
     1
102
RTVSPropertyOp36
 70
     1
102
RTVSPropertyOp37
 70
     1
102
RTVSPropertyOp38
 70
     1
102
RTVSPropertyOp39
 70
     1
102
RTVSPropertyOp40
 70
     1
102
RTVSPropertyOp41
 70
     1
102
RTVSPropertyOp42
 70
     1
102
RTVSPropertyOp43
 70
     1
102
RTVSPropertyOp44
 70
     1
102
RTVSPropertyOp45
 70
     1
102
RTVSPropertyOp46
 70
     1
102
RTVSPropertyOp47
 70
     1
102
RTVSPropertyOp48
 70
     1
102
RTVSPropertyOp49
 70
     1
102
RTVSPropertyOp50
 70
     1
102
RTVSPropertyOp51
 70
     0
102
RTVSPropertyOp52
 70
     0
102
RTVSPropertyOp53
 70
     1
102
RTVSPropertyOp54
 70
     1
102
RTVSPropertyOp55
 70
     1
102
RTVSPropertyOp56
 70
     1
102
RTVSPropertyOp57
 70
     1
102
RTVSPost2010Prop28
280
     0
102
RTVSPost2010PropOp28
 70
     1
102
RTVSPost2010Prop29
280
     1
102
RTVSPost2010PropOp29
 70
     1
102
RTVSPost2010Prop30
280
     1
102
RTVSPost2010PropOp30
 70
     1
102
RTVSPost2010Prop31
280
     0
102
RTVSPost2010PropOp31
 70
     1
102
RTVSPost2010Prop32
280
     0
102
RTVSPost2010PropOp32
 70
     1
102
RTVSPost2010Prop33
280
     0
102
RTVSPost2010PropOp33
 70
     1
102
RTVSPost2010Prop34
280
     0
102
RTVSPost2010PropOp34
 70
     1
102
RTVSPost2010Prop35
280
     0
102
RTVSPost2010PropOp35
 70
     1
102
RTVSPost2010Prop36
280
     0
102
RTVSPost2010PropOp36
 70
     1
102
RTVSPost2010Prop37
 90
       50
102
RTVSPost2010PropOp37
 70
     1
102
RTVSPost2010Prop38
140
0.0
102
RTVSPost2010PropOp38
 70
     1
102
RTVSPost2010Prop39
140
1.0
102
RTVSPost2010PropOp39
 70
     1
102
RTVSPost2010Prop40
 90
        0
102
RTVSPost2010PropOp40
 70
     1
102
RTVSPost2010Prop41ColorIndex
 90
       18
102
RTVSPost2010Prop41ColorRGB
 90
        0
102
RTVSPost2010PropOp41
 70
     1
102
RTVSPost2010Prop42
 90
       50
102
RTVSPost2010PropOp42
 70
     1
102
RTVSPost2010Prop43
 90
        3
102
RTVSPost2010PropOp43
 70
     1
102
RTVSPost2010Prop44ColorIndex
 90
        5
102
RTVSPost2010Prop44ColorRGB
 90
      255
102
RTVSPost2010PropOp44
 70
     1
102
RTVSPost2010Prop45
280
     0
102
RTVSPost2010PropOp45
 70
     1
102
RTVSPost2010Prop46
 90
       50
102
RTVSPost2010PropOp46
 70
     1
102
RTVSPost2010Prop47
 90
       50
102
RTVSPost2010PropOp47
 70
     1
102
RTVSPost2010Prop48
 90
       50
102
RTVSPost2010PropOp48
 70
     1
102
RTVSPost2010Prop49
280
     0
102
RTVSPost2010PropOp49
 70
     1
102
RTVSPost2010Prop50
 90
       50
102
RTVSPost2010PropOp50
 70
     1
102
RTVSPost2010Prop51ColorIndex
 90
      256
102
RTVSPost2010Prop51ColorRGB
 90
-16777216
102
RTVSPost2010PropOp51
 70
     0
102
RTVSPost2010Prop52
140
1.0
102
RTVSPost2010PropOp52
 70
     0
102
RTVSPost2010Prop53
 90
        2
102
RTVSPost2010PropOp53
 70
     1
102
RTVSPost2010Prop54
  1
strokes_ogs.tif
102
RTVSPost2010PropOp54
 70
     1
102
RTVSPost2010Prop55
280
     0
102
RTVSPost2010PropOp55
 70
     1
102
RTVSPost2010Prop56
140
1.0
102
RTVSPost2010PropOp56
 70
     1
102
RTVSPost2010Prop57
140
1.0
102
RTVSPost2010PropOp57
 70
     1
  0
XRECORD
  5
4D2
102
{ACAD_REACTORS
330
4D1
102
}
330
4D1
100
AcDbXrecord
280
     1
102
RTVSPropertyOp0
 70
     1
102
RTVSPropertyOp1
 70
     1
102
RTVSPropertyOp2
 70
     1
102
RTVSPropertyOp3
 70
     1
102
RTVSPropertyOp4
 70
     1
102
RTVSPropertyOp5
 70
     1
102
RTVSPropertyOp6
 70
     1
102
RTVSPropertyOp7
 70
     1
102
RTVSPropertyOp8
 70
     1
102
RTVSPropertyOp9
 70
     1
102
RTVSPropertyOp10
 70
     1
102
RTVSPropertyOp11
 70
     1
102
RTVSPropertyOp12
 70
     1
102
RTVSPropertyOp13
 70
     1
102
RTVSPropertyOp14
 70
     1
102
RTVSPropertyOp15
 70
     1
102
RTVSPropertyOp16
 70
     1
102
RTVSPropertyOp17
 70
     1
102
RTVSPropertyOp18
 70
     1
102
RTVSPropertyOp19
 70
     1
102
RTVSPropertyOp20
 70
     1
102
RTVSPropertyOp21
 70
     1
102
RTVSPropertyOp22
 70
     1
102
RTVSPropertyOp23
 70
     1
102
RTVSPropertyOp24
 70
     1
102
RTVSPropertyOp25
 70
     1
102
RTVSPropertyOp26
 70
     1
102
RTVSPropertyOp27
 70
     1
102
RTVSPropertyOp28
 70
     1
102
RTVSPropertyOp29
 70
     1
102
RTVSPropertyOp30
 70
     1
102
RTVSPropertyOp31
 70
     1
102
RTVSPropertyOp32
 70
     1
102
RTVSPropertyOp33
 70
     1
102
RTVSPropertyOp34
 70
     1
102
RTVSPropertyOp35
 70
     1
102
RTVSPropertyOp36
 70
     1
102
RTVSPropertyOp37
 70
     1
102
RTVSPropertyOp38
 70
     1
102
RTVSPropertyOp39
 70
     1
102
RTVSPropertyOp40
 70
     1
102
RTVSPropertyOp41
 70
     1
102
RTVSPropertyOp42
 70
     1
102
RTVSPropertyOp43
 70
     1
102
RTVSPropertyOp44
 70
     1
102
RTVSPropertyOp45
 70
     1
102
RTVSPropertyOp46
 70
     1
102
RTVSPropertyOp47
 70
     1
102
RTVSPropertyOp48
 70
     1
102
RTVSPropertyOp49
 70
     1
102
RTVSPropertyOp50
 70
     1
102
RTVSPropertyOp51
 70
     0
102
RTVSPropertyOp52
 70
     0
102
RTVSPropertyOp53
 70
     1
102
RTVSPropertyOp54
 70
     1
102
RTVSPropertyOp55
 70
     1
102
RTVSPropertyOp56
 70
     1
102
RTVSPropertyOp57
 70
     1
102
RTVSPost2010Prop28
280
     0
102
RTVSPost2010PropOp28
 70
     1
102
RTVSPost2010Prop29
280
     1
102
RTVSPost2010PropOp29
 70
     1
102
RTVSPost2010Prop30
280
     1
102
RTVSPost2010PropOp30
 70
     1
102
RTVSPost2010Prop31
280
     0
102
RTVSPost2010PropOp31
 70
     1
102
RTVSPost2010Prop32
280
     0
102
RTVSPost2010PropOp32
 70
     1
102
RTVSPost2010Prop33
280
     0
102
RTVSPost2010PropOp33
 70
     1
102
RTVSPost2010Prop34
280
     0
102
RTVSPost2010PropOp34
 70
     1
102
RTVSPost2010Prop35
280
     0
102
RTVSPost2010PropOp35
 70
     1
102
RTVSPost2010Prop36
280
     0
102
RTVSPost2010PropOp36
 70
     1
102
RTVSPost2010Prop37
 90
       50
102
RTVSPost2010PropOp37
 70
     1
102
RTVSPost2010Prop38
140
0.0
102
RTVSPost2010PropOp38
 70
     1
102
RTVSPost2010Prop39
140
1.0
102
RTVSPost2010PropOp39
 70
     1
102
RTVSPost2010Prop40
 90
        0
102
RTVSPost2010PropOp40
 70
     1
102
RTVSPost2010Prop41ColorIndex
 90
       18
102
RTVSPost2010Prop41ColorRGB
 90
        0
102
RTVSPost2010PropOp41
 70
     1
102
RTVSPost2010Prop42
 90
       50
102
RTVSPost2010PropOp42
 70
     1
102
RTVSPost2010Prop43
 90
        3
102
RTVSPost2010PropOp43
 70
     1
102
RTVSPost2010Prop44ColorIndex
 90
        5
102
RTVSPost2010Prop44ColorRGB
 90
      255
102
RTVSPost2010PropOp44
 70
     1
102
RTVSPost2010Prop45
280
     0
102
RTVSPost2010PropOp45
 70
     1
102
RTVSPost2010Prop46
 90
       50
102
RTVSPost2010PropOp46
 70
     1
102
RTVSPost2010Prop47
 90
       50
102
RTVSPost2010PropOp47
 70
     1
102
RTVSPost2010Prop48
 90
       50
102
RTVSPost2010PropOp48
 70
     1
102
RTVSPost2010Prop49
280
     0
102
RTVSPost2010PropOp49
 70
     1
102
RTVSPost2010Prop50
 90
       50
102
RTVSPost2010PropOp50
 70
     1
102
RTVSPost2010Prop51ColorIndex
 90
      256
102
RTVSPost2010Prop51ColorRGB
 90
-16777216
102
RTVSPost2010PropOp51
 70
     0
102
RTVSPost2010Prop52
140
1.0
102
RTVSPost2010PropOp52
 70
     0
102
RTVSPost2010Prop53
 90
        2
102
RTVSPost2010PropOp53
 70
     1
102
RTVSPost2010Prop54
  1
strokes_ogs.tif
102
RTVSPost2010PropOp54
 70
     1
102
RTVSPost2010Prop55
280
     0
102
RTVSPost2010PropOp55
 70
     1
102
RTVSPost2010Prop56
140
1.0
102
RTVSPost2010PropOp56
 70
     1
102
RTVSPost2010Prop57
140
1.0
102
RTVSPost2010PropOp57
 70
     1
  0
XRECORD
  5
4C2
102
{ACAD_REACTORS
330
4C1
102
}
330
4C1
100
AcDbXrecord
280
     1
102
RTVSPropertyOp0
 70
     1
102
RTVSPropertyOp1
 70
     1
102
RTVSPropertyOp2
 70
     1
102
RTVSPropertyOp3
 70
     1
102
RTVSPropertyOp4
 70
     1
102
RTVSPropertyOp5
 70
     1
102
RTVSPropertyOp6
 70
     1
102
RTVSPropertyOp7
 70
     1
102
RTVSPropertyOp8
 70
     1
102
RTVSPropertyOp9
 70
     1
102
RTVSPropertyOp10
 70
     1
102
RTVSPropertyOp11
 70
     1
102
RTVSPropertyOp12
 70
     1
102
RTVSPropertyOp13
 70
     1
102
RTVSPropertyOp14
 70
     1
102
RTVSPropertyOp15
 70
     1
102
RTVSPropertyOp16
 70
     1
102
RTVSPropertyOp17
 70
     1
102
RTVSPropertyOp18
 70
     1
102
RTVSPropertyOp19
 70
     1
102
RTVSPropertyOp20
 70
     1
102
RTVSPropertyOp21
 70
     1
102
RTVSPropertyOp22
 70
     1
102
RTVSPropertyOp23
 70
     1
102
RTVSPropertyOp24
 70
     1
102
RTVSPropertyOp25
 70
     1
102
RTVSPropertyOp26
 70
     1
102
RTVSPropertyOp27
 70
     1
102
RTVSPropertyOp28
 70
     1
102
RTVSPropertyOp29
 70
     1
102
RTVSPropertyOp30
 70
     1
102
RTVSPropertyOp31
 70
     1
102
RTVSPropertyOp32
 70
     1
102
RTVSPropertyOp33
 70
     1
102
RTVSPropertyOp34
 70
     1
102
RTVSPropertyOp35
 70
     1
102
RTVSPropertyOp36
 70
     1
102
RTVSPropertyOp37
 70
     1
102
RTVSPropertyOp38
 70
     1
102
RTVSPropertyOp39
 70
     1
102
RTVSPropertyOp40
 70
     1
102
RTVSPropertyOp41
 70
     1
102
RTVSPropertyOp42
 70
     1
102
RTVSPropertyOp43
 70
     1
102
RTVSPropertyOp44
 70
     1
102
RTVSPropertyOp45
 70
     1
102
RTVSPropertyOp46
 70
     1
102
RTVSPropertyOp47
 70
     1
102
RTVSPropertyOp48
 70
     1
102
RTVSPropertyOp49
 70
     1
102
RTVSPropertyOp50
 70
     1
102
RTVSPropertyOp51
 70
     0
102
RTVSPropertyOp52
 70
     0
102
RTVSPropertyOp53
 70
     1
102
RTVSPropertyOp54
 70
     1
102
RTVSPropertyOp55
 70
     1
102
RTVSPropertyOp56
 70
     1
102
RTVSPropertyOp57
 70
     1
102
RTVSPost2010Prop28
280
     0
102
RTVSPost2010PropOp28
 70
     1
102
RTVSPost2010Prop29
280
     1
102
RTVSPost2010PropOp29
 70
     1
102
RTVSPost2010Prop30
280
     1
102
RTVSPost2010PropOp30
 70
     1
102
RTVSPost2010Prop31
280
     0
102
RTVSPost2010PropOp31
 70
     1
102
RTVSPost2010Prop32
280
     0
102
RTVSPost2010PropOp32
 70
     1
102
RTVSPost2010Prop33
280
     0
102
RTVSPost2010PropOp33
 70
     1
102
RTVSPost2010Prop34
280
     0
102
RTVSPost2010PropOp34
 70
     1
102
RTVSPost2010Prop35
280
     0
102
RTVSPost2010PropOp35
 70
     1
102
RTVSPost2010Prop36
280
     0
102
RTVSPost2010PropOp36
 70
     1
102
RTVSPost2010Prop37
 90
       50
102
RTVSPost2010PropOp37
 70
     1
102
RTVSPost2010Prop38
140
0.0
102
RTVSPost2010PropOp38
 70
     1
102
RTVSPost2010Prop39
140
1.0
102
RTVSPost2010PropOp39
 70
     1
102
RTVSPost2010Prop40
 90
        0
102
RTVSPost2010PropOp40
 70
     1
102
RTVSPost2010Prop41ColorIndex
 90
       18
102
RTVSPost2010Prop41ColorRGB
 90
        0
102
RTVSPost2010PropOp41
 70
     1
102
RTVSPost2010Prop42
 90
       50
102
RTVSPost2010PropOp42
 70
     1
102
RTVSPost2010Prop43
 90
        3
102
RTVSPost2010PropOp43
 70
     1
102
RTVSPost2010Prop44ColorIndex
 90
        5
102
RTVSPost2010Prop44ColorRGB
 90
      255
102
RTVSPost2010PropOp44
 70
     1
102
RTVSPost2010Prop45
280
     0
102
RTVSPost2010PropOp45
 70
     1
102
RTVSPost2010Prop46
 90
       50
102
RTVSPost2010PropOp46
 70
     1
102
RTVSPost2010Prop47
 90
       50
102
RTVSPost2010PropOp47
 70
     1
102
RTVSPost2010Prop48
 90
       50
102
RTVSPost2010PropOp48
 70
     1
102
RTVSPost2010Prop49
280
     0
102
RTVSPost2010PropOp49
 70
     1
102
RTVSPost2010Prop50
 90
       50
102
RTVSPost2010PropOp50
 70
     1
102
RTVSPost2010Prop51ColorIndex
 90
      256
102
RTVSPost2010Prop51ColorRGB
 90
-16777216
102
RTVSPost2010PropOp51
 70
     0
102
RTVSPost2010Prop52
140
1.0
102
RTVSPost2010PropOp52
 70
     0
102
RTVSPost2010Prop53
 90
        2
102
RTVSPost2010PropOp53
 70
     1
102
RTVSPost2010Prop54
  1
strokes_ogs.tif
102
RTVSPost2010PropOp54
 70
     1
102
RTVSPost2010Prop55
280
     0
102
RTVSPost2010PropOp55
 70
     1
102
RTVSPost2010Prop56
140
1.0
102
RTVSPost2010PropOp56
 70
     1
102
RTVSPost2010Prop57
140
1.0
102
RTVSPost2010PropOp57
 70
     1
  0
XRECORD
  5
4B4
102
{ACAD_REACTORS
330
4B3
102
}
330
4B3
100
AcDbXrecord
280
     1
102
RTVSPropertyOp0
 70
     1
102
RTVSPropertyOp1
 70
     1
102
RTVSPropertyOp2
 70
     1
102
RTVSPropertyOp3
 70
     1
102
RTVSPropertyOp4
 70
     1
102
RTVSPropertyOp5
 70
     1
102
RTVSPropertyOp6
 70
     1
102
RTVSPropertyOp7
 70
     1
102
RTVSPropertyOp8
 70
     1
102
RTVSPropertyOp9
 70
     1
102
RTVSPropertyOp10
 70
     1
102
RTVSPropertyOp11
 70
     1
102
RTVSPropertyOp12
 70
     1
102
RTVSPropertyOp13
 70
     1
102
RTVSPropertyOp14
 70
     1
102
RTVSPropertyOp15
 70
     1
102
RTVSPropertyOp16
 70
     1
102
RTVSPropertyOp17
 70
     1
102
RTVSPropertyOp18
 70
     1
102
RTVSPropertyOp19
 70
     1
102
RTVSPropertyOp20
 70
     1
102
RTVSPropertyOp21
 70
     1
102
RTVSPropertyOp22
 70
     1
102
RTVSPropertyOp23
 70
     1
102
RTVSPropertyOp24
 70
     1
102
RTVSPropertyOp25
 70
     1
102
RTVSPropertyOp26
 70
     1
102
RTVSPropertyOp27
 70
     1
102
RTVSPropertyOp28
 70
     1
102
RTVSPropertyOp29
 70
     1
102
RTVSPropertyOp30
 70
     1
102
RTVSPropertyOp31
 70
     1
102
RTVSPropertyOp32
 70
     1
102
RTVSPropertyOp33
 70
     1
102
RTVSPropertyOp34
 70
     1
102
RTVSPropertyOp35
 70
     1
102
RTVSPropertyOp36
 70
     1
102
RTVSPropertyOp37
 70
     1
102
RTVSPropertyOp38
 70
     1
102
RTVSPropertyOp39
 70
     1
102
RTVSPropertyOp40
 70
     1
102
RTVSPropertyOp41
 70
     1
102
RTVSPropertyOp42
 70
     1
102
RTVSPropertyOp43
 70
     1
102
RTVSPropertyOp44
 70
     1
102
RTVSPropertyOp45
 70
     1
102
RTVSPropertyOp46
 70
     1
102
RTVSPropertyOp47
 70
     1
102
RTVSPropertyOp48
 70
     1
102
RTVSPropertyOp49
 70
     1
102
RTVSPropertyOp50
 70
     1
102
RTVSPropertyOp51
 70
     0
102
RTVSPropertyOp52
 70
     0
102
RTVSPropertyOp53
 70
     1
102
RTVSPropertyOp54
 70
     1
102
RTVSPropertyOp55
 70
     1
102
RTVSPropertyOp56
 70
     1
102
RTVSPropertyOp57
 70
     1
102
RTVSPost2010Prop28
280
     0
102
RTVSPost2010PropOp28
 70
     1
102
RTVSPost2010Prop29
280
     1
102
RTVSPost2010PropOp29
 70
     1
102
RTVSPost2010Prop30
280
     1
102
RTVSPost2010PropOp30
 70
     1
102
RTVSPost2010Prop31
280
     0
102
RTVSPost2010PropOp31
 70
     1
102
RTVSPost2010Prop32
280
     0
102
RTVSPost2010PropOp32
 70
     1
102
RTVSPost2010Prop33
280
     0
102
RTVSPost2010PropOp33
 70
     1
102
RTVSPost2010Prop34
280
     0
102
RTVSPost2010PropOp34
 70
     1
102
RTVSPost2010Prop35
280
     0
102
RTVSPost2010PropOp35
 70
     1
102
RTVSPost2010Prop36
280
     0
102
RTVSPost2010PropOp36
 70
     1
102
RTVSPost2010Prop37
 90
       50
102
RTVSPost2010PropOp37
 70
     1
102
RTVSPost2010Prop38
140
0.0
102
RTVSPost2010PropOp38
 70
     1
102
RTVSPost2010Prop39
140
1.0
102
RTVSPost2010PropOp39
 70
     1
102
RTVSPost2010Prop40
 90
        0
102
RTVSPost2010PropOp40
 70
     1
102
RTVSPost2010Prop41ColorIndex
 90
       18
102
RTVSPost2010Prop41ColorRGB
 90
        0
102
RTVSPost2010PropOp41
 70
     1
102
RTVSPost2010Prop42
 90
       50
102
RTVSPost2010PropOp42
 70
     1
102
RTVSPost2010Prop43
 90
        3
102
RTVSPost2010PropOp43
 70
     1
102
RTVSPost2010Prop44ColorIndex
 90
        5
102
RTVSPost2010Prop44ColorRGB
 90
      255
102
RTVSPost2010PropOp44
 70
     1
102
RTVSPost2010Prop45
280
     0
102
RTVSPost2010PropOp45
 70
     1
102
RTVSPost2010Prop46
 90
       50
102
RTVSPost2010PropOp46
 70
     1
102
RTVSPost2010Prop47
 90
       50
102
RTVSPost2010PropOp47
 70
     1
102
RTVSPost2010Prop48
 90
       50
102
RTVSPost2010PropOp48
 70
     1
102
RTVSPost2010Prop49
280
     0
102
RTVSPost2010PropOp49
 70
     1
102
RTVSPost2010Prop50
 90
       50
102
RTVSPost2010PropOp50
 70
     1
102
RTVSPost2010Prop51ColorIndex
 90
      256
102
RTVSPost2010Prop51ColorRGB
 90
-16777216
102
RTVSPost2010PropOp51
 70
     0
102
RTVSPost2010Prop52
140
1.0
102
RTVSPost2010PropOp52
 70
     0
102
RTVSPost2010Prop53
 90
        2
102
RTVSPost2010PropOp53
 70
     1
102
RTVSPost2010Prop54
  1
strokes_ogs.tif
102
RTVSPost2010PropOp54
 70
     1
102
RTVSPost2010Prop55
280
     0
102
RTVSPost2010PropOp55
 70
     1
102
RTVSPost2010Prop56
140
1.0
102
RTVSPost2010PropOp56
 70
     1
102
RTVSPost2010Prop57
140
1.0
102
RTVSPost2010PropOp57
 70
     1
  0
XRECORD
  5
4D4
102
{ACAD_REACTORS
330
4D3
102
}
330
4D3
100
AcDbXrecord
280
     1
102
RTVSPropertyOp0
 70
     1
102
RTVSPropertyOp1
 70
     1
102
RTVSPropertyOp2
 70
     1
102
RTVSPropertyOp3
 70
     1
102
RTVSPropertyOp4
 70
     1
102
RTVSPropertyOp5
 70
     1
102
RTVSPropertyOp6
 70
     1
102
RTVSPropertyOp7
 70
     1
102
RTVSPropertyOp8
 70
     1
102
RTVSPropertyOp9
 70
     1
102
RTVSPropertyOp10
 70
     1
102
RTVSPropertyOp11
 70
     1
102
RTVSPropertyOp12
 70
     1
102
RTVSPropertyOp13
 70
     1
102
RTVSPropertyOp14
 70
     1
102
RTVSPropertyOp15
 70
     1
102
RTVSPropertyOp16
 70
     1
102
RTVSPropertyOp17
 70
     1
102
RTVSPropertyOp18
 70
     1
102
RTVSPropertyOp19
 70
     1
102
RTVSPropertyOp20
 70
     1
102
RTVSPropertyOp21
 70
     1
102
RTVSPropertyOp22
 70
     1
102
RTVSPropertyOp23
 70
     1
102
RTVSPropertyOp24
 70
     1
102
RTVSPropertyOp25
 70
     1
102
RTVSPropertyOp26
 70
     1
102
RTVSPropertyOp27
 70
     1
102
RTVSPropertyOp28
 70
     1
102
RTVSPropertyOp29
 70
     1
102
RTVSPropertyOp30
 70
     1
102
RTVSPropertyOp31
 70
     1
102
RTVSPropertyOp32
 70
     1
102
RTVSPropertyOp33
 70
     1
102
RTVSPropertyOp34
 70
     1
102
RTVSPropertyOp35
 70
     1
102
RTVSPropertyOp36
 70
     1
102
RTVSPropertyOp37
 70
     1
102
RTVSPropertyOp38
 70
     1
102
RTVSPropertyOp39
 70
     1
102
RTVSPropertyOp40
 70
     1
102
RTVSPropertyOp41
 70
     1
102
RTVSPropertyOp42
 70
     1
102
RTVSPropertyOp43
 70
     1
102
RTVSPropertyOp44
 70
     1
102
RTVSPropertyOp45
 70
     1
102
RTVSPropertyOp46
 70
     1
102
RTVSPropertyOp47
 70
     1
102
RTVSPropertyOp48
 70
     1
102
RTVSPropertyOp49
 70
     1
102
RTVSPropertyOp50
 70
     1
102
RTVSPropertyOp51
 70
     0
102
RTVSPropertyOp52
 70
     0
102
RTVSPropertyOp53
 70
     1
102
RTVSPropertyOp54
 70
     1
102
RTVSPropertyOp55
 70
     1
102
RTVSPropertyOp56
 70
     1
102
RTVSPropertyOp57
 70
     1
102
RTVSPost2010Prop28
280
     0
102
RTVSPost2010PropOp28
 70
     1
102
RTVSPost2010Prop29
280
     1
102
RTVSPost2010PropOp29
 70
     1
102
RTVSPost2010Prop30
280
     1
102
RTVSPost2010PropOp30
 70
     1
102
RTVSPost2010Prop31
280
     0
102
RTVSPost2010PropOp31
 70
     1
102
RTVSPost2010Prop32
280
     0
102
RTVSPost2010PropOp32
 70
     1
102
RTVSPost2010Prop33
280
     0
102
RTVSPost2010PropOp33
 70
     1
102
RTVSPost2010Prop34
280
     0
102
RTVSPost2010PropOp34
 70
     1
102
RTVSPost2010Prop35
280
     0
102
RTVSPost2010PropOp35
 70
     1
102
RTVSPost2010Prop36
280
     0
102
RTVSPost2010PropOp36
 70
     1
102
RTVSPost2010Prop37
 90
       50
102
RTVSPost2010PropOp37
 70
     1
102
RTVSPost2010Prop38
140
0.0
102
RTVSPost2010PropOp38
 70
     1
102
RTVSPost2010Prop39
140
1.0
102
RTVSPost2010PropOp39
 70
     1
102
RTVSPost2010Prop40
 90
        0
102
RTVSPost2010PropOp40
 70
     1
102
RTVSPost2010Prop41ColorIndex
 90
       18
102
RTVSPost2010Prop41ColorRGB
 90
        0
102
RTVSPost2010PropOp41
 70
     1
102
RTVSPost2010Prop42
 90
       50
102
RTVSPost2010PropOp42
 70
     1
102
RTVSPost2010Prop43
 90
        3
102
RTVSPost2010PropOp43
 70
     1
102
RTVSPost2010Prop44ColorIndex
 90
        5
102
RTVSPost2010Prop44ColorRGB
 90
      255
102
RTVSPost2010PropOp44
 70
     1
102
RTVSPost2010Prop45
280
     0
102
RTVSPost2010PropOp45
 70
     1
102
RTVSPost2010Prop46
 90
       50
102
RTVSPost2010PropOp46
 70
     1
102
RTVSPost2010Prop47
 90
       50
102
RTVSPost2010PropOp47
 70
     1
102
RTVSPost2010Prop48
 90
       50
102
RTVSPost2010PropOp48
 70
     1
102
RTVSPost2010Prop49
280
     0
102
RTVSPost2010PropOp49
 70
     1
102
RTVSPost2010Prop50
 90
       50
102
RTVSPost2010PropOp50
 70
     1
102
RTVSPost2010Prop51ColorIndex
 90
      256
102
RTVSPost2010Prop51ColorRGB
 90
-16777216
102
RTVSPost2010PropOp51
 70
     0
102
RTVSPost2010Prop52
140
1.0
102
RTVSPost2010PropOp52
 70
     0
102
RTVSPost2010Prop53
 90
        2
102
RTVSPost2010PropOp53
 70
     1
102
RTVSPost2010Prop54
  1
strokes_ogs.tif
102
RTVSPost2010PropOp54
 70
     1
102
RTVSPost2010Prop55
280
     0
102
RTVSPost2010PropOp55
 70
     1
102
RTVSPost2010Prop56
140
1.0
102
RTVSPost2010PropOp56
 70
     1
102
RTVSPost2010Prop57
140
1.0
102
RTVSPost2010PropOp57
 70
     1
  0
ENDSEC
  0
EOF
